date,bdry_open,bdry_high,bdry_low,bdry_close,bdry_volume,bdry_daily_range,bdry_lag1,bdry_lag7,bdry_lag30,bdry_roll7_mean,bdry_roll30_mean,COL.HRD.IMP.COK.DOC,COL.HRD.IMP.STM.DOC,COL.HRD.IMP.TOT.DOC,COL.HRD.IMP.CIS,COL.HRD.PRD.GrandTotal.MCL,IDY.PRD.OEA.COL,IDY.PRD.OEA.STL,CEM.PRD,ELY.DEM.POS.TOT.India
2019-08-01,15.98900032043457,15.98900032043457,15.9350004196167,15.9350004196167,2300,0.054,16.1200008392334,17.065000534057617,12.44499969482422,16.3543,15.4092,4.44557,10.02347,17.74119,17.741182,42.72,43.576,9460.0,24417.0,112976.0
2019-08-02,15.46399974822998,15.574999809265137,15.46399974822998,15.574999809265137,1000,0.111,15.9350004196167,16.350000381469727,12.404999732971191,16.2436,15.5149,4.44557,10.02347,17.74119,17.741182,42.72,43.576,9460.0,24417.0,112976.0
2019-08-05,14.84000015258789,14.859999656677246,14.619999885559082,14.68000030517578,17900,0.24,15.574999809265137,16.899999618530273,12.6899995803833,15.9264,15.5812,4.44557,10.02347,17.74119,17.741182,42.72,43.576,9460.0,24417.0,112976.0
2019-08-06,15.020000457763672,15.869999885559082,15.020000457763672,15.75,8200,0.85,14.68000030517578,16.594999313354492,12.960000038146973,15.8057,15.6742,4.44557,10.02347,17.74119,17.741182,42.72,43.576,9460.0,24417.0,112976.0
2019-08-07,15.52400016784668,15.579999923706056,15.52400016784668,15.579999923706056,600,0.056,15.75,16.389999389648438,13.005000114440918,15.69,15.76,4.44557,10.02347,17.74119,17.741182,42.72,43.576,9460.0,24417.0,112976.0
2019-08-08,15.989999771118164,16.145000457763672,15.979999542236328,16.145000457763672,800,0.165,15.579999923706056,16.190000534057617,12.994999885559082,15.6836,15.865,4.44557,10.02347,17.74119,17.741182,42.72,43.576,9460.0,24417.0,112976.0
2019-08-09,16.93600082397461,17.09000015258789,16.780000686645508,17.079999923706055,1400,0.31,16.145000457763672,16.1200008392334,12.93000030517578,15.8207,16.0034,4.44557,10.02347,17.74119,17.741182,42.72,43.576,9460.0,24417.0,112976.0
2019-08-12,17.09000015258789,17.100000381469727,17.06999969482422,17.070999145507812,2000,0.03,17.079999923706055,15.9350004196167,13.149999618530272,15.983,16.1341,4.44557,10.02347,17.74119,17.741182,42.72,43.576,9460.0,24417.0,112976.0
2019-08-13,18.054000854492188,18.054000854492188,17.893999099731445,17.920000076293945,30400,0.16,17.070999145507812,15.574999809265137,13.420000076293944,16.318,16.2841,4.44557,10.02347,17.74119,17.741182,42.72,43.576,9460.0,24417.0,112976.0
2019-08-14,18.31999969482422,18.530000686645508,18.19300079345703,18.39900016784668,5500,0.337,17.920000076293945,14.68000030517578,14.302000045776367,16.8493,16.4206,4.44557,10.02347,17.74119,17.741182,42.72,43.576,9460.0,24417.0,112976.0
2019-08-15,18.56999969482422,18.56999969482422,18.11000061035156,18.32099914550781,18300,0.46,18.39900016784668,15.75,15.020000457763672,17.2166,16.5307,4.44557,10.02347,17.74119,17.741182,42.72,43.576,9460.0,24417.0,112976.0
2019-08-16,18.304000854492188,18.33099937438965,18.184999465942383,18.184999465942383,3000,0.146,18.32099914550781,15.579999923706056,14.899999618530272,17.5887,16.6402,4.44557,10.02347,17.74119,17.741182,42.72,43.576,9460.0,24417.0,112976.0
2019-08-19,17.604000091552734,17.788000106811523,17.59000015258789,17.75,3800,0.198,18.184999465942383,16.145000457763672,15.065999984741213,17.818,16.7296,4.44557,10.02347,17.74119,17.741182,42.72,43.576,9460.0,24417.0,112976.0
2019-08-20,17.885000228881836,18.09499931335449,17.885000228881836,18.09499931335449,1900,0.21,17.75,17.079999923706055,15.774999618530272,17.963,16.807,4.44557,10.02347,17.74119,17.741182,42.72,43.576,9460.0,24417.0,112976.0
2019-08-21,18.500999450683597,18.95499992370605,18.500999450683597,18.924999237060547,6300,0.454,18.09499931335449,17.070999145507812,15.779999732971191,18.2279,16.9118,4.44557,10.02347,17.74119,17.741182,42.72,43.576,9460.0,24417.0,112976.0
2019-08-22,19.6299991607666,19.63999938964844,19.433000564575195,19.459999084472656,2900,0.207,18.924999237060547,17.920000076293945,16.30500030517578,18.4479,17.017,4.44557,10.02347,17.74119,17.741182,42.72,43.576,9460.0,24417.0,112976.0
2019-08-23,19.388999938964844,19.709999084472656,19.327999114990234,19.5310001373291,5100,0.382,19.459999084472656,18.39900016784668,16.604999542236328,18.6096,17.1145,4.44557,10.02347,17.74119,17.741182,42.72,43.576,9460.0,24417.0,112976.0
2019-08-26,19.60700035095215,19.6299991607666,19.51499938964844,19.549999237060547,4000,0.115,19.5310001373291,18.32099914550781,17.125,18.7851,17.1953,4.44557,10.02347,17.74119,17.741182,42.72,43.576,9460.0,24417.0,112976.0
2019-08-27,20.239999771118164,20.6299991607666,20.239999771118164,20.440000534057617,6400,0.39,19.549999237060547,18.184999465942383,16.575000762939453,19.1073,17.3242,4.44557,10.02347,17.74119,17.741182,42.72,43.576,9460.0,24417.0,112976.0
2019-08-28,20.43000030517578,20.51000022888184,20.40999984741211,20.40999984741211,3600,0.1,20.440000534057617,17.75,16.975000381469727,19.4873,17.4387,4.44557,10.02347,17.74119,17.741182,42.72,43.576,9460.0,24417.0,112976.0
2019-08-29,20.336000442504883,20.56800079345703,20.190000534057617,20.405000686645508,3800,0.378,20.40999984741211,18.09499931335449,17.19499969482422,19.8173,17.5457,4.44557,10.02347,17.74119,17.741182,42.72,43.576,9460.0,24417.0,112976.0
2019-08-30,21.290000915527344,21.36000061035156,21.06999969482422,21.13500022888184,5700,0.29,20.405000686645508,18.924999237060547,17.565000534057617,20.133,17.6647,4.44557,10.02347,17.74119,17.741182,42.72,43.576,9460.0,24417.0,112976.0
2019-09-03,22.11000061035156,22.11000061035156,21.40399932861328,21.59000015258789,33600,0.706,21.13500022888184,19.459999084472656,17.988000869750977,20.4373,17.7847,3.78149,11.81465,17.70699,17.706983,39.48,40.12,8905.0,25108.0,108532.0
2019-09-04,21.209999084472656,21.40999984741211,20.899999618530277,21.066999435424805,11900,0.51,21.59000015258789,19.5310001373291,17.065000534057617,20.6567,17.9181,3.78149,11.81465,17.70699,17.706983,39.48,40.12,8905.0,25108.0,108532.0
2019-09-05,20.850000381469727,20.850000381469727,20.459999084472656,20.59000015258789,19400,0.39,21.066999435424805,19.549999237060547,16.350000381469727,20.8053,18.0595,3.78149,11.81465,17.70699,17.706983,39.48,40.12,8905.0,25108.0,108532.0
2019-09-06,20.530000686645508,20.589000701904297,20.11000061035156,20.450000762939453,31000,0.479,20.59000015258789,20.440000534057617,16.899999618530273,20.8067,18.1778,3.78149,11.81465,17.70699,17.706983,39.48,40.12,8905.0,25108.0,108532.0
2019-09-09,20.38999938964844,20.38999938964844,20.190000534057617,20.190000534057617,2100,0.2,20.450000762939453,20.40999984741211,16.594999313354492,20.7753,18.2976,3.78149,11.81465,17.70699,17.706983,39.48,40.12,8905.0,25108.0,108532.0
2019-09-10,20.459999084472656,20.46999931335449,20.200000762939453,20.33799934387207,2200,0.27,20.190000534057617,20.405000686645508,16.389999389648438,20.7657,18.4292,3.78149,11.81465,17.70699,17.706983,39.48,40.12,8905.0,25108.0,108532.0
2019-09-11,20.506999969482425,20.81100082397461,20.447999954223636,20.80500030517578,2400,0.363,20.33799934387207,21.13500022888184,16.190000534057617,20.7186,18.5831,3.78149,11.81465,17.70699,17.706983,39.48,40.12,8905.0,25108.0,108532.0
2019-09-12,20.8700008392334,21.22900009155273,20.86000061035156,21.19499969482422,16900,0.369,20.80500030517578,21.59000015258789,16.1200008392334,20.6621,18.7522,3.78149,11.81465,17.70699,17.706983,39.48,40.12,8905.0,25108.0,108532.0
2019-09-13,21.25,21.299999237060547,21.114999771118164,21.114999771118164,900,0.185,21.19499969482422,21.066999435424805,15.9350004196167,20.669,18.9249,3.78149,11.81465,17.70699,17.706983,39.48,40.12,8905.0,25108.0,108532.0
2019-09-16,21.149999618530277,21.298999786376957,20.920000076293945,21.270000457763672,10100,0.379,21.114999771118164,20.59000015258789,15.574999809265137,20.7661,19.1147,3.78149,11.81465,17.70699,17.706983,39.48,40.12,8905.0,25108.0,108532.0
2019-09-17,20.940000534057617,20.940000534057617,20.309999465942383,20.40999984741211,10400,0.63,21.270000457763672,20.450000762939453,14.68000030517578,20.7604,19.3057,3.78149,11.81465,17.70699,17.706983,39.48,40.12,8905.0,25108.0,108532.0
2019-09-18,19.76000022888184,19.90900039672852,19.649999618530277,19.649999618530277,8600,0.259,20.40999984741211,20.190000534057617,15.75,20.6833,19.4357,3.78149,11.81465,17.70699,17.706983,39.48,40.12,8905.0,25108.0,108532.0
2019-09-19,19.40999984741211,19.51499938964844,19.18000030517578,19.51499938964844,3700,0.335,19.649999618530277,20.33799934387207,15.579999923706056,20.5657,19.5669,3.78149,11.81465,17.70699,17.706983,39.48,40.12,8905.0,25108.0,108532.0
2019-09-20,20.100000381469727,20.100000381469727,19.96299934387207,20.01000022888184,6300,0.137,19.51499938964844,20.80500030517578,16.145000457763672,20.4521,19.6957,3.78149,11.81465,17.70699,17.706983,39.48,40.12,8905.0,25108.0,108532.0
2019-09-23,20.700000762939453,20.989999771118164,20.5,20.86000061035156,6200,0.49,20.01000022888184,21.19499969482422,17.079999923706055,20.4043,19.8217,3.78149,11.81465,17.70699,17.706983,39.48,40.12,8905.0,25108.0,108532.0
2019-09-24,21.270000457763672,21.270000457763672,20.5,20.57099914550781,4300,0.77,20.86000061035156,21.114999771118164,17.070999145507812,20.3266,19.9384,3.78149,11.81465,17.70699,17.706983,39.48,40.12,8905.0,25108.0,108532.0
2019-09-25,20.170000076293945,20.170000076293945,19.520000457763672,19.520000457763672,2400,0.65,20.57099914550781,21.270000457763672,17.920000076293945,20.0766,19.9917,3.78149,11.81465,17.70699,17.706983,39.48,40.12,8905.0,25108.0,108532.0
2019-09-26,19.15999984741211,19.15999984741211,18.667999267578125,18.71500015258789,9200,0.492,19.520000457763672,20.40999984741211,18.39900016784668,19.8344,20.0023,3.78149,11.81465,17.70699,17.706983,39.48,40.12,8905.0,25108.0,108532.0
2019-09-27,18.88999938964844,18.924999237060547,18.80599975585937,18.924999237060547,3500,0.119,18.71500015258789,19.649999618530277,18.32099914550781,19.7309,20.0224,3.78149,11.81465,17.70699,17.706983,39.48,40.12,8905.0,25108.0,108532.0
2019-09-30,19.61000061035156,19.76000022888184,19.600000381469727,19.709999084472656,5400,0.16,18.924999237060547,19.51499938964844,18.184999465942383,19.7587,20.0732,3.78149,11.81465,17.70699,17.706983,39.48,40.12,8905.0,25108.0,108532.0
2019-10-01,19.82999992370605,19.875,19.82999992370605,19.875,300,0.045,19.709999084472656,20.01000022888184,17.75,19.7394,20.1441,3.53423,12.79197,19.42549,19.425489,49.81,50.352,9429.0,26195.0,98974.0
2019-10-02,20.13999938964844,20.190000534057617,20.11599922180176,20.11599922180176,1300,0.074,19.875,20.86000061035156,18.09499931335449,19.6331,20.2114,3.53423,12.79197,19.42549,19.425489,49.81,50.352,9429.0,26195.0,98974.0
2019-10-03,19.378999710083008,19.41900062561035,19.364999771118164,19.374000549316406,2300,0.054,20.11599922180176,20.57099914550781,18.924999237060547,19.4621,20.2264,3.53423,12.79197,19.42549,19.425489,49.81,50.352,9429.0,26195.0,98974.0
2019-10-04,20.441999435424805,20.441999435424805,20.246999740600582,20.405000686645508,1400,0.195,19.374000549316406,19.520000457763672,19.459999084472656,19.5886,20.2579,3.53423,12.79197,19.42549,19.425489,49.81,50.352,9429.0,26195.0,98974.0
2019-10-07,20.55299949645996,20.71999931335449,20.45800018310547,20.63999938964844,8200,0.262,20.405000686645508,18.71500015258789,19.5310001373291,19.8636,20.2949,3.53423,12.79197,19.42549,19.425489,49.81,50.352,9429.0,26195.0,98974.0
2019-10-08,21.25,21.53499984741211,21.239999771118164,21.489999771118164,2500,0.295,20.63999938964844,18.924999237060547,19.549999237060547,20.23,20.3595,3.53423,12.79197,19.42549,19.425489,49.81,50.352,9429.0,26195.0,98974.0
2019-10-09,22.0,22.18600082397461,21.71999931335449,21.91200065612793,9200,0.466,21.489999771118164,19.709999084472656,20.440000534057617,20.5446,20.4086,3.53423,12.79197,19.42549,19.425489,49.81,50.352,9429.0,26195.0,98974.0
2019-10-10,21.788000106811523,21.799999237060547,21.4950008392334,21.4950008392334,1100,0.305,21.91200065612793,19.875,20.40999984741211,20.776,20.4448,3.53423,12.79197,19.42549,19.425489,49.81,50.352,9429.0,26195.0,98974.0
2019-10-11,21.332000732421875,21.332000732421875,20.700000762939453,21.19499969482422,2400,0.632,21.4950008392334,20.11599922180176,20.405000686645508,20.9301,20.4711,3.53423,12.79197,19.42549,19.425489,49.81,50.352,9429.0,26195.0,98974.0
2019-10-14,20.88999938964844,20.93000030517578,20.6299991607666,20.90999984741211,3000,0.3,21.19499969482422,19.374000549316406,21.13500022888184,21.1496,20.4636,3.53423,12.79197,19.42549,19.425489,49.81,50.352,9429.0,26195.0,98974.0
2019-10-15,20.56100082397461,20.989999771118164,20.56100082397461,20.88500022888184,4700,0.429,20.90999984741211,20.405000686645508,21.59000015258789,21.2181,20.4401,3.53423,12.79197,19.42549,19.425489,49.81,50.352,9429.0,26195.0,98974.0
2019-10-16,20.530000686645508,20.530000686645508,20.075000762939453,20.075000762939453,3300,0.455,20.88500022888184,20.63999938964844,21.066999435424805,21.1374,20.407,3.53423,12.79197,19.42549,19.425489,49.81,50.352,9429.0,26195.0,98974.0
2019-10-17,20.125,20.200000762939453,20.049999237060547,20.200000762939453,1200,0.15,20.075000762939453,21.489999771118164,20.59000015258789,20.9531,20.394,3.53423,12.79197,19.42549,19.425489,49.81,50.352,9429.0,26195.0,98974.0
2019-10-18,20.61000061035156,20.61000061035156,20.415000915527344,20.479999542236328,1800,0.195,20.200000762939453,21.91200065612793,20.450000762939453,20.7486,20.395,3.53423,12.79197,19.42549,19.425489,49.81,50.352,9429.0,26195.0,98974.0
2019-10-21,20.059999465942383,20.059999465942383,19.40999984741211,19.489999771118164,8600,0.65,20.479999542236328,21.4950008392334,20.190000534057617,20.4621,20.3717,3.53423,12.79197,19.42549,19.425489,49.81,50.352,9429.0,26195.0,98974.0
2019-10-22,19.030000686645508,19.05900001525879,19.030000686645508,19.05500030517578,300,0.029,19.489999771118164,21.19499969482422,20.33799934387207,20.1564,20.3289,3.53423,12.79197,19.42549,19.425489,49.81,50.352,9429.0,26195.0,98974.0
2019-10-23,18.96999931335449,19.295000076293945,18.96999931335449,19.295000076293945,2600,0.325,19.05500030517578,20.90999984741211,20.80500030517578,19.9257,20.2786,3.53423,12.79197,19.42549,19.425489,49.81,50.352,9429.0,26195.0,98974.0
2019-10-24,19.93199920654297,19.950000762939453,19.84000015258789,19.84000015258789,300,0.11,19.295000076293945,20.88500022888184,21.19499969482422,19.7764,20.2334,3.53423,12.79197,19.42549,19.425489,49.81,50.352,9429.0,26195.0,98974.0
2019-10-25,19.815000534057617,19.815000534057617,19.815000534057617,19.815000534057617,0,0.0,19.84000015258789,20.075000762939453,21.114999771118164,19.7393,20.1901,3.53423,12.79197,19.42549,19.425489,49.81,50.352,9429.0,26195.0,98974.0
2019-10-28,20.0,20.0,19.78499984741211,19.78499984741211,200,0.215,19.815000534057617,20.200000762939453,21.270000457763672,19.68,20.1406,3.53423,12.79197,19.42549,19.425489,49.81,50.352,9429.0,26195.0,98974.0
2019-10-29,19.36000061035156,19.457000732421875,19.36000061035156,19.420000076293945,1400,0.097,19.78499984741211,20.479999542236328,20.40999984741211,19.5286,20.1076,3.53423,12.79197,19.42549,19.425489,49.81,50.352,9429.0,26195.0,98974.0
2019-10-30,19.09000015258789,19.09000015258789,18.479999542236328,18.545000076293945,2600,0.61,19.420000076293945,19.489999771118164,19.649999618530277,19.3936,20.0708,3.53423,12.79197,19.42549,19.425489,49.81,50.352,9429.0,26195.0,98974.0
2019-10-31,18.040000915527344,18.059999465942383,18.018999099731445,18.030000686645508,4100,0.041,18.545000076293945,19.05500030517578,19.51499938964844,19.2471,20.0213,3.53423,12.79197,19.42549,19.425489,49.81,50.352,9429.0,26195.0,98974.0
2019-11-01,18.049999237060547,18.16900062561035,18.030000686645508,18.1200008392334,3100,0.139,18.030000686645508,19.295000076293945,20.01000022888184,19.0793,19.9583,4.18475,15.0616,22.00811,22.008101,61.47,61.4,9771.0,27232.0,95053.0
2019-11-04,18.500999450683597,18.600000381469727,18.049999237060547,18.049999237060547,2800,0.55,18.1200008392334,19.84000015258789,20.86000061035156,18.8236,19.8646,4.18475,15.0616,22.00811,22.008101,61.47,61.4,9771.0,27232.0,95053.0
2019-11-05,17.8700008392334,17.8700008392334,17.600000381469727,17.600000381469727,600,0.27,18.049999237060547,19.815000534057617,20.57099914550781,18.5071,19.7656,4.18475,15.0616,22.00811,22.008101,61.47,61.4,9771.0,27232.0,95053.0
2019-11-06,16.639999389648438,16.940000534057617,16.40999984741211,16.774999618530273,21300,0.53,17.600000381469727,19.78499984741211,19.520000457763672,18.0771,19.6741,4.18475,15.0616,22.00811,22.008101,61.47,61.4,9771.0,27232.0,95053.0
2019-11-07,16.420000076293945,16.420000076293945,15.861000061035156,16.299999237060547,4000,0.559,16.774999618530273,19.420000076293945,18.71500015258789,17.6314,19.5936,4.18475,15.0616,22.00811,22.008101,61.47,61.4,9771.0,27232.0,95053.0
2019-11-08,16.299999237060547,16.299999237060547,16.16699981689453,16.2450008392334,400,0.133,16.299999237060547,18.545000076293945,18.924999237060547,17.3029,19.5042,4.18475,15.0616,22.00811,22.008101,61.47,61.4,9771.0,27232.0,95053.0
2019-11-11,16.6299991607666,16.736000061035156,16.545000076293945,16.545000076293945,300,0.191,16.2450008392334,18.030000686645508,19.709999084472656,17.0907,19.3987,4.18475,15.0616,22.00811,22.008101,61.47,61.4,9771.0,27232.0,95053.0
2019-11-12,16.975000381469727,16.975000381469727,16.975000381469727,16.975000381469727,0,0.0,16.545000076293945,18.1200008392334,19.875,16.9271,19.3021,4.18475,15.0616,22.00811,22.008101,61.47,61.4,9771.0,27232.0,95053.0
2019-11-13,16.8700008392334,16.924999237060547,16.6200008392334,16.709999084472656,1300,0.305,16.975000381469727,18.049999237060547,20.11599922180176,16.7357,19.1885,4.18475,15.0616,22.00811,22.008101,61.47,61.4,9771.0,27232.0,95053.0
2019-11-14,16.459999084472656,16.584999084472656,16.459999084472656,16.584999084472656,9400,0.125,16.709999084472656,17.600000381469727,19.374000549316406,16.5907,19.0956,4.18475,15.0616,22.00811,22.008101,61.47,61.4,9771.0,27232.0,95053.0
2019-11-15,16.788999557495117,16.788999557495117,16.774999618530273,16.774999618530273,4100,0.014,16.584999084472656,16.774999618530273,20.405000686645508,16.5907,18.9746,4.18475,15.0616,22.00811,22.008101,61.47,61.4,9771.0,27232.0,95053.0
2019-11-18,16.770000457763672,16.93000030517578,16.584999084472656,16.584999084472656,1400,0.345,16.774999618530273,16.299999237060547,20.63999938964844,16.6314,18.8394,4.18475,15.0616,22.00811,22.008101,61.47,61.4,9771.0,27232.0,95053.0
2019-11-19,16.354999542236328,16.354999542236328,16.354999542236328,16.354999542236328,0,0.0,16.584999084472656,16.2450008392334,21.489999771118164,16.6471,18.6682,4.18475,15.0616,22.00811,22.008101,61.47,61.4,9771.0,27232.0,95053.0
2019-11-20,16.409000396728516,16.530000686645508,16.389999389648438,16.530000686645508,1300,0.14,16.354999542236328,16.545000076293945,21.91200065612793,16.645,18.4888,4.18475,15.0616,22.00811,22.008101,61.47,61.4,9771.0,27232.0,95053.0
2019-11-21,16.56999969482422,16.674999237060547,16.559999465942383,16.674999237060547,5000,0.115,16.530000686645508,16.975000381469727,21.4950008392334,16.6021,18.3282,4.18475,15.0616,22.00811,22.008101,61.47,61.4,9771.0,27232.0,95053.0
2019-11-22,17.094999313354492,17.094999313354492,17.094999313354492,17.094999313354492,200,0.0,16.674999237060547,16.709999084472656,21.19499969482422,16.6571,18.1915,4.18475,15.0616,22.00811,22.008101,61.47,61.4,9771.0,27232.0,95053.0
2019-11-25,17.920000076293945,17.920000076293945,17.80500030517578,17.80500030517578,1100,0.115,17.094999313354492,16.584999084472656,20.90999984741211,16.8314,18.088,4.18475,15.0616,22.00811,22.008101,61.47,61.4,9771.0,27232.0,95053.0
2019-11-26,18.450000762939453,18.450000762939453,18.34000015258789,18.36199951171875,8500,0.11,17.80500030517578,16.774999618530273,20.88500022888184,17.0581,18.0039,4.18475,15.0616,22.00811,22.008101,61.47,61.4,9771.0,27232.0,95053.0
2019-11-27,18.100000381469727,18.100000381469727,18.05500030517578,18.05500030517578,300,0.045,18.36199951171875,16.584999084472656,20.075000762939453,17.2681,17.9366,4.18475,15.0616,22.00811,22.008101,61.47,61.4,9771.0,27232.0,95053.0
2019-11-29,18.209999084472656,18.34000015258789,18.209999084472656,18.32999992370605,1900,0.13,18.05500030517578,16.354999542236328,20.200000762939453,17.5503,17.8742,4.18475,15.0616,22.00811,22.008101,61.47,61.4,9771.0,27232.0,95053.0
2019-12-02,19.05599975585937,19.100000381469727,19.04800033569336,19.05500030517578,500,0.052,18.32999992370605,16.530000686645508,20.479999542236328,17.911,17.8267,4.73378,13.51856,21.31663,21.316639,70.06,70.257,10420.0,30455.0,102177.0
2019-12-03,18.350000381469727,18.350000381469727,18.200000762939453,18.315000534057617,800,0.15,19.05500030517578,16.674999237060547,19.489999771118164,18.1453,17.7876,4.73378,13.51856,21.31663,21.316639,70.06,70.257,10420.0,30455.0,102177.0
2019-12-04,17.809999465942383,18.07999992370605,17.799999237060547,17.975000381469727,1400,0.28,18.315000534057617,17.094999313354492,19.05500030517578,18.271,17.7516,4.73378,13.51856,21.31663,21.316639,70.06,70.257,10420.0,30455.0,102177.0
2019-12-05,17.889999389648438,17.889999389648438,17.889999389648438,17.889999389648438,100,0.0,17.975000381469727,17.80500030517578,19.295000076293945,18.2831,17.7047,4.73378,13.51856,21.31663,21.316639,70.06,70.257,10420.0,30455.0,102177.0
2019-12-06,18.13999938964844,18.20499992370605,18.1299991607666,18.20499992370605,400,0.075,17.889999389648438,18.36199951171875,19.84000015258789,18.2607,17.6502,4.73378,13.51856,21.31663,21.316639,70.06,70.257,10420.0,30455.0,102177.0
2019-12-09,17.979999542236328,17.979999542236328,17.829999923706055,17.899999618530273,400,0.15,18.20499992370605,18.05500030517578,19.815000534057617,18.2386,17.5864,4.73378,13.51856,21.31663,21.316639,70.06,70.257,10420.0,30455.0,102177.0
2019-12-10,17.600000381469727,17.770000457763672,17.510000228881836,17.739999771118164,4600,0.26,17.899999618530273,18.32999992370605,19.78499984741211,18.1543,17.5182,4.73378,13.51856,21.31663,21.316639,70.06,70.257,10420.0,30455.0,102177.0
2019-12-11,17.399999618530273,17.399999618530273,17.15999984741211,17.334999084472656,2500,0.24,17.739999771118164,19.05500030517578,19.420000076293945,17.9086,17.4487,4.73378,13.51856,21.31663,21.316639,70.06,70.257,10420.0,30455.0,102177.0
2019-12-12,16.722000122070312,16.84000015258789,16.722000122070312,16.84000015258789,600,0.118,17.334999084472656,18.315000534057617,18.545000076293945,17.6979,17.3919,4.73378,13.51856,21.31663,21.316639,70.06,70.257,10420.0,30455.0,102177.0
2019-12-13,16.84000015258789,16.9950008392334,16.84000015258789,16.9950008392334,1000,0.155,16.84000015258789,17.975000381469727,18.030000686645508,17.5579,17.3574,4.73378,13.51856,21.31663,21.316639,70.06,70.257,10420.0,30455.0,102177.0
2019-12-16,16.5,16.674999237060547,16.479999542236328,16.674999237060547,2100,0.195,16.9950008392334,17.889999389648438,18.1200008392334,17.3843,17.3092,4.73378,13.51856,21.31663,21.316639,70.06,70.257,10420.0,30455.0,102177.0
2019-12-17,16.197999954223633,16.197999954223633,16.1200008392334,16.1200008392334,700,0.078,16.674999237060547,18.20499992370605,18.049999237060547,17.0864,17.2449,4.73378,13.51856,21.31663,21.316639,70.06,70.257,10420.0,30455.0,102177.0
2019-12-18,15.75,15.75,15.520000457763672,15.6850004196167,800,0.23,16.1200008392334,17.899999618530273,17.600000381469727,16.77,17.1811,4.73378,13.51856,21.31663,21.316639,70.06,70.257,10420.0,30455.0,102177.0
2019-12-19,15.359999656677246,15.4399995803833,15.324999809265137,15.324999809265137,11600,0.115,15.6850004196167,17.739999771118164,16.774999618530273,16.425,17.1327,4.73378,13.51856,21.31663,21.316639,70.06,70.257,10420.0,30455.0,102177.0
2019-12-20,15.149999618530272,15.255000114440918,15.149999618530272,15.225000381469728,1100,0.105,15.324999809265137,17.334999084472656,16.299999237060547,16.1236,17.0969,4.73378,13.51856,21.31663,21.316639,70.06,70.257,10420.0,30455.0,102177.0
2019-12-23,15.229999542236328,15.335000038146973,15.229999542236328,15.335000038146973,300,0.105,15.225000381469728,16.84000015258789,16.2450008392334,15.9086,17.0666,4.73378,13.51856,21.31663,21.316639,70.06,70.257,10420.0,30455.0,102177.0
2019-12-24,15.345000267028809,15.345000267028809,15.345000267028809,15.345000267028809,100,0.0,15.335000038146973,16.9950008392334,16.545000076293945,15.6729,17.0266,4.73378,13.51856,21.31663,21.316639,70.06,70.257,10420.0,30455.0,102177.0
2019-12-26,15.37399959564209,15.37399959564209,15.37399959564209,15.37399959564209,200,0.0,15.345000267028809,16.674999237060547,16.975000381469727,15.487,16.9732,4.73378,13.51856,21.31663,21.316639,70.06,70.257,10420.0,30455.0,102177.0
2019-12-27,15.289999961853027,15.289999961853027,15.289999961853027,15.289999961853027,100,0.0,15.37399959564209,16.1200008392334,16.709999084472656,15.3684,16.9259,4.73378,13.51856,21.31663,21.316639,70.06,70.257,10420.0,30455.0,102177.0
2019-12-30,15.100000381469728,15.100000381469728,15.097999572753906,15.100000381469728,1200,0.002,15.289999961853027,15.6850004196167,16.584999084472656,15.2849,16.8764,4.73378,13.51856,21.31663,21.316639,70.06,70.257,10420.0,30455.0,102177.0
2019-12-31,15.109999656677246,15.449999809265137,15.109999656677246,15.449999809265137,500,0.34,15.100000381469728,15.324999809265137,16.774999618530273,15.3027,16.8322,4.73378,13.51856,21.31663,21.316639,70.06,70.257,10420.0,30455.0,102177.0
2020-01-02,14.949999809265137,14.949999809265137,13.861000061035156,13.961000442504885,4000,1.089,15.449999809265137,15.225000381469728,16.584999084472656,15.1221,16.7447,4.59161,13.23305,20.8014,20.801401,75.0,75.709,9803.0,31391.0,106356.0
2020-01-03,12.989999771118164,13.050000190734863,12.980999946594238,13.050000190734863,8200,0.069,13.961000442504885,15.335000038146973,16.354999542236328,14.7957,16.6346,4.59161,13.23305,20.8014,20.801401,75.0,75.709,9803.0,31391.0,106356.0
2020-01-06,11.899999618530272,11.9399995803833,11.899999618530272,11.920000076293944,3900,0.04,13.050000190734863,15.345000267028809,16.530000686645508,14.3064,16.4809,4.59161,13.23305,20.8014,20.801401,75.0,75.709,9803.0,31391.0,106356.0
2020-01-07,11.989999771118164,11.989999771118164,11.895000457763672,11.895000457763672,3200,0.095,11.920000076293944,15.37399959564209,16.674999237060547,13.8094,16.3216,4.59161,13.23305,20.8014,20.801401,75.0,75.709,9803.0,31391.0,106356.0
2020-01-08,13.30500030517578,13.760000228881836,13.199999809265137,13.654999732971191,7700,0.56,11.895000457763672,15.289999961853027,17.094999313354492,13.5759,16.2069,4.59161,13.23305,20.8014,20.801401,75.0,75.709,9803.0,31391.0,106356.0
2020-01-09,13.149999618530272,13.359999656677246,13.149999618530272,13.3100004196167,3000,0.21,13.654999732971191,15.100000381469728,17.80500030517578,13.3201,16.0571,4.59161,13.23305,20.8014,20.801401,75.0,75.709,9803.0,31391.0,106356.0
2020-01-10,13.8100004196167,13.850000381469728,13.75,13.845000267028809,3000,0.1,13.3100004196167,15.449999809265137,18.36199951171875,13.0909,15.9065,4.59161,13.23305,20.8014,20.801401,75.0,75.709,9803.0,31391.0,106356.0
2020-01-13,12.979999542236328,13.02400016784668,12.75,12.994999885559082,7000,0.274,13.845000267028809,13.961000442504885,18.05500030517578,12.9529,15.7378,4.59161,13.23305,20.8014,20.801401,75.0,75.709,9803.0,31391.0,106356.0
2020-01-14,13.3100004196167,13.760000228881836,13.0,13.664999961853027,8700,0.76,12.994999885559082,13.050000190734863,18.32999992370605,13.0407,15.5823,4.59161,13.23305,20.8014,20.801401,75.0,75.709,9803.0,31391.0,106356.0
2020-01-15,13.609999656677246,13.65999984741211,13.350000381469728,13.350000381469728,9100,0.31,13.664999961853027,11.920000076293944,19.05500030517578,13.245,15.3922,4.59161,13.23305,20.8014,20.801401,75.0,75.709,9803.0,31391.0,106356.0
2020-01-16,13.010000228881836,13.010000228881836,12.619999885559082,12.630000114440918,5900,0.39,13.350000381469728,11.895000457763672,18.315000534057617,13.35,15.2027,4.59161,13.23305,20.8014,20.801401,75.0,75.709,9803.0,31391.0,106356.0
2020-01-17,12.390000343322754,12.390000343322754,12.010000228881836,12.104999542236328,9200,0.38,12.630000114440918,13.654999732971191,17.975000381469727,13.1286,15.007,4.59161,13.23305,20.8014,20.801401,75.0,75.709,9803.0,31391.0,106356.0
2020-01-21,11.5,11.5,11.170000076293944,11.369999885559082,18800,0.33,12.104999542236328,13.3100004196167,17.889999389648438,12.8514,14.7897,4.59161,13.23305,20.8014,20.801401,75.0,75.709,9803.0,31391.0,106356.0
2020-01-22,10.90999984741211,11.09000015258789,10.850000381469728,11.031999588012695,30000,0.24,11.369999885559082,13.845000267028809,18.20499992370605,12.4496,14.5506,4.59161,13.23305,20.8014,20.801401,75.0,75.709,9803.0,31391.0,106356.0
2020-01-23,11.029999732971191,11.09000015258789,11.029999732971191,11.045000076293944,21800,0.06,11.031999588012695,12.994999885559082,17.899999618530273,12.171,14.3221,4.59161,13.23305,20.8014,20.801401,75.0,75.709,9803.0,31391.0,106356.0
2020-01-24,11.210000038146973,11.229999542236328,11.029999732971191,11.135000228881836,12300,0.2,11.045000076293944,13.664999961853027,17.739999771118164,11.8096,14.1019,4.59161,13.23305,20.8014,20.801401,75.0,75.709,9803.0,31391.0,106356.0
2020-01-27,10.550000190734863,10.55500030517578,10.350000381469728,10.4399995803833,33800,0.205,11.135000228881836,13.350000381469728,17.334999084472656,11.3939,13.8721,4.59161,13.23305,20.8014,20.801401,75.0,75.709,9803.0,31391.0,106356.0
2020-01-28,10.579999923706056,10.619999885559082,10.220000267028809,10.279999732971191,47500,0.4,10.4399995803833,12.630000114440918,16.84000015258789,11.0581,13.6534,4.59161,13.23305,20.8014,20.801401,75.0,75.709,9803.0,31391.0,106356.0
2020-01-29,10.170000076293944,10.170000076293944,10.050000190734863,10.085000038146973,11400,0.12,10.279999732971191,12.104999542236328,16.9950008392334,10.7696,13.4231,4.59161,13.23305,20.8014,20.801401,75.0,75.709,9803.0,31391.0,106356.0
2020-01-30,10.039999961853027,10.039999961853027,9.5,9.550000190734863,48700,0.54,10.085000038146973,11.369999885559082,16.674999237060547,10.5096,13.1856,4.59161,13.23305,20.8014,20.801401,75.0,75.709,9803.0,31391.0,106356.0
2020-01-31,9.850000381469728,9.906999588012695,9.529999732971191,9.81999969482422,18700,0.377,9.550000190734863,11.031999588012695,16.1200008392334,10.3364,12.9756,4.59161,13.23305,20.8014,20.801401,75.0,75.709,9803.0,31391.0,106356.0
2020-02-03,9.84000015258789,10.239999771118164,9.119999885559082,9.29300022125244,47900,1.12,9.81999969482422,11.045000076293944,15.6850004196167,10.0861,12.7625,4.15308,15.31092,22.70002,22.700001,77.99,78.658,9647.0,30728.0,104840.0
2020-02-04,9.210000038146973,9.5,9.199999809265137,9.350000381469728,44700,0.3,9.29300022125244,11.135000228881836,15.324999809265137,9.8311,12.5633,4.15308,15.31092,22.70002,22.700001,77.99,78.658,9647.0,30728.0,104840.0
2020-02-05,9.399999618530272,9.670000076293944,9.399999618530272,9.550000190734863,40300,0.27,9.350000381469728,10.4399995803833,15.225000381469728,9.704,12.3742,4.15308,15.31092,22.70002,22.700001,77.99,78.658,9647.0,30728.0,104840.0
2020-02-06,9.489999771118164,10.039999961853027,9.25,9.449999809265137,173200,0.79,9.550000190734863,10.279999732971191,15.335000038146973,9.5854,12.178,4.15308,15.31092,22.70002,22.700001,77.99,78.658,9647.0,30728.0,104840.0
2020-02-07,9.25,9.289999961853027,9.1899995803833,9.225000381469728,54100,0.1,9.449999809265137,10.085000038146973,15.345000267028809,9.4626,11.974,4.15308,15.31092,22.70002,22.700001,77.99,78.658,9647.0,30728.0,104840.0
2020-02-10,9.25,9.25,8.631999969482422,8.800000190734863,81200,0.618,9.225000381469728,9.550000190734863,15.37399959564209,9.3554,11.7549,4.15308,15.31092,22.70002,22.700001,77.99,78.658,9647.0,30728.0,104840.0
2020-02-11,9.100000381469728,9.420000076293944,9.100000381469728,9.300000190734863,65000,0.32,8.800000190734863,9.81999969482422,15.289999961853027,9.2811,11.5552,4.15308,15.31092,22.70002,22.700001,77.99,78.658,9647.0,30728.0,104840.0
2020-02-12,9.470000267028809,10.020000457763672,9.399999618530272,9.399999618530272,155700,0.62,9.300000190734863,9.29300022125244,15.100000381469728,9.2964,11.3652,4.15308,15.31092,22.70002,22.700001,77.99,78.658,9647.0,30728.0,104840.0
2020-02-13,9.09000015258789,9.227999687194824,9.06999969482422,9.140000343322754,63700,0.158,9.399999618530272,9.350000381469728,15.449999809265137,9.2664,11.1549,4.15308,15.31092,22.70002,22.700001,77.99,78.658,9647.0,30728.0,104840.0
2020-02-14,9.15999984741211,9.300000190734863,9.130000114440918,9.225000381469728,109200,0.17,9.140000343322754,9.550000190734863,13.961000442504885,9.22,10.997,4.15308,15.31092,22.70002,22.700001,77.99,78.658,9647.0,30728.0,104840.0
2020-02-18,9.239999771118164,9.380000114440918,9.140000343322754,9.270000457763672,259500,0.24,9.225000381469728,9.449999809265137,13.050000190734863,9.1943,10.871,4.15308,15.31092,22.70002,22.700001,77.99,78.658,9647.0,30728.0,104840.0
2020-02-19,9.25,9.34000015258789,9.100000381469728,9.100000381469728,280300,0.24,9.270000457763672,9.225000381469728,11.920000076293944,9.1764,10.777,4.15308,15.31092,22.70002,22.700001,77.99,78.658,9647.0,30728.0,104840.0
2020-02-20,9.119999885559082,9.140000343322754,9.029999732971191,9.029999732971191,150800,0.11,9.100000381469728,8.800000190734863,11.895000457763672,9.2093,10.6815,4.15308,15.31092,22.70002,22.700001,77.99,78.658,9647.0,30728.0,104840.0
2020-02-21,9.010000228881836,9.100000381469728,8.880000114440918,9.010000228881836,104900,0.22,9.029999732971191,9.300000190734863,13.654999732971191,9.1679,10.5267,4.15308,15.31092,22.70002,22.700001,77.99,78.658,9647.0,30728.0,104840.0
2020-02-24,8.699999809265137,8.699999809265137,8.369999885559082,8.369999885559082,118600,0.33,9.010000228881836,9.399999618530272,13.3100004196167,9.0207,10.362,4.15308,15.31092,22.70002,22.700001,77.99,78.658,9647.0,30728.0,104840.0
2020-02-25,8.149999618530273,8.289999961853027,8.100000381469727,8.220000267028809,87900,0.19,8.369999885559082,9.140000343322754,13.845000267028809,8.8893,10.1745,4.15308,15.31092,22.70002,22.700001,77.99,78.658,9647.0,30728.0,104840.0
2020-02-26,8.260000228881836,8.279999732971191,8.149999618530273,8.180000305175781,124300,0.13,8.220000267028809,9.225000381469728,12.994999885559082,8.74,10.014,4.15308,15.31092,22.70002,22.700001,77.99,78.658,9647.0,30728.0,104840.0
2020-02-27,8.300000190734863,8.359999656677246,8.199999809265137,8.300000190734863,153100,0.16,8.180000305175781,9.270000457763672,13.664999961853027,8.6014,9.8352,4.15308,15.31092,22.70002,22.700001,77.99,78.658,9647.0,30728.0,104840.0
2020-02-28,8.350000381469727,8.350000381469727,8.13599967956543,8.1899995803833,211600,0.214,8.300000190734863,9.100000381469728,13.350000381469728,8.4714,9.6632,4.15308,15.31092,22.70002,22.700001,77.99,78.658,9647.0,30728.0,104840.0
2020-03-02,8.09000015258789,8.09000015258789,7.699999809265137,7.909999847412109,148000,0.39,8.1899995803833,9.029999732971191,12.630000114440918,8.3114,9.5058,4.28725,11.09699,19.05573,19.055725,97.65,96.395,8405.0,24818.0,100203.0
2020-03-03,8.130000114440918,8.140000343322754,8.029999732971191,8.100000381469727,44500,0.11,7.909999847412109,9.010000228881836,12.104999542236328,8.1814,9.3723,4.28725,11.09699,19.05573,19.055725,97.65,96.395,8405.0,24818.0,100203.0
2020-03-04,8.25,8.350000381469727,8.180000305175781,8.3100004196167,138700,0.17,8.100000381469727,8.369999885559082,11.369999885559082,8.1729,9.2703,4.28725,11.09699,19.05573,19.055725,97.65,96.395,8405.0,24818.0,100203.0
2020-03-05,8.510000228881836,8.65999984741211,8.36299991607666,8.369999885559082,92800,0.297,8.3100004196167,8.220000267028809,11.031999588012695,8.1943,9.1816,4.28725,11.09699,19.05573,19.055725,97.65,96.395,8405.0,24818.0,100203.0
2020-03-06,8.449999809265137,8.449999809265137,8.199999809265137,8.25,81200,0.25,8.369999885559082,8.180000305175781,11.045000076293944,8.2043,9.0884,4.28725,11.09699,19.05573,19.055725,97.65,96.395,8405.0,24818.0,100203.0
2020-03-09,7.739999771118164,7.789999961853027,7.409999847412109,7.5,74700,0.38,8.25,8.300000190734863,11.135000228881836,8.09,8.9673,4.28725,11.09699,19.05573,19.055725,97.65,96.395,8405.0,24818.0,100203.0
2020-03-10,7.869999885559082,7.929999828338623,7.699999809265137,7.809999942779541,40100,0.23,7.5,8.1899995803833,10.4399995803833,8.0357,8.8796,4.28725,11.09699,19.05573,19.055725,97.65,96.395,8405.0,24818.0,100203.0
2020-03-11,7.5,7.619999885559082,7.467000007629394,7.5,62000,0.153,7.809999942779541,7.909999847412109,10.279999732971191,7.9771,8.7869,4.28725,11.09699,19.05573,19.055725,97.65,96.395,8405.0,24818.0,100203.0
2020-03-12,7.230000019073486,7.230000019073486,6.869999885559082,6.909999847412109,119200,0.36,7.5,8.100000381469727,10.085000038146973,7.8071,8.6811,4.28725,11.09699,19.05573,19.055725,97.65,96.395,8405.0,24818.0,100203.0
2020-03-13,7.0,7.0,6.78000020980835,6.840000152587891,178100,0.22,6.909999847412109,8.3100004196167,9.550000190734863,7.5971,8.5908,4.28725,11.09699,19.05573,19.055725,97.65,96.395,8405.0,24818.0,100203.0
2020-03-16,6.510000228881836,6.510000228881836,6.0,6.099999904632568,102800,0.51,6.840000152587891,8.369999885559082,9.81999969482422,7.2729,8.4668,4.28725,11.09699,19.05573,19.055725,97.65,96.395,8405.0,24818.0,100203.0
2020-03-17,6.199999809265137,6.210000038146973,6.0,6.059999942779541,63600,0.21,6.099999904632568,8.25,9.29300022125244,6.96,8.359,4.28725,11.09699,19.05573,19.055725,97.65,96.395,8405.0,24818.0,100203.0
2020-03-18,6.099999904632568,6.099999904632568,5.119999885559082,5.389999866485596,193300,0.98,6.059999942779541,7.5,9.350000381469728,6.6586,8.227,4.28725,11.09699,19.05573,19.055725,97.65,96.395,8405.0,24818.0,100203.0
2020-03-19,5.239999771118164,5.889999866485596,5.170000076293945,5.559999942779541,133800,0.72,5.389999866485596,7.809999942779541,9.550000190734863,6.3371,8.094,4.28725,11.09699,19.05573,19.055725,97.65,96.395,8405.0,24818.0,100203.0
2020-03-20,5.570000171661377,5.900000095367432,5.570000171661377,5.820000171661377,32000,0.33,5.559999942779541,7.5,9.449999809265137,6.0971,7.973,4.28725,11.09699,19.05573,19.055725,97.65,96.395,8405.0,24818.0,100203.0
2020-03-23,5.53000020980835,5.78000020980835,5.409999847412109,5.739999771118164,22400,0.37,5.820000171661377,6.909999847412109,9.225000381469728,5.93,7.8568,4.28725,11.09699,19.05573,19.055725,97.65,96.395,8405.0,24818.0,100203.0
2020-03-24,5.900000095367432,5.900000095367432,5.320000171661377,5.369999885559082,58000,0.58,5.739999771118164,6.840000152587891,8.800000190734863,5.72,7.7425,4.28725,11.09699,19.05573,19.055725,97.65,96.395,8405.0,24818.0,100203.0
2020-03-25,5.25,5.25,5.010000228881836,5.03000020980835,61600,0.24,5.369999885559082,6.099999904632568,9.300000190734863,5.5671,7.6002,4.28725,11.09699,19.05573,19.055725,97.65,96.395,8405.0,24818.0,100203.0
2020-03-26,5.059999942779541,5.46999979019165,5.010000228881836,5.389999866485596,160800,0.46,5.03000020980835,6.059999942779541,9.399999618530272,5.4714,7.4665,4.28725,11.09699,19.05573,19.055725,97.65,96.395,8405.0,24818.0,100203.0
2020-03-27,5.570000171661377,5.650000095367432,5.309999942779541,5.400000095367432,94600,0.34,5.389999866485596,5.389999866485596,9.140000343322754,5.4729,7.3418,4.28725,11.09699,19.05573,19.055725,97.65,96.395,8405.0,24818.0,100203.0
2020-03-30,5.400000095367432,5.860000133514404,5.400000095367432,5.804999828338623,160300,0.46,5.400000095367432,5.559999942779541,9.225000381469728,5.5079,7.2278,4.28725,11.09699,19.05573,19.055725,97.65,96.395,8405.0,24818.0,100203.0
2020-03-31,6.349999904632568,7.039999961853027,6.010000228881836,6.389999866485596,305800,1.03,5.804999828338623,5.820000171661377,9.270000457763672,5.5893,7.1318,4.28725,11.09699,19.05573,19.055725,97.65,96.395,8405.0,24818.0,100203.0
2020-04-01,6.389999866485596,6.5,6.260000228881836,6.289999961853027,61300,0.24,6.389999866485596,5.739999771118164,9.100000381469728,5.6679,7.0382,3.24942,8.6819,13.80627,13.764205,46.79,47.643,1697.0,4305.0,85057.0
2020-04-02,6.730000019073486,6.730000019073486,6.210000038146973,6.380000114440918,51200,0.52,6.289999961853027,5.369999885559082,9.029999732971191,5.8121,6.9498,3.24942,8.6819,13.80627,13.764205,46.79,47.643,1697.0,4305.0,85057.0
2020-04-03,6.460000038146973,6.460000038146973,6.195000171661377,6.239999771118164,24600,0.265,6.380000114440918,5.03000020980835,9.010000228881836,5.985,6.8575,3.24942,8.6819,13.80627,13.764205,46.79,47.643,1697.0,4305.0,85057.0
2020-04-06,6.260000228881836,6.260000228881836,6.099999904632568,6.099999904632568,28600,0.16,6.239999771118164,5.389999866485596,8.369999885559082,6.0864,6.7818,3.24942,8.6819,13.80627,13.764205,46.79,47.643,1697.0,4305.0,85057.0
2020-04-07,6.21999979019165,6.340000152587891,6.099999904632568,6.289999961853027,44000,0.24,6.099999904632568,5.400000095367432,8.220000267028809,6.2136,6.7175,3.24942,8.6819,13.80627,13.764205,46.79,47.643,1697.0,4305.0,85057.0
2020-04-08,6.519999980926514,6.940000057220459,6.5,6.869999885559082,33400,0.44,6.289999961853027,5.804999828338623,8.180000305175781,6.3657,6.6738,3.24942,8.6819,13.80627,13.764205,46.79,47.643,1697.0,4305.0,85057.0
2020-04-09,7.03000020980835,7.567999839782715,7.03000020980835,7.349999904632568,218800,0.538,6.869999885559082,6.389999866485596,8.300000190734863,6.5029,6.6422,3.24942,8.6819,13.80627,13.764205,46.79,47.643,1697.0,4305.0,85057.0
2020-04-13,7.349999904632568,7.440000057220459,7.199999809265137,7.320000171661377,95800,0.24,7.349999904632568,6.289999961853027,8.1899995803833,6.65,6.6132,3.24942,8.6819,13.80627,13.764205,46.79,47.643,1697.0,4305.0,85057.0
2020-04-14,7.320000171661377,7.329999923706055,7.139999866485596,7.230000019073486,104300,0.19,7.320000171661377,6.380000114440918,7.909999847412109,6.7714,6.5905,3.24942,8.6819,13.80627,13.764205,46.79,47.643,1697.0,4305.0,85057.0
2020-04-15,7.25,7.400000095367432,7.235000133514404,7.25,36000,0.165,7.230000019073486,6.239999771118164,8.100000381469727,6.9157,6.5622,3.24942,8.6819,13.80627,13.764205,46.79,47.643,1697.0,4305.0,85057.0
2020-04-16,7.409999847412109,7.409999847412109,7.010000228881836,7.230000019073486,28700,0.4,7.25,6.099999904632568,8.3100004196167,7.0771,6.5262,3.24942,8.6819,13.80627,13.764205,46.79,47.643,1697.0,4305.0,85057.0
2020-04-17,7.230000019073486,7.320000171661377,7.0,7.25,48800,0.32,7.230000019073486,6.289999961853027,8.369999885559082,7.2143,6.4888,3.24942,8.6819,13.80627,13.764205,46.79,47.643,1697.0,4305.0,85057.0
2020-04-20,7.099999904632568,7.170000076293945,6.800000190734863,6.809999942779541,585000,0.37,7.25,6.869999885559082,8.25,7.2057,6.4408,3.24942,8.6819,13.80627,13.764205,46.79,47.643,1697.0,4305.0,85057.0
2020-04-21,6.510000228881836,6.510000228881836,6.150000095367432,6.150000095367432,198700,0.36,6.809999942779541,7.349999904632568,7.5,7.0343,6.3958,3.24942,8.6819,13.80627,13.764205,46.79,47.643,1697.0,4305.0,85057.0
2020-04-22,6.110000133514404,6.269999980926514,6.03000020980835,6.150000095367432,191500,0.24,6.150000095367432,7.320000171661377,7.809999942779541,6.8671,6.3405,3.24942,8.6819,13.80627,13.764205,46.79,47.643,1697.0,4305.0,85057.0
2020-04-23,6.099999904632568,6.159999847412109,6.0,6.110000133514404,40600,0.16,6.150000095367432,7.230000019073486,7.5,6.7071,6.2942,3.24942,8.6819,13.80627,13.764205,46.79,47.643,1697.0,4305.0,85057.0
2020-04-24,6.110000133514404,6.150000095367432,6.019999980926514,6.019999980926514,25600,0.13,6.110000133514404,7.25,6.909999847412109,6.5314,6.2645,3.24942,8.6819,13.80627,13.764205,46.79,47.643,1697.0,4305.0,85057.0
2020-04-27,6.0,6.26200008392334,5.809999942779541,5.809999942779541,42200,0.452,6.019999980926514,7.230000019073486,6.840000152587891,6.3286,6.2302,3.24942,8.6819,13.80627,13.764205,46.79,47.643,1697.0,4305.0,85057.0
2020-04-28,5.699999809265137,5.75,5.5,5.550000190734863,76600,0.25,5.809999942779541,7.25,6.099999904632568,6.0857,6.2118,3.24942,8.6819,13.80627,13.764205,46.79,47.643,1697.0,4305.0,85057.0
2020-04-29,5.659999847412109,5.75,5.480000019073486,5.679999828338623,133200,0.27,5.550000190734863,6.809999942779541,6.059999942779541,5.9243,6.1992,3.24942,8.6819,13.80627,13.764205,46.79,47.643,1697.0,4305.0,85057.0
2020-04-30,5.650000095367432,5.679999828338623,5.442999839782715,5.539999961853027,76400,0.237,5.679999828338623,6.150000095367432,5.389999866485596,5.8371,6.2042,3.24942,8.6819,13.80627,13.764205,46.79,47.643,1697.0,4305.0,85057.0
2020-05-01,5.300000190734863,5.5,5.300000190734863,5.349999904632568,45100,0.2,5.539999961853027,6.150000095367432,5.559999942779541,5.7229,6.1972,3.66083,9.77922,15.59694,15.562359,49.96,50.301,6079.0,22443.0,103029.0
2020-05-04,5.360000133514404,5.360000133514404,5.050000190734863,5.099999904632568,75800,0.31,5.349999904632568,6.110000133514404,5.820000171661377,5.5786,6.1732,3.66083,9.77922,15.59694,15.562359,49.96,50.301,6079.0,22443.0,103029.0
2020-05-05,5.050000190734863,5.050000190734863,4.714000225067139,4.789999961853027,145200,0.336,5.099999904632568,6.019999980926514,5.739999771118164,5.4029,6.1415,3.66083,9.77922,15.59694,15.562359,49.96,50.301,6079.0,22443.0,103029.0
2020-05-06,4.800000190734863,4.800000190734863,4.400000095367432,4.449999809265137,188900,0.4,4.789999961853027,5.809999942779541,5.369999885559082,5.2086,6.1108,3.66083,9.77922,15.59694,15.562359,49.96,50.301,6079.0,22443.0,103029.0
2020-05-07,4.550000190734863,4.610000133514404,4.449999809265137,4.579999923706055,56600,0.16,4.449999809265137,5.550000190734863,5.03000020980835,5.07,6.0958,3.66083,9.77922,15.59694,15.562359,49.96,50.301,6079.0,22443.0,103029.0
2020-05-08,4.650000095367432,4.659999847412109,4.5,4.599999904632568,119000,0.16,4.579999923706055,5.679999828338623,5.389999866485596,4.9157,6.0695,3.66083,9.77922,15.59694,15.562359,49.96,50.301,6079.0,22443.0,103029.0
2020-05-11,4.349999904632568,4.480000019073486,4.284999847412109,4.429999828338623,162400,0.195,4.599999904632568,5.539999961853027,5.400000095367432,4.7571,6.0372,3.66083,9.77922,15.59694,15.562359,49.96,50.301,6079.0,22443.0,103029.0
2020-05-12,4.360000133514404,4.360000133514404,4.119999885559082,4.130000114440918,100000,0.24,4.429999828338623,5.349999904632568,5.804999828338623,4.5829,5.9813,3.66083,9.77922,15.59694,15.562359,49.96,50.301,6079.0,22443.0,103029.0
2020-05-13,3.9600000381469727,4.059999942779541,3.75,3.910000085830689,873900,0.31,4.130000114440918,5.099999904632568,6.389999866485596,4.4129,5.8987,3.66083,9.77922,15.59694,15.562359,49.96,50.301,6079.0,22443.0,103029.0
2020-05-14,3.950000047683716,4.099999904632568,3.950000047683716,4.013000011444092,78200,0.15,3.910000085830689,4.789999961853027,6.289999961853027,4.3019,5.8228,3.66083,9.77922,15.59694,15.562359,49.96,50.301,6079.0,22443.0,103029.0
2020-05-15,4.070000171661377,4.190000057220459,4.070000171661377,4.170000076293945,131300,0.12,4.013000011444092,4.449999809265137,6.380000114440918,4.2619,5.7491,3.66083,9.77922,15.59694,15.562359,49.96,50.301,6079.0,22443.0,103029.0
2020-05-18,4.659999847412109,4.789999961853027,4.400000095367432,4.590000152587891,726000,0.39,4.170000076293945,4.579999923706055,6.239999771118164,4.2633,5.6941,3.66083,9.77922,15.59694,15.562359,49.96,50.301,6079.0,22443.0,103029.0
2020-05-19,4.639999866485596,4.699999809265137,4.559999942779541,4.619999885559082,427000,0.14,4.590000152587891,4.599999904632568,6.099999904632568,4.2661,5.6448,3.66083,9.77922,15.59694,15.562359,49.96,50.301,6079.0,22443.0,103029.0
2020-05-20,4.849999904632568,5.150000095367432,4.699999809265137,4.909999847412109,253300,0.45,4.619999885559082,4.429999828338623,6.289999961853027,4.3347,5.5988,3.66083,9.77922,15.59694,15.562359,49.96,50.301,6079.0,22443.0,103029.0
2020-05-21,4.989999771118164,4.989999771118164,4.920000076293945,4.940000057220459,256300,0.07,4.909999847412109,4.130000114440918,6.869999885559082,4.4504,5.5344,3.66083,9.77922,15.59694,15.562359,49.96,50.301,6079.0,22443.0,103029.0
2020-05-22,4.849999904632568,4.929999828338623,4.699999809265137,4.880000114440918,45700,0.23,4.940000057220459,3.910000085830689,7.349999904632568,4.589,5.4521,3.66083,9.77922,15.59694,15.562359,49.96,50.301,6079.0,22443.0,103029.0
2020-05-26,4.599999904632568,4.900000095367432,4.599999904632568,4.800000190734863,110800,0.3,4.880000114440918,4.013000011444092,7.320000171661377,4.7014,5.3681,3.66083,9.77922,15.59694,15.562359,49.96,50.301,6079.0,22443.0,103029.0
2020-05-27,4.739999771118164,4.800000190734863,4.53000020980835,4.650000095367432,365800,0.27,4.800000190734863,4.170000076293945,7.230000019073486,4.77,5.2821,3.66083,9.77922,15.59694,15.562359,49.96,50.301,6079.0,22443.0,103029.0
2020-05-28,4.579999923706055,4.739999771118164,4.550000190734863,4.550000190734863,100600,0.19,4.650000095367432,4.590000152587891,7.25,4.7643,5.1921,3.66083,9.77922,15.59694,15.562359,49.96,50.301,6079.0,22443.0,103029.0
2020-05-29,4.679999828338623,4.679999828338623,4.619999885559082,4.650000095367432,53200,0.06,4.550000190734863,4.619999885559082,7.230000019073486,4.7686,5.1061,3.66083,9.77922,15.59694,15.562359,49.96,50.301,6079.0,22443.0,103029.0
2020-06-01,4.690000057220459,4.75,4.570000171661377,4.639999866485596,92400,0.18,4.650000095367432,4.909999847412109,7.25,4.73,5.0191,2.79525,9.04767,13.68844,13.667975,47.38,47.959,7713.0,26358.0,106485.0
2020-06-02,4.889999866485596,5.0,4.820000171661377,5.0,324300,0.18,4.639999866485596,4.940000057220459,6.809999942779541,4.7386,4.9588,2.79525,9.04767,13.68844,13.667975,47.38,47.959,7713.0,26358.0,106485.0
2020-06-03,5.079999923706055,5.099999904632568,4.960000038146973,5.03000020980835,305100,0.14,5.0,4.880000114440918,6.150000095367432,4.76,4.9214,2.79525,9.04767,13.68844,13.667975,47.38,47.959,7713.0,26358.0,106485.0
2020-06-04,5.03000020980835,5.135000228881836,5.0,5.050000190734863,144300,0.135,5.03000020980835,4.800000190734863,6.150000095367432,4.7957,4.8848,2.79525,9.04767,13.68844,13.667975,47.38,47.959,7713.0,26358.0,106485.0
2020-06-05,5.440000057220459,5.5,5.239999771118164,5.449999809265137,340300,0.26,5.050000190734863,4.650000095367432,6.110000133514404,4.91,4.8628,2.79525,9.04767,13.68844,13.667975,47.38,47.959,7713.0,26358.0,106485.0
2020-06-08,5.449999809265137,5.519999980926514,5.329999923706055,5.510000228881836,207600,0.19,5.449999809265137,4.550000190734863,6.019999980926514,5.0471,4.8458,2.79525,9.04767,13.68844,13.667975,47.38,47.959,7713.0,26358.0,106485.0
2020-06-09,5.079999923706055,5.420000076293945,5.079999923706055,5.269999980926514,284600,0.34,5.510000228881836,4.650000095367432,5.809999942779541,5.1357,4.8278,2.79525,9.04767,13.68844,13.667975,47.38,47.959,7713.0,26358.0,106485.0
2020-06-10,5.360000133514404,5.873000144958496,5.360000133514404,5.78000020980835,231200,0.513,5.269999980926514,4.639999866485596,5.550000190734863,5.2986,4.8354,2.79525,9.04767,13.68844,13.667975,47.38,47.959,7713.0,26358.0,106485.0
2020-06-11,6.099999904632568,6.199999809265137,5.650000095367432,5.78000020980835,506400,0.55,5.78000020980835,5.0,5.679999828338623,5.41,4.8388,2.79525,9.04767,13.68844,13.667975,47.38,47.959,7713.0,26358.0,106485.0
2020-06-12,6.0,6.360000133514404,6.0,6.360000133514404,312200,0.36,5.78000020980835,5.03000020980835,5.539999961853027,5.6,4.8661,2.79525,9.04767,13.68844,13.667975,47.38,47.959,7713.0,26358.0,106485.0
2020-06-15,6.190000057220459,6.550000190734863,6.1570000648498535,6.420000076293945,332800,0.393,6.360000133514404,5.050000190734863,5.349999904632568,5.7957,4.9018,2.79525,9.04767,13.68844,13.667975,47.38,47.959,7713.0,26358.0,106485.0
2020-06-16,6.989999771118164,7.460000038146973,6.989999771118164,7.21999979019165,512900,0.47,6.420000076293945,5.449999809265137,5.099999904632568,6.0486,4.9724,2.79525,9.04767,13.68844,13.667975,47.38,47.959,7713.0,26358.0,106485.0
2020-06-17,7.730000019073486,7.829999923706055,7.5,7.820000171661377,725400,0.33,7.21999979019165,5.510000228881836,4.789999961853027,6.3786,5.0734,2.79525,9.04767,13.68844,13.667975,47.38,47.959,7713.0,26358.0,106485.0
2020-06-18,7.800000190734863,7.869999885559082,7.230000019073486,7.260000228881836,504800,0.64,7.820000171661377,5.269999980926514,4.449999809265137,6.6629,5.1671,2.79525,9.04767,13.68844,13.667975,47.38,47.959,7713.0,26358.0,106485.0
2020-06-19,7.349999904632568,7.400000095367432,7.170000076293945,7.275000095367432,230500,0.23,7.260000228881836,5.78000020980835,4.579999923706055,6.8764,5.2569,2.79525,9.04767,13.68844,13.667975,47.38,47.959,7713.0,26358.0,106485.0
2020-06-22,7.610000133514404,7.650000095367432,7.389999866485596,7.429999828338623,267500,0.26,7.275000095367432,5.78000020980835,4.599999904632568,7.1121,5.3513,2.79525,9.04767,13.68844,13.667975,47.38,47.959,7713.0,26358.0,106485.0
2020-06-23,7.869999885559082,8.239999771118164,7.849999904632568,8.180000305175781,343300,0.39,7.429999828338623,6.360000133514404,4.429999828338623,7.3721,5.4763,2.79525,9.04767,13.68844,13.667975,47.38,47.959,7713.0,26358.0,106485.0
2020-06-24,8.0,8.0,7.369999885559082,7.440000057220459,398300,0.63,8.180000305175781,6.420000076293945,4.130000114440918,7.5179,5.5866,2.79525,9.04767,13.68844,13.667975,47.38,47.959,7713.0,26358.0,106485.0
2020-06-25,7.46999979019165,7.599999904632568,7.000999927520752,7.239999771118164,487500,0.599,7.440000057220459,7.21999979019165,3.910000085830689,7.5207,5.6976,2.79525,9.04767,13.68844,13.667975,47.38,47.959,7713.0,26358.0,106485.0
2020-06-26,7.239999771118164,7.690000057220459,7.210000038146973,7.610000133514404,228400,0.48,7.239999771118164,7.820000171661377,4.013000011444092,7.4907,5.8175,2.79525,9.04767,13.68844,13.667975,47.38,47.959,7713.0,26358.0,106485.0
2020-06-29,7.510000228881836,7.699999809265137,7.510000228881836,7.559999942779541,210300,0.19,7.610000133514404,7.260000228881836,4.170000076293945,7.5336,5.9305,2.79525,9.04767,13.68844,13.667975,47.38,47.959,7713.0,26358.0,106485.0
2020-06-30,7.429999828338623,7.449999809265137,7.25,7.389999866485596,168000,0.2,7.559999942779541,7.275000095367432,4.590000152587891,7.55,6.0238,2.79525,9.04767,13.68844,13.667975,47.38,47.959,7713.0,26358.0,106485.0
2020-07-01,7.269999980926514,7.460000038146973,7.170000076293945,7.199999809265137,286700,0.29,7.389999866485596,7.429999828338623,4.619999885559082,7.5171,6.1098,2.33266,9.81919,14.77054,14.613916,45.55,46.1,8953.0,24247.0,113472.0
2020-07-02,7.730000019073486,8.180000305175781,7.630000114440918,8.050000190734863,527100,0.55,7.199999809265137,8.180000305175781,4.909999847412109,7.4986,6.2145,2.33266,9.81919,14.77054,14.613916,45.55,46.1,8953.0,24247.0,113472.0
2020-07-06,9.18000030517578,9.477999687194824,9.039999961853027,9.420000076293944,609800,0.438,8.050000190734863,7.440000057220459,4.940000057220459,7.7814,6.3638,2.33266,9.81919,14.77054,14.613916,45.55,46.1,8953.0,24247.0,113472.0
2020-07-07,8.949999809265137,9.029999732971191,8.600000381469727,8.930000305175781,374800,0.43,9.420000076293944,7.239999771118164,4.880000114440918,8.0229,6.4988,2.33266,9.81919,14.77054,14.613916,45.55,46.1,8953.0,24247.0,113472.0
2020-07-08,8.600000381469727,9.0,8.270000457763672,9.0,317200,0.73,8.930000305175781,7.610000133514404,4.800000190734863,8.2214,6.6388,2.33266,9.81919,14.77054,14.613916,45.55,46.1,8953.0,24247.0,113472.0
2020-07-09,8.859999656677246,8.869999885559082,8.399999618530273,8.75,170300,0.47,9.0,7.559999942779541,4.650000095367432,8.3914,6.7755,2.33266,9.81919,14.77054,14.613916,45.55,46.1,8953.0,24247.0,113472.0
2020-07-10,8.75,8.800000190734863,8.3100004196167,8.489999771118164,244000,0.49,8.75,7.389999866485596,4.550000190734863,8.5486,6.9068,2.33266,9.81919,14.77054,14.613916,45.55,46.1,8953.0,24247.0,113472.0
2020-07-13,8.369999885559082,8.46500015258789,8.020000457763672,8.100000381469727,330000,0.445,8.489999771118164,7.199999809265137,4.650000095367432,8.6771,7.0218,2.33266,9.81919,14.77054,14.613916,45.55,46.1,8953.0,24247.0,113472.0
2020-07-14,7.800000190734863,8.0,7.599999904632568,7.820000171661377,201100,0.4,8.100000381469727,8.050000190734863,4.639999866485596,8.6443,7.1278,2.33266,9.81919,14.77054,14.613916,45.55,46.1,8953.0,24247.0,113472.0
2020-07-15,7.909999847412109,7.909999847412109,7.449999809265137,7.519999980926514,165500,0.46,7.820000171661377,9.420000076293944,5.0,8.3729,7.2118,2.33266,9.81919,14.77054,14.613916,45.55,46.1,8953.0,24247.0,113472.0
2020-07-16,7.849999904632568,8.119999885559082,7.847000122070312,7.980000019073486,91400,0.273,7.519999980926514,8.930000305175781,5.03000020980835,8.2371,7.3102,2.33266,9.81919,14.77054,14.613916,45.55,46.1,8953.0,24247.0,113472.0
2020-07-17,8.100000381469727,8.100000381469727,8.0,8.0,35600,0.1,7.980000019073486,9.0,5.050000190734863,8.0943,7.4085,2.33266,9.81919,14.77054,14.613916,45.55,46.1,8953.0,24247.0,113472.0
2020-07-20,7.900000095367432,7.900000095367432,7.480000019073486,7.5,44700,0.42,8.0,8.75,5.449999809265137,7.9157,7.4768,2.33266,9.81919,14.77054,14.613916,45.55,46.1,8953.0,24247.0,113472.0
2020-07-21,7.150000095367432,7.269999980926514,7.110000133514404,7.110000133514404,216400,0.16,7.5,8.489999771118164,5.510000228881836,7.7186,7.5302,2.33266,9.81919,14.77054,14.613916,45.55,46.1,8953.0,24247.0,113472.0
2020-07-22,6.949999809265137,6.949999809265137,6.849999904632568,6.909999847412109,252000,0.1,7.110000133514404,8.100000381469727,5.269999980926514,7.5486,7.5848,2.33266,9.81919,14.77054,14.613916,45.55,46.1,8953.0,24247.0,113472.0
2020-07-23,6.800000190734863,7.199999809265137,6.639999866485596,7.150000095367432,225500,0.56,6.909999847412109,7.820000171661377,5.78000020980835,7.4529,7.6305,2.33266,9.81919,14.77054,14.613916,45.55,46.1,8953.0,24247.0,113472.0
2020-07-24,7.380000114440918,7.480000019073486,7.15500020980835,7.389999866485596,166600,0.325,7.150000095367432,7.519999980926514,5.78000020980835,7.4343,7.6842,2.33266,9.81919,14.77054,14.613916,45.55,46.1,8953.0,24247.0,113472.0
2020-07-27,7.489999771118164,7.590000152587891,7.329999923706055,7.550000190734863,155400,0.26,7.389999866485596,7.980000019073486,6.360000133514404,7.3729,7.7238,2.33266,9.81919,14.77054,14.613916,45.55,46.1,8953.0,24247.0,113472.0
2020-07-28,7.800000190734863,8.038999557495117,7.800000190734863,7.900000095367432,188600,0.239,7.550000190734863,8.0,6.420000076293945,7.3586,7.7732,2.33266,9.81919,14.77054,14.613916,45.55,46.1,8953.0,24247.0,113472.0
2020-07-29,8.399999618530273,8.600000381469727,8.399999618530273,8.510000228881836,141000,0.2,7.900000095367432,7.5,7.21999979019165,7.5029,7.8162,2.33266,9.81919,14.77054,14.613916,45.55,46.1,8953.0,24247.0,113472.0
2020-07-30,8.430000305175781,8.505000114440918,8.079999923706055,8.1899995803833,212400,0.425,8.510000228881836,7.110000133514404,7.820000171661377,7.6571,7.8285,2.33266,9.81919,14.77054,14.613916,45.55,46.1,8953.0,24247.0,113472.0
2020-07-31,8.520000457763672,8.520000457763672,7.980000019073486,8.149999618530273,78900,0.54,8.1899995803833,6.909999847412109,7.260000228881836,7.8343,7.8582,2.33266,9.81919,14.77054,14.613916,45.55,46.1,8953.0,24247.0,113472.0
2020-08-03,8.630000114440918,8.630000114440918,8.350000381469727,8.420000076293945,109800,0.28,8.149999618530273,7.150000095367432,7.275000095367432,8.0157,7.8963,3.45932,11.44351,17.09798,17.097606,45.55,45.146,9504.0,20871.0,110572.0
2020-08-04,8.630000114440918,8.789999961853027,8.600000381469727,8.6899995803833,58400,0.19,8.420000076293945,7.389999866485596,7.429999828338623,8.2014,7.9383,3.45932,11.44351,17.09798,17.097606,45.55,45.146,9504.0,20871.0,110572.0
2020-08-05,8.520000457763672,8.600000381469727,8.350000381469727,8.510000228881836,265900,0.25,8.6899995803833,7.550000190734863,8.180000305175781,8.3386,7.9493,3.45932,11.44351,17.09798,17.097606,45.55,45.146,9504.0,20871.0,110572.0
2020-08-06,9.0,9.0,8.6899995803833,8.800000190734863,66300,0.31,8.510000228881836,7.900000095367432,7.440000057220459,8.4671,7.9947,3.45932,11.44351,17.09798,17.097606,45.55,45.146,9504.0,20871.0,110572.0
2020-08-07,8.829999923706055,8.829999923706055,8.479999542236328,8.5,35600,0.35,8.800000190734863,8.510000228881836,7.239999771118164,8.4657,8.0367,3.45932,11.44351,17.09798,17.097606,45.55,45.146,9504.0,20871.0,110572.0
2020-08-10,8.529999732971191,8.75,8.529999732971191,8.609999656677246,97800,0.22,8.5,8.1899995803833,7.610000133514404,8.5257,8.07,3.45932,11.44351,17.09798,17.097606,45.55,45.146,9504.0,20871.0,110572.0
2020-08-11,8.90999984741211,9.34000015258789,8.90999984741211,9.31999969482422,244800,0.43,8.609999656677246,8.149999618530273,7.559999942779541,8.6929,8.1287,3.45932,11.44351,17.09798,17.097606,45.55,45.146,9504.0,20871.0,110572.0
2020-08-12,9.18000030517578,9.300000190734863,9.10099983215332,9.15999984741211,134300,0.199,9.31999969482422,8.420000076293945,7.389999866485596,8.7986,8.1877,3.45932,11.44351,17.09798,17.097606,45.55,45.146,9504.0,20871.0,110572.0
2020-08-13,9.130000114440918,9.399999618530272,9.020000457763672,9.020000457763672,81400,0.38,9.15999984741211,8.6899995803833,7.199999809265137,8.8457,8.2483,3.45932,11.44351,17.09798,17.097606,45.55,45.146,9504.0,20871.0,110572.0
2020-08-14,9.09000015258789,9.09000015258789,8.850000381469727,8.850000381469727,33900,0.24,9.020000457763672,8.510000228881836,8.050000190734863,8.8943,8.275,3.45932,11.44351,17.09798,17.097606,45.55,45.146,9504.0,20871.0,110572.0
2020-08-17,8.800999641418457,8.970000267028809,8.739999771118164,8.899999618530273,50100,0.23,8.850000381469727,8.800000190734863,9.420000076293944,8.9086,8.2577,3.45932,11.44351,17.09798,17.097606,45.55,45.146,9504.0,20871.0,110572.0
2020-08-18,8.770000457763672,8.845000267028809,8.75,8.84000015258789,65300,0.095,8.899999618530273,8.5,8.930000305175781,8.9571,8.2547,3.45932,11.44351,17.09798,17.097606,45.55,45.146,9504.0,20871.0,110572.0
2020-08-19,8.729999542236328,8.729999542236328,8.430000305175781,8.470000267028809,158600,0.3,8.84000015258789,8.609999656677246,9.0,8.9371,8.237,3.45932,11.44351,17.09798,17.097606,45.55,45.146,9504.0,20871.0,110572.0
2020-08-20,8.069999694824219,8.168000221252441,7.909999847412109,8.050000190734863,179800,0.258,8.470000267028809,9.31999969482422,8.75,8.7557,8.2137,3.45932,11.44351,17.09798,17.097606,45.55,45.146,9504.0,20871.0,110572.0
2020-08-21,8.050000190734863,8.149999618530273,8.050000190734863,8.109999656677246,40400,0.1,8.050000190734863,9.15999984741211,8.489999771118164,8.6057,8.201,3.45932,11.44351,17.09798,17.097606,45.55,45.146,9504.0,20871.0,110572.0
2020-08-24,9.0,9.0,8.579999923706055,8.65999984741211,45900,0.42,8.109999656677246,9.020000457763672,8.100000381469727,8.5543,8.2197,3.45932,11.44351,17.09798,17.097606,45.55,45.146,9504.0,20871.0,110572.0
2020-08-25,8.770000457763672,8.880000114440918,8.760000228881836,8.760000228881836,90200,0.12,8.65999984741211,8.850000381469727,7.820000171661377,8.5414,8.251,3.45932,11.44351,17.09798,17.097606,45.55,45.146,9504.0,20871.0,110572.0
2020-08-26,8.75,8.949999809265137,8.75,8.789999961853027,33700,0.2,8.760000228881836,8.899999618530273,7.519999980926514,8.5257,8.2933,3.45932,11.44351,17.09798,17.097606,45.55,45.146,9504.0,20871.0,110572.0
2020-08-27,8.770000457763672,8.899999618530273,8.75,8.770000457763672,39600,0.15,8.789999961853027,8.84000015258789,7.980000019073486,8.5157,8.3197,3.45932,11.44351,17.09798,17.097606,45.55,45.146,9504.0,20871.0,110572.0
2020-08-28,8.850000381469727,8.989999771118164,8.649999618530273,8.770000457763672,121400,0.34,8.770000457763672,8.470000267028809,8.0,8.5586,8.3453,3.45932,11.44351,17.09798,17.097606,45.55,45.146,9504.0,20871.0,110572.0
2020-08-31,8.850000381469727,8.850000381469727,8.5,8.520000457763672,48000,0.35,8.770000457763672,8.050000190734863,7.5,8.6257,8.3793,3.45932,11.44351,17.09798,17.097606,45.55,45.146,9504.0,20871.0,110572.0
2020-09-01,8.5,8.5,8.130000114440918,8.130000114440918,87100,0.37,8.520000457763672,8.109999656677246,7.110000133514404,8.6286,8.4133,4.51665,10.26814,17.40133,17.398384,47.9,48.53,9454.0,24244.0,113549.0
2020-09-02,8.0,8.100000381469727,7.789999961853027,7.820000171661377,112900,0.31,8.130000114440918,8.65999984741211,6.909999847412109,8.5086,8.4437,4.51665,10.26814,17.40133,17.398384,47.9,48.53,9454.0,24244.0,113549.0
2020-09-03,7.769999980926514,7.769999980926514,7.366000175476074,7.409999847412109,91900,0.404,7.820000171661377,8.760000228881836,7.150000095367432,8.3157,8.4523,4.51665,10.26814,17.40133,17.398384,47.9,48.53,9454.0,24244.0,113549.0
2020-09-04,7.75,7.78000020980835,7.599999904632568,7.769999980926514,55100,0.18,7.409999847412109,8.789999961853027,7.389999866485596,8.17,8.465,4.51665,10.26814,17.40133,17.398384,47.9,48.53,9454.0,24244.0,113549.0
2020-09-08,7.590000152587891,7.739999771118164,7.400000095367432,7.40500020980835,75200,0.34,7.769999980926514,8.770000457763672,7.550000190734863,7.975,8.4602,4.51665,10.26814,17.40133,17.398384,47.9,48.53,9454.0,24244.0,113549.0
2020-09-09,7.25,7.25,7.139999866485596,7.139999866485596,58100,0.11,7.40500020980835,8.770000457763672,7.900000095367432,7.7421,8.4348,4.51665,10.26814,17.40133,17.398384,47.9,48.53,9454.0,24244.0,113549.0
2020-09-10,7.019999980926514,7.550000190734863,7.019999980926514,7.485000133514404,39900,0.53,7.139999866485596,8.520000457763672,8.510000228881836,7.5943,8.4007,4.51665,10.26814,17.40133,17.398384,47.9,48.53,9454.0,24244.0,113549.0
2020-09-11,7.5,7.690000057220459,7.489999771118164,7.690000057220459,43400,0.2,7.485000133514404,8.130000114440918,8.1899995803833,7.5314,8.384,4.51665,10.26814,17.40133,17.398384,47.9,48.53,9454.0,24244.0,113549.0
2020-09-14,7.869999885559082,7.900000095367432,7.690000057220459,7.849999904632568,19300,0.21,7.690000057220459,7.820000171661377,8.149999618530273,7.5357,8.374,4.51665,10.26814,17.40133,17.398384,47.9,48.53,9454.0,24244.0,113549.0
2020-09-15,7.849999904632568,7.849999904632568,7.53000020980835,7.550000190734863,80900,0.32,7.849999904632568,7.409999847412109,8.420000076293945,7.5557,8.345,4.51665,10.26814,17.40133,17.398384,47.9,48.53,9454.0,24244.0,113549.0
2020-09-16,7.650000095367432,7.664999961853027,7.599999904632568,7.599999904632568,25300,0.065,7.550000190734863,7.769999980926514,8.6899995803833,7.5314,8.3087,4.51665,10.26814,17.40133,17.398384,47.9,48.53,9454.0,24244.0,113549.0
2020-09-17,7.699999809265137,7.699999809265137,7.599999904632568,7.639999866485596,19500,0.1,7.599999904632568,7.40500020980835,8.510000228881836,7.565,8.2797,4.51665,10.26814,17.40133,17.398384,47.9,48.53,9454.0,24244.0,113549.0
2020-09-18,7.670000076293945,7.699999809265137,7.552999973297119,7.570000171661377,13500,0.147,7.639999866485596,7.139999866485596,8.800000190734863,7.6264,8.2387,4.51665,10.26814,17.40133,17.398384,47.9,48.53,9454.0,24244.0,113549.0
2020-09-21,7.510000228881836,7.650000095367432,7.510000228881836,7.625,101800,0.14,7.570000171661377,7.485000133514404,8.5,7.6464,8.2095,4.51665,10.26814,17.40133,17.398384,47.9,48.53,9454.0,24244.0,113549.0
2020-09-22,7.769999980926514,7.827000141143799,7.650000095367432,7.679999828338623,33100,0.177,7.625,7.690000057220459,8.609999656677246,7.645,8.1785,4.51665,10.26814,17.40133,17.398384,47.9,48.53,9454.0,24244.0,113549.0
2020-09-23,8.0,8.109999656677246,8.0,8.109999656677246,48900,0.11,7.679999828338623,7.849999904632568,9.31999969482422,7.6821,8.1382,4.51665,10.26814,17.40133,17.398384,47.9,48.53,9454.0,24244.0,113549.0
2020-09-24,8.449999809265137,8.449999809265137,8.27400016784668,8.430000305175781,119200,0.176,8.109999656677246,7.550000190734863,9.15999984741211,7.8079,8.1138,4.51665,10.26814,17.40133,17.398384,47.9,48.53,9454.0,24244.0,113549.0
2020-09-25,8.3100004196167,8.3100004196167,8.100000381469727,8.210000038146973,44500,0.21,8.430000305175781,7.599999904632568,9.020000457763672,7.895,8.0868,4.51665,10.26814,17.40133,17.398384,47.9,48.53,9454.0,24244.0,113549.0
2020-09-28,8.109999656677246,8.109999656677246,7.940000057220459,8.09000015258789,66700,0.17,8.210000038146973,7.639999866485596,8.850000381469727,7.9593,8.0615,4.51665,10.26814,17.40133,17.398384,47.9,48.53,9454.0,24244.0,113549.0
2020-09-29,8.149999618530273,8.3100004196167,8.130000114440918,8.229999542236328,52100,0.18,8.09000015258789,7.570000171661377,8.899999618530273,8.0536,8.0392,4.51665,10.26814,17.40133,17.398384,47.9,48.53,9454.0,24244.0,113549.0
2020-09-30,8.149999618530273,8.25,8.100000381469727,8.239999771118164,63200,0.15,8.229999542236328,7.625,8.84000015258789,8.1414,8.0192,4.51665,10.26814,17.40133,17.398384,47.9,48.53,9454.0,24244.0,113549.0
2020-10-01,8.300000190734863,8.399999618530273,8.29699993133545,8.359999656677246,21200,0.103,8.239999771118164,7.679999828338623,8.470000267028809,8.2386,8.0155,4.99474,13.64418,22.26227,22.244159,55.57,56.268,9989.0,27030.0,110944.0
2020-10-02,8.550000190734863,8.75,8.550000190734863,8.649999618530273,134300,0.2,8.359999656677246,8.109999656677246,8.050000190734863,8.3157,8.0355,4.99474,13.64418,22.26227,22.244159,55.57,56.268,9989.0,27030.0,110944.0
2020-10-05,8.739999771118164,8.845000267028809,8.699999809265137,8.729999542236328,59300,0.145,8.649999618530273,8.430000305175781,8.109999656677246,8.3586,8.0562,4.99474,13.64418,22.26227,22.244159,55.57,56.268,9989.0,27030.0,110944.0
2020-10-06,8.529999732971191,8.680000305175781,8.510000228881836,8.520000457763672,110900,0.17,8.729999542236328,8.210000038146973,8.65999984741211,8.4029,8.0515,4.99474,13.64418,22.26227,22.244159,55.57,56.268,9989.0,27030.0,110944.0
2020-10-07,8.390000343322754,8.390000343322754,8.130000114440918,8.15999984741211,68400,0.26,8.520000457763672,8.09000015258789,8.760000228881836,8.4129,8.0315,4.99474,13.64418,22.26227,22.244159,55.57,56.268,9989.0,27030.0,110944.0
2020-10-08,8.100000381469727,8.15999984741211,8.0600004196167,8.130000114440918,79000,0.1,8.15999984741211,8.229999542236328,8.789999961853027,8.3986,8.0095,4.99474,13.64418,22.26227,22.244159,55.57,56.268,9989.0,27030.0,110944.0
2020-10-09,8.039999961853027,8.085000038146973,7.860000133514404,7.880000114440918,54900,0.225,8.130000114440918,8.239999771118164,8.770000457763672,8.3471,7.9798,4.99474,13.64418,22.26227,22.244159,55.57,56.268,9989.0,27030.0,110944.0
2020-10-12,7.900000095367432,7.989999771118164,7.900000095367432,7.949999809265137,37200,0.09,7.880000114440918,8.359999656677246,8.770000457763672,8.2886,7.9525,4.99474,13.64418,22.26227,22.244159,55.57,56.268,9989.0,27030.0,110944.0
2020-10-13,7.900000095367432,7.949999809265137,7.900000095367432,7.940000057220459,59500,0.05,7.949999809265137,8.649999618530273,8.520000457763672,8.1871,7.9332,4.99474,13.64418,22.26227,22.244159,55.57,56.268,9989.0,27030.0,110944.0
2020-10-14,7.699999809265137,7.699999809265137,7.460000038146973,7.489999771118164,53500,0.24,7.940000057220459,8.729999542236328,8.130000114440918,8.01,7.9118,4.99474,13.64418,22.26227,22.244159,55.57,56.268,9989.0,27030.0,110944.0
2020-10-15,7.440000057220459,7.440000057220459,7.130000114440918,7.400000095367432,112100,0.31,7.489999771118164,8.520000457763672,7.820000171661377,7.85,7.8978,4.99474,13.64418,22.26227,22.244159,55.57,56.268,9989.0,27030.0,110944.0
2020-10-16,7.28000020980835,7.329999923706055,7.0,7.0,103100,0.33,7.400000095367432,8.15999984741211,7.409999847412109,7.6843,7.8842,4.99474,13.64418,22.26227,22.244159,55.57,56.268,9989.0,27030.0,110944.0
2020-10-19,7.0,7.170000076293945,6.829999923706055,7.110000133514404,195600,0.34,7.0,8.130000114440918,7.769999980926514,7.5386,7.8622,4.99474,13.64418,22.26227,22.244159,55.57,56.268,9989.0,27030.0,110944.0
2020-10-20,7.099999904632568,7.449999809265137,7.099999904632568,7.389999866485596,51200,0.35,7.110000133514404,7.880000114440918,7.40500020980835,7.4686,7.8617,4.99474,13.64418,22.26227,22.244159,55.57,56.268,9989.0,27030.0,110944.0
2020-10-21,7.5,7.869999885559082,7.5,7.670000076293945,54800,0.37,7.389999866485596,7.949999809265137,7.139999866485596,7.4286,7.8793,4.99474,13.64418,22.26227,22.244159,55.57,56.268,9989.0,27030.0,110944.0
2020-10-22,7.670000076293945,7.800000190734863,7.489999771118164,7.510000228881836,44200,0.31,7.670000076293945,7.940000057220459,7.485000133514404,7.3671,7.8802,4.99474,13.64418,22.26227,22.244159,55.57,56.268,9989.0,27030.0,110944.0
2020-10-23,7.400000095367432,7.5,7.334000110626221,7.389999866485596,10700,0.166,7.510000228881836,7.489999771118164,7.690000057220459,7.3529,7.8702,4.99474,13.64418,22.26227,22.244159,55.57,56.268,9989.0,27030.0,110944.0
2020-10-26,7.090000152587891,7.289999961853027,7.090000152587891,7.179999828338623,141900,0.2,7.389999866485596,7.400000095367432,7.849999904632568,7.3214,7.8478,4.99474,13.64418,22.26227,22.244159,55.57,56.268,9989.0,27030.0,110944.0
2020-10-27,7.394999980926514,7.460000038146973,7.119999885559082,7.119999885559082,33100,0.34,7.179999828338623,7.0,7.550000190734863,7.3386,7.8335,4.99474,13.64418,22.26227,22.244159,55.57,56.268,9989.0,27030.0,110944.0
2020-10-28,7.03000020980835,7.09499979019165,6.849999904632568,6.860000133514404,33300,0.245,7.119999885559082,7.110000133514404,7.599999904632568,7.3029,7.8088,4.99474,13.64418,22.26227,22.244159,55.57,56.268,9989.0,27030.0,110944.0
2020-10-29,6.800000190734863,6.800000190734863,6.5,6.5,81100,0.3,6.860000133514404,7.389999866485596,7.639999866485596,7.1757,7.7708,4.99474,13.64418,22.26227,22.244159,55.57,56.268,9989.0,27030.0,110944.0
2020-10-30,6.749000072479248,6.820000171661377,6.630000114440918,6.769999980926514,71900,0.19,6.5,7.670000076293945,7.570000171661377,7.0471,7.7442,4.99474,13.64418,22.26227,22.244159,55.57,56.268,9989.0,27030.0,110944.0
2020-11-02,6.670000076293945,6.710000038146973,6.5,6.519999980926514,22900,0.21,6.769999980926514,7.510000228881836,7.625,6.9057,7.7073,4.72748,14.44519,21.59885,21.515514,63.18,63.399,9842.0,25256.0,98379.0
2020-11-03,6.630000114440918,6.630000114440918,6.309999942779541,6.559999942779541,28700,0.32,6.519999980926514,7.389999866485596,7.679999828338623,6.7871,7.67,4.72748,14.44519,21.59885,21.515514,63.18,63.399,9842.0,25256.0,98379.0
2020-11-04,6.550000190734863,6.550000190734863,6.349999904632568,6.360000133514404,27000,0.2,6.559999942779541,7.179999828338623,8.109999656677246,6.67,7.6117,4.72748,14.44519,21.59885,21.515514,63.18,63.399,9842.0,25256.0,98379.0
2020-11-05,6.289999961853027,6.690000057220459,6.289999961853027,6.539999961853027,44500,0.4,6.360000133514404,7.119999885559082,8.430000305175781,6.5871,7.5487,4.72748,14.44519,21.59885,21.515514,63.18,63.399,9842.0,25256.0,98379.0
2020-11-06,6.599999904632568,6.880000114440918,6.559999942779541,6.800000190734863,26400,0.32,6.539999961853027,6.860000133514404,8.210000038146973,6.5786,7.5017,4.72748,14.44519,21.59885,21.515514,63.18,63.399,9842.0,25256.0,98379.0
2020-11-09,7.03000020980835,7.050000190734863,6.920000076293945,7.010000228881836,57700,0.13,6.800000190734863,6.5,8.09000015258789,6.6514,7.4657,4.72748,14.44519,21.59885,21.515514,63.18,63.399,9842.0,25256.0,98379.0
2020-11-10,6.900000095367432,6.900000095367432,6.650000095367432,6.670000076293945,77900,0.25,7.010000228881836,6.769999980926514,8.229999542236328,6.6371,7.4137,4.72748,14.44519,21.59885,21.515514,63.18,63.399,9842.0,25256.0,98379.0
2020-11-11,6.349999904632568,6.458000183105469,6.210000038146973,6.21999979019165,98900,0.248,6.670000076293945,6.519999980926514,8.239999771118164,6.5943,7.3463,4.72748,14.44519,21.59885,21.515514,63.18,63.399,9842.0,25256.0,98379.0
2020-11-12,6.5,6.5,6.260000228881836,6.409999847412109,46700,0.24,6.21999979019165,6.559999942779541,8.359999656677246,6.5729,7.2813,4.72748,14.44519,21.59885,21.515514,63.18,63.399,9842.0,25256.0,98379.0
2020-11-13,6.5,6.5,6.23199987411499,6.309999942779541,63500,0.268,6.409999847412109,6.360000133514404,8.649999618530273,6.5657,7.2033,4.72748,14.44519,21.59885,21.515514,63.18,63.399,9842.0,25256.0,98379.0
2020-11-16,6.510000228881836,6.510000228881836,6.25,6.28000020980835,14100,0.26,6.309999942779541,6.539999961853027,8.729999542236328,6.5286,7.1217,4.72748,14.44519,21.59885,21.515514,63.18,63.399,9842.0,25256.0,98379.0
2020-11-17,6.480000019073486,6.480000019073486,6.25,6.25,24300,0.23,6.28000020980835,6.800000190734863,8.520000457763672,6.45,7.046,4.72748,14.44519,21.59885,21.515514,63.18,63.399,9842.0,25256.0,98379.0
2020-11-18,6.449999809265137,6.46999979019165,6.335999965667725,6.369999885559082,14600,0.134,6.25,7.010000228881836,8.15999984741211,6.3586,6.9863,4.72748,14.44519,21.59885,21.515514,63.18,63.399,9842.0,25256.0,98379.0
2020-11-19,6.400000095367432,6.710000038146973,6.400000095367432,6.599999904632568,93100,0.31,6.369999885559082,6.670000076293945,8.130000114440918,6.3486,6.9353,4.72748,14.44519,21.59885,21.515514,63.18,63.399,9842.0,25256.0,98379.0
2020-11-20,6.539999961853027,6.71999979019165,6.539999961853027,6.610000133514404,13600,0.18,6.599999904632568,6.21999979019165,7.880000114440918,6.4043,6.893,4.72748,14.44519,21.59885,21.515514,63.18,63.399,9842.0,25256.0,98379.0
2020-11-23,6.550000190734863,6.800000190734863,6.5,6.610000133514404,43400,0.3,6.610000133514404,6.409999847412109,7.949999809265137,6.4329,6.8483,4.72748,14.44519,21.59885,21.515514,63.18,63.399,9842.0,25256.0,98379.0
2020-11-24,6.630000114440918,6.659999847412109,6.353000164031982,6.590000152587891,89800,0.307,6.610000133514404,6.309999942779541,7.940000057220459,6.4729,6.8033,4.72748,14.44519,21.59885,21.515514,63.18,63.399,9842.0,25256.0,98379.0
2020-11-25,6.75,6.800000190734863,6.659999847412109,6.699999809265137,35400,0.14,6.590000152587891,6.28000020980835,7.489999771118164,6.5329,6.777,4.72748,14.44519,21.59885,21.515514,63.18,63.399,9842.0,25256.0,98379.0
2020-11-27,6.400000095367432,6.71999979019165,6.360000133514404,6.619999885559082,59000,0.36,6.699999809265137,6.25,7.400000095367432,6.5857,6.751,4.72748,14.44519,21.59885,21.515514,63.18,63.399,9842.0,25256.0,98379.0
2020-11-30,6.570000171661377,6.570000171661377,6.369999885559082,6.420000076293945,39100,0.2,6.619999885559082,6.369999885559082,7.0,6.5929,6.7317,4.72748,14.44519,21.59885,21.515514,63.18,63.399,9842.0,25256.0,98379.0
2020-12-01,6.420000076293945,6.454999923706055,6.349999904632568,6.409999847412109,22700,0.105,6.420000076293945,6.599999904632568,7.110000133514404,6.5657,6.7083,5.41591,13.56042,22.07164,22.175024,71.07,71.772,10780.0,28266.0,107308.0
2020-12-02,6.25,6.25,6.129000186920166,6.170000076293945,46500,0.121,6.409999847412109,6.610000133514404,7.389999866485596,6.5029,6.6677,5.41591,13.56042,22.07164,22.175024,71.07,71.772,10780.0,28266.0,107308.0
2020-12-03,6.099999904632568,6.289999961853027,6.099999904632568,6.239999771118164,37900,0.19,6.170000076293945,6.610000133514404,7.670000076293945,6.45,6.62,5.41591,13.56042,22.07164,22.175024,71.07,71.772,10780.0,28266.0,107308.0
2020-12-04,6.420000076293945,6.550000190734863,6.420000076293945,6.539999961853027,54200,0.13,6.239999771118164,6.590000152587891,7.510000228881836,6.4429,6.5877,5.41591,13.56042,22.07164,22.175024,71.07,71.772,10780.0,28266.0,107308.0
2020-12-07,6.559999942779541,6.559999942779541,6.260000228881836,6.400000095367432,15600,0.3,6.539999961853027,6.699999809265137,7.389999866485596,6.4,6.5547,5.41591,13.56042,22.07164,22.175024,71.07,71.772,10780.0,28266.0,107308.0
2020-12-08,6.474999904632568,6.494999885559082,6.449999809265137,6.460000038146973,14400,0.045,6.400000095367432,6.619999885559082,7.179999828338623,6.3771,6.5307,5.41591,13.56042,22.07164,22.175024,71.07,71.772,10780.0,28266.0,107308.0
2020-12-09,6.639999866485596,6.78000020980835,6.619999885559082,6.710000038146973,75800,0.16,6.460000038146973,6.420000076293945,7.119999885559082,6.4186,6.517,5.41591,13.56042,22.07164,22.175024,71.07,71.772,10780.0,28266.0,107308.0
2020-12-10,6.989999771118164,7.119999885559082,6.985000133514404,7.044000148773193,50100,0.135,6.710000038146973,6.409999847412109,6.860000133514404,6.5091,6.5231,5.41591,13.56042,22.07164,22.175024,71.07,71.772,10780.0,28266.0,107308.0
2020-12-11,7.099999904632568,7.199999809265137,7.090000152587891,7.179999828338623,54100,0.11,7.044000148773193,6.170000076293945,6.5,6.6534,6.5458,5.41591,13.56042,22.07164,22.175024,71.07,71.772,10780.0,28266.0,107308.0
2020-12-14,7.269999980926514,7.559999942779541,7.269999980926514,7.300000190734863,83300,0.29,7.179999828338623,6.239999771118164,6.769999980926514,6.8049,6.5635,5.41591,13.56042,22.07164,22.175024,71.07,71.772,10780.0,28266.0,107308.0
2020-12-15,7.300000190734863,7.300000190734863,7.269999980926514,7.300000190734863,42500,0.03,7.300000190734863,6.539999961853027,6.519999980926514,6.9134,6.5895,5.41591,13.56042,22.07164,22.175024,71.07,71.772,10780.0,28266.0,107308.0
2020-12-16,7.260000228881836,7.28000020980835,7.03000020980835,7.090000152587891,42000,0.25,7.300000190734863,6.400000095367432,6.559999942779541,7.012,6.6071,5.41591,13.56042,22.07164,22.175024,71.07,71.772,10780.0,28266.0,107308.0
2020-12-17,7.210000038146973,7.46999979019165,7.210000038146973,7.409999847412109,68300,0.26,7.090000152587891,6.460000038146973,6.360000133514404,7.1477,6.6421,5.41591,13.56042,22.07164,22.175024,71.07,71.772,10780.0,28266.0,107308.0
2020-12-18,7.409999847412109,7.525000095367432,7.360000133514404,7.460000038146973,39400,0.165,7.409999847412109,6.710000038146973,6.539999961853027,7.2549,6.6728,5.41591,13.56042,22.07164,22.175024,71.07,71.772,10780.0,28266.0,107308.0
2020-12-21,7.389999866485596,7.5,7.25,7.269999980926514,57600,0.25,7.460000038146973,7.044000148773193,6.800000190734863,7.2871,6.6885,5.41591,13.56042,22.07164,22.175024,71.07,71.772,10780.0,28266.0,107308.0
2020-12-22,7.440000057220459,7.550000190734863,7.440000057220459,7.51200008392334,54200,0.11,7.269999980926514,7.179999828338623,7.010000228881836,7.3346,6.7052,5.41591,13.56042,22.07164,22.175024,71.07,71.772,10780.0,28266.0,107308.0
2020-12-23,7.599999904632568,7.800000190734863,7.590000152587891,7.730000019073486,95700,0.21,7.51200008392334,7.300000190734863,6.670000076293945,7.396,6.7405,5.41591,13.56042,22.07164,22.175024,71.07,71.772,10780.0,28266.0,107308.0
2020-12-24,7.769999980926514,7.769999980926514,7.559999942779541,7.559999942779541,13200,0.21,7.730000019073486,7.300000190734863,6.21999979019165,7.4331,6.7852,5.41591,13.56042,22.07164,22.175024,71.07,71.772,10780.0,28266.0,107308.0
2020-12-28,7.75,7.760000228881836,7.599999904632568,7.635000228881836,34600,0.16,7.559999942779541,7.090000152587891,6.409999847412109,7.511,6.826,5.41591,13.56042,22.07164,22.175024,71.07,71.772,10780.0,28266.0,107308.0
2020-12-29,7.570000171661377,7.585000038146973,7.110000133514404,7.199999809265137,133000,0.475,7.635000228881836,7.409999847412109,6.309999942779541,7.481,6.8557,5.41591,13.56042,22.07164,22.175024,71.07,71.772,10780.0,28266.0,107308.0
2020-12-30,7.440000057220459,7.690000057220459,7.34499979019165,7.510000228881836,176900,0.345,7.199999809265137,7.460000038146973,6.28000020980835,7.4881,6.8967,5.41591,13.56042,22.07164,22.175024,71.07,71.772,10780.0,28266.0,107308.0
2020-12-31,7.590000152587891,7.75,7.590000152587891,7.699999809265137,24700,0.16,7.510000228881836,7.269999980926514,6.25,7.5496,6.945,5.41591,13.56042,22.07164,22.175024,71.07,71.772,10780.0,28266.0,107308.0
2021-01-04,8.0,8.600000381469727,8.0,8.470000267028809,191700,0.6,7.699999809265137,7.51200008392334,6.369999885559082,7.6864,7.015,5.98806,15.20501,24.43468,24.454468,73.51,74.277,10602.0,29563.0,111434.0
2021-01-05,8.489999771118164,8.9399995803833,8.489999771118164,8.5600004196167,219900,0.45,8.470000267028809,7.730000019073486,6.599999904632568,7.805,7.0804,5.98806,15.20501,24.43468,24.454468,73.51,74.277,10602.0,29563.0,111434.0
2021-01-06,8.5,8.739999771118164,8.380000114440918,8.529999732971191,83000,0.36,8.5600004196167,7.559999942779541,6.610000133514404,7.9436,7.1444,5.98806,15.20501,24.43468,24.454468,73.51,74.277,10602.0,29563.0,111434.0
2021-01-07,9.0,9.34000015258789,9.0,9.31999969482422,294500,0.34,8.529999732971191,7.635000228881836,6.610000133514404,8.1843,7.2347,5.98806,15.20501,24.43468,24.454468,73.51,74.277,10602.0,29563.0,111434.0
2021-01-08,10.010000228881836,10.56999969482422,10.010000228881836,10.34000015258789,364900,0.56,9.31999969482422,7.199999809265137,6.590000152587891,8.6329,7.3597,5.98806,15.20501,24.43468,24.454468,73.51,74.277,10602.0,29563.0,111434.0
2021-01-11,11.350000381469728,12.100000381469728,11.31999969482422,11.800000190734863,428100,0.78,10.34000015258789,7.510000228881836,6.699999809265137,9.2457,7.5297,5.98806,15.20501,24.43468,24.454468,73.51,74.277,10602.0,29563.0,111434.0
2021-01-12,10.3100004196167,11.5,10.3100004196167,10.59000015258789,477200,1.19,11.800000190734863,7.699999809265137,6.619999885559082,9.6586,7.662,5.98806,15.20501,24.43468,24.454468,73.51,74.277,10602.0,29563.0,111434.0
2021-01-13,9.899999618530272,9.989999771118164,9.508999824523926,9.960000038146973,308100,0.481,10.59000015258789,8.470000267028809,6.420000076293945,9.8714,7.78,5.98806,15.20501,24.43468,24.454468,73.51,74.277,10602.0,29563.0,111434.0
2021-01-14,10.390000343322754,10.539999961853027,10.100000381469728,10.470000267028809,111700,0.44,9.960000038146973,8.5600004196167,6.409999847412109,10.1443,7.9154,5.98806,15.20501,24.43468,24.454468,73.51,74.277,10602.0,29563.0,111434.0
2021-01-15,11.5,11.5,11.0,11.039999961853027,128700,0.5,10.470000267028809,8.529999732971191,6.170000076293945,10.5029,8.0777,5.98806,15.20501,24.43468,24.454468,73.51,74.277,10602.0,29563.0,111434.0
2021-01-19,11.130000114440918,11.199999809265137,10.550000190734863,10.710000038146973,158200,0.65,11.039999961853027,9.31999969482422,6.239999771118164,10.7014,8.2267,5.98806,15.20501,24.43468,24.454468,73.51,74.277,10602.0,29563.0,111434.0
2021-01-20,10.710000038146973,10.850000381469728,10.710000038146973,10.800000190734863,43300,0.14,10.710000038146973,10.34000015258789,6.539999961853027,10.7671,8.3687,5.98806,15.20501,24.43468,24.454468,73.51,74.277,10602.0,29563.0,111434.0
2021-01-21,10.84000015258789,11.5,10.84000015258789,11.329999923706056,182300,0.66,10.800000190734863,11.800000190734863,6.400000095367432,10.7,8.533,5.98806,15.20501,24.43468,24.454468,73.51,74.277,10602.0,29563.0,111434.0
2021-01-22,11.039999961853027,11.0600004196167,10.720000267028809,11.0,133400,0.34,11.329999923706056,10.59000015258789,6.460000038146973,10.7586,8.6844,5.98806,15.20501,24.43468,24.454468,73.51,74.277,10602.0,29563.0,111434.0
2021-01-25,10.68000030517578,10.710000038146973,10.3100004196167,10.699999809265137,94400,0.4,11.0,9.960000038146973,6.710000038146973,10.8643,8.8174,5.98806,15.20501,24.43468,24.454468,73.51,74.277,10602.0,29563.0,111434.0
2021-01-26,10.170000076293944,10.170000076293944,9.579999923706056,9.600000381469728,299400,0.59,10.699999809265137,10.470000267028809,7.044000148773193,10.74,8.9026,5.98806,15.20501,24.43468,24.454468,73.51,74.277,10602.0,29563.0,111434.0
2021-01-27,9.630000114440918,10.100000381469728,9.630000114440918,10.02299976348877,130800,0.47,9.600000381469728,11.039999961853027,7.179999828338623,10.5947,8.9973,5.98806,15.20501,24.43468,24.454468,73.51,74.277,10602.0,29563.0,111434.0
2021-01-28,10.0,10.0,9.571000099182127,9.760000228881836,59200,0.429,10.02299976348877,10.710000038146973,7.300000190734863,10.459,9.0793,5.98806,15.20501,24.43468,24.454468,73.51,74.277,10602.0,29563.0,111434.0
2021-01-29,9.859999656677246,10.529999732971191,9.859999656677246,10.34000015258789,116600,0.67,9.760000228881836,10.800000190734863,7.300000190734863,10.3933,9.1807,5.98806,15.20501,24.43468,24.454468,73.51,74.277,10602.0,29563.0,111434.0
2021-02-01,10.460000038146973,10.460000038146973,10.0,10.1899995803833,38500,0.46,10.34000015258789,11.329999923706056,7.090000152587891,10.2304,9.284,4.56143,10.45212,16.17931,15.880306,74.61,75.187,9860.0,30777.0,104738.0
2021-02-02,9.369999885559082,9.369999885559082,9.210000038146973,9.229999542236328,104500,0.16,10.1899995803833,11.0,7.409999847412109,9.9776,9.3447,4.56143,10.45212,16.17931,15.880306,74.61,75.187,9860.0,30777.0,104738.0
2021-02-03,9.359999656677246,9.550000190734863,9.359999656677246,9.449999809265137,87700,0.19,9.229999542236328,10.699999809265137,7.460000038146973,9.799,9.411,4.56143,10.45212,16.17931,15.880306,74.61,75.187,9860.0,30777.0,104738.0
2021-02-04,9.449999809265137,9.949999809265137,9.449999809265137,9.8100004196167,41200,0.5,9.449999809265137,9.600000381469728,7.269999980926514,9.829,9.4957,4.56143,10.45212,16.17931,15.880306,74.61,75.187,9860.0,30777.0,104738.0
2021-02-05,10.25,10.350000381469728,10.02299976348877,10.239999771118164,85000,0.327,9.8100004196167,10.02299976348877,7.51200008392334,9.86,9.5866,4.56143,10.45212,16.17931,15.880306,74.61,75.187,9860.0,30777.0,104738.0
2021-02-08,10.010000228881836,10.04599952697754,9.574000358581545,9.789999961853027,85200,0.472,10.239999771118164,9.760000228881836,7.730000019073486,9.8643,9.6553,4.56143,10.45212,16.17931,15.880306,74.61,75.187,9860.0,30777.0,104738.0
2021-02-09,10.210000038146973,10.300000190734863,9.980999946594238,10.100000381469728,63700,0.319,9.789999961853027,10.34000015258789,7.559999942779541,9.83,9.7399,4.56143,10.45212,16.17931,15.880306,74.61,75.187,9860.0,30777.0,104738.0
2021-02-10,10.550000190734863,10.84000015258789,10.550000190734863,10.75,83700,0.29,10.100000381469728,10.1899995803833,7.635000228881836,9.91,9.8438,4.56143,10.45212,16.17931,15.880306,74.61,75.187,9860.0,30777.0,104738.0
2021-02-11,10.739999771118164,11.550000190734863,10.574999809265137,11.550000190734863,131500,0.975,10.75,9.229999542236328,7.199999809265137,10.2414,9.9888,4.56143,10.45212,16.17931,15.880306,74.61,75.187,9860.0,30777.0,104738.0
2021-02-12,12.0600004196167,12.755000114440918,12.0600004196167,12.43000030517578,368900,0.695,11.550000190734863,9.449999809265137,7.510000228881836,10.6671,10.1528,4.56143,10.45212,16.17931,15.880306,74.61,75.187,9860.0,30777.0,104738.0
2021-02-16,14.970000267028809,16.190000534057617,14.920000076293944,15.81999969482422,517500,1.27,12.43000030517578,9.8100004196167,7.699999809265137,11.5257,10.4234,4.56143,10.45212,16.17931,15.880306,74.61,75.187,9860.0,30777.0,104738.0
2021-02-17,17.25,17.350000381469727,15.899999618530272,16.65999984741211,352400,1.45,15.81999969482422,10.239999771118164,8.470000267028809,12.4429,10.6964,4.56143,10.45212,16.17931,15.880306,74.61,75.187,9860.0,30777.0,104738.0
2021-02-18,13.90999984741211,14.0,13.0,13.520000457763672,361100,1.0,16.65999984741211,9.789999961853027,8.5600004196167,12.9757,10.8618,4.56143,10.45212,16.17931,15.880306,74.61,75.187,9860.0,30777.0,104738.0
2021-02-19,13.789999961853027,14.5,13.789999961853027,14.5,202300,0.71,13.520000457763672,10.100000381469728,8.529999732971191,13.6043,11.0608,4.56143,10.45212,16.17931,15.880306,74.61,75.187,9860.0,30777.0,104738.0
2021-02-22,14.5,14.800000190734863,13.604999542236328,13.739999771118164,226700,1.195,14.5,10.75,9.31999969482422,14.0314,11.2081,4.56143,10.45212,16.17931,15.880306,74.61,75.187,9860.0,30777.0,104738.0
2021-02-23,12.800000190734863,13.489999771118164,12.510000228881836,13.34000015258789,210700,0.98,13.739999771118164,11.550000190734863,10.34000015258789,14.2871,11.3081,4.56143,10.45212,16.17931,15.880306,74.61,75.187,9860.0,30777.0,104738.0
2021-02-24,12.65999984741211,13.359999656677246,12.510000228881836,13.170000076293944,147700,0.85,13.34000015258789,12.43000030517578,11.800000190734863,14.3929,11.3538,4.56143,10.45212,16.17931,15.880306,74.61,75.187,9860.0,30777.0,104738.0
2021-02-25,13.170000076293944,13.640000343322754,13.039999961853027,13.3100004196167,118500,0.6,13.170000076293944,15.81999969482422,10.59000015258789,14.0343,11.4444,4.56143,10.45212,16.17931,15.880306,74.61,75.187,9860.0,30777.0,104738.0
2021-02-26,13.43000030517578,13.43000030517578,12.66100025177002,12.710000038146973,98400,0.769,13.3100004196167,16.65999984741211,9.960000038146973,13.47,11.5361,4.56143,10.45212,16.17931,15.880306,74.61,75.187,9860.0,30777.0,104738.0
2021-03-01,13.0,13.350000381469728,12.970000267028809,13.020000457763672,49300,0.38,12.710000038146973,13.520000457763672,10.470000267028809,13.3986,11.6211,5.49581,10.58482,18.82408,18.822228,95.96,96.655,11049.0,34901.0,123056.0
2021-03-02,14.34000015258789,14.899999618530272,14.140000343322754,14.890000343322754,238000,0.76,13.020000457763672,14.5,11.039999961853027,13.4543,11.7494,5.49581,10.58482,18.82408,18.822228,95.96,96.655,11049.0,34901.0,123056.0
2021-03-03,15.5,15.5,14.890000343322754,15.279999732971191,217400,0.61,14.890000343322754,13.739999771118164,10.710000038146973,13.6743,11.9018,5.49581,10.58482,18.82408,18.822228,95.96,96.655,11049.0,34901.0,123056.0
2021-03-04,15.630000114440918,15.630000114440918,14.75,15.260000228881836,178100,0.88,15.279999732971191,13.34000015258789,10.800000190734863,13.9486,12.0504,5.49581,10.58482,18.82408,18.822228,95.96,96.655,11049.0,34901.0,123056.0
2021-03-05,16.0,16.350000381469727,15.59000015258789,16.25,293700,0.76,15.260000228881836,13.170000076293944,11.329999923706056,14.3886,12.2144,5.49581,10.58482,18.82408,18.822228,95.96,96.655,11049.0,34901.0,123056.0
2021-03-08,16.65999984741211,16.65999984741211,16.450000762939453,16.5,404500,0.21,16.25,13.3100004196167,11.0,14.8443,12.3978,5.49581,10.58482,18.82408,18.822228,95.96,96.655,11049.0,34901.0,123056.0
2021-03-09,16.579999923706055,16.65999984741211,15.510000228881836,16.329999923706055,415800,1.15,16.5,12.710000038146973,10.699999809265137,15.3614,12.5854,5.49581,10.58482,18.82408,18.822228,95.96,96.655,11049.0,34901.0,123056.0
2021-03-10,15.699999809265137,15.800000190734863,15.25,15.31999969482422,290900,0.55,16.329999923706055,13.020000457763672,9.600000381469728,15.69,12.7761,5.49581,10.58482,18.82408,18.822228,95.96,96.655,11049.0,34901.0,123056.0
2021-03-11,16.34000015258789,16.38800048828125,15.609999656677246,16.200000762939453,110100,0.778,15.31999969482422,14.890000343322754,10.02299976348877,15.8771,12.982,5.49581,10.58482,18.82408,18.822228,95.96,96.655,11049.0,34901.0,123056.0
2021-03-12,16.350000381469727,16.600000381469727,16.149999618530273,16.59000015258789,103500,0.45,16.200000762939453,15.279999732971191,9.760000228881836,16.0643,13.2097,5.49581,10.58482,18.82408,18.822228,95.96,96.655,11049.0,34901.0,123056.0
2021-03-15,17.459999084472656,17.969999313354492,17.020000457763672,17.950000762939453,309700,0.95,16.59000015258789,15.260000228881836,10.34000015258789,16.4486,13.4633,5.49581,10.58482,18.82408,18.822228,95.96,96.655,11049.0,34901.0,123056.0
2021-03-16,17.670000076293945,18.190000534057617,17.5,18.0,350100,0.69,17.950000762939453,16.25,10.1899995803833,16.6986,13.7237,5.49581,10.58482,18.82408,18.822228,95.96,96.655,11049.0,34901.0,123056.0
2021-03-17,18.59000015258789,19.540000915527344,18.540000915527344,19.5,330400,1.0,18.0,16.5,9.229999542236328,17.1271,14.066,5.49581,10.58482,18.82408,18.822228,95.96,96.655,11049.0,34901.0,123056.0
2021-03-18,20.809999465942383,20.84000015258789,19.71999931335449,20.32999992370605,682100,1.12,19.5,16.329999923706055,9.449999809265137,17.6986,14.4287,5.49581,10.58482,18.82408,18.822228,95.96,96.655,11049.0,34901.0,123056.0
2021-03-19,20.399999618530277,20.700000762939453,19.299999237060547,19.56999969482422,420700,1.4,20.32999992370605,15.31999969482422,9.8100004196167,18.3057,14.754,5.49581,10.58482,18.82408,18.822228,95.96,96.655,11049.0,34901.0,123056.0
2021-03-22,19.799999237060547,19.799999237060547,18.8700008392334,19.059999465942383,250500,0.93,19.56999969482422,16.200000762939453,10.239999771118164,18.7143,15.048,5.49581,10.58482,18.82408,18.822228,95.96,96.655,11049.0,34901.0,123056.0
2021-03-23,17.799999237060547,17.799999237060547,16.610000610351562,16.700000762939453,531000,1.19,19.059999465942383,16.59000015258789,9.789999961853027,18.73,15.2783,5.49581,10.58482,18.82408,18.822228,95.96,96.655,11049.0,34901.0,123056.0
2021-03-24,16.780000686645508,17.454999923706055,15.739999771118164,17.239999771118164,468000,1.715,16.700000762939453,17.950000762939453,10.100000381469728,18.6286,15.5163,5.49581,10.58482,18.82408,18.822228,95.96,96.655,11049.0,34901.0,123056.0
2021-03-25,18.790000915527344,19.43000030517578,18.06999969482422,19.299999237060547,446600,1.36,17.239999771118164,18.0,10.75,18.8143,15.8013,5.49581,10.58482,18.82408,18.822228,95.96,96.655,11049.0,34901.0,123056.0
2021-03-26,19.0,19.0,18.209999084472656,18.420000076293945,229400,0.79,19.299999237060547,19.5,11.550000190734863,18.66,16.0303,5.49581,10.58482,18.82408,18.822228,95.96,96.655,11049.0,34901.0,123056.0
2021-03-29,17.8799991607666,17.8799991607666,16.649999618530273,16.8700008392334,248400,1.23,18.420000076293945,20.32999992370605,12.43000030517578,18.1657,16.1783,5.49581,10.58482,18.82408,18.822228,95.96,96.655,11049.0,34901.0,123056.0
2021-03-30,16.18000030517578,16.5,16.170000076293945,16.5,180100,0.33,16.8700008392334,19.56999969482422,15.81999969482422,17.7271,16.201,5.49581,10.58482,18.82408,18.822228,95.96,96.655,11049.0,34901.0,123056.0
2021-03-31,16.270000457763672,17.0,16.270000457763672,16.920000076293945,171000,0.73,16.5,19.059999465942383,16.65999984741211,17.4214,16.2097,5.49581,10.58482,18.82408,18.822228,95.96,96.655,11049.0,34901.0,123056.0
2021-04-01,17.399999618530273,18.020000457763672,17.329999923706055,17.93000030517578,185500,0.69,16.920000076293945,16.700000762939453,13.520000457763672,17.5971,16.3567,4.287117,13.613367,21.747608,21.681159,51.62,52.168,10094.0,30418.0,119274.0
2021-04-05,18.13999938964844,18.270000457763672,17.68000030517578,18.209999084472656,677200,0.59,17.93000030517578,17.239999771118164,14.5,17.7357,16.4803,4.287117,13.613367,21.747608,21.681159,51.62,52.168,10094.0,30418.0,119274.0
2021-04-06,18.06999969482422,18.18000030517578,17.309999465942383,17.56999969482422,370300,0.87,18.209999084472656,19.299999237060547,13.739999771118164,17.4886,16.608,4.287117,13.613367,21.747608,21.681159,51.62,52.168,10094.0,30418.0,119274.0
2021-04-07,17.399999618530273,17.709999084472656,16.850000381469727,16.969999313354492,163500,0.86,17.56999969482422,18.420000076293945,13.34000015258789,17.2814,16.729,4.287117,13.613367,21.747608,21.681159,51.62,52.168,10094.0,30418.0,119274.0
2021-04-08,16.09000015258789,16.690000534057617,15.56999969482422,16.530000686645508,357600,1.12,16.969999313354492,16.8700008392334,13.170000076293944,17.2329,16.841,4.287117,13.613367,21.747608,21.681159,51.62,52.168,10094.0,30418.0,119274.0
2021-04-09,16.84000015258789,17.59000015258789,16.799999237060547,17.520000457763672,142700,0.79,16.530000686645508,16.5,13.3100004196167,17.3786,16.9813,4.287117,13.613367,21.747608,21.681159,51.62,52.168,10094.0,30418.0,119274.0
2021-04-12,18.010000228881836,18.299999237060547,17.909000396728516,18.07999992370605,184600,0.391,17.520000457763672,16.920000076293945,12.710000038146973,17.5443,17.1603,4.287117,13.613367,21.747608,21.681159,51.62,52.168,10094.0,30418.0,119274.0
2021-04-13,17.760000228881836,17.760000228881836,17.010000228881836,17.06999969482422,219300,0.75,18.07999992370605,17.93000030517578,13.020000457763672,17.4214,17.2953,4.287117,13.613367,21.747608,21.681159,51.62,52.168,10094.0,30418.0,119274.0
2021-04-14,18.5,18.899999618530277,17.850000381469727,18.790000915527344,335000,1.05,17.06999969482422,18.209999084472656,14.890000343322754,17.5043,17.4253,4.287117,13.613367,21.747608,21.681159,51.62,52.168,10094.0,30418.0,119274.0
2021-04-15,19.489999771118164,20.41900062561035,19.3700008392334,20.299999237060547,395300,1.049,18.790000915527344,17.56999969482422,15.279999732971191,17.8943,17.5927,4.287117,13.613367,21.747608,21.681159,51.62,52.168,10094.0,30418.0,119274.0
2021-04-16,19.770000457763672,20.170000076293945,19.700000762939453,19.790000915527344,285800,0.47,20.299999237060547,16.969999313354492,15.260000228881836,18.2971,17.7437,4.287117,13.613367,21.747608,21.681159,51.62,52.168,10094.0,30418.0,119274.0
2021-04-19,20.06999969482422,20.100000381469727,19.899999618530277,20.0,234000,0.2,19.790000915527344,16.530000686645508,16.25,18.7929,17.8687,4.287117,13.613367,21.747608,21.681159,51.62,52.168,10094.0,30418.0,119274.0
2021-04-20,20.100000381469727,20.479999542236328,20.030000686645508,20.450000762939453,281900,0.45,20.0,17.520000457763672,16.5,19.2114,18.0003,4.287117,13.613367,21.747608,21.681159,51.62,52.168,10094.0,30418.0,119274.0
2021-04-21,21.25,22.149999618530277,21.25,21.8799991607666,571100,0.9,20.450000762939453,18.07999992370605,16.329999923706055,19.7543,18.1853,4.287117,13.613367,21.747608,21.681159,51.62,52.168,10094.0,30418.0,119274.0
2021-04-22,21.11000061035156,21.11000061035156,20.309999465942383,20.46999931335449,289300,0.8,21.8799991607666,17.06999969482422,15.31999969482422,20.24,18.357,4.287117,13.613367,21.747608,21.681159,51.62,52.168,10094.0,30418.0,119274.0
2021-04-23,20.989999771118164,21.371999740600582,20.850000381469727,20.920000076293945,180700,0.522,20.46999931335449,18.790000915527344,16.200000762939453,20.5443,18.5143,4.287117,13.613367,21.747608,21.681159,51.62,52.168,10094.0,30418.0,119274.0
2021-04-26,21.670000076293945,21.690000534057617,21.298999786376957,21.399999618530277,273600,0.391,20.920000076293945,20.299999237060547,16.59000015258789,20.7014,18.6747,4.287117,13.613367,21.747608,21.681159,51.62,52.168,10094.0,30418.0,119274.0
2021-04-27,22.399999618530277,23.0,22.336000442504883,22.979999542236328,566500,0.664,21.399999618530277,19.790000915527344,17.950000762939453,21.1571,18.8423,4.287117,13.613367,21.747608,21.681159,51.62,52.168,10094.0,30418.0,119274.0
2021-04-28,23.24799919128418,23.559999465942383,22.84000015258789,23.520000457763672,626000,0.72,22.979999542236328,20.0,18.0,21.66,19.0263,4.287117,13.613367,21.747608,21.681159,51.62,52.168,10094.0,30418.0,119274.0
2021-04-29,23.850000381469727,24.100000381469727,23.600000381469727,24.01000022888184,481600,0.5,23.520000457763672,20.450000762939453,19.5,22.1686,19.1767,4.287117,13.613367,21.747608,21.681159,51.62,52.168,10094.0,30418.0,119274.0
2021-04-30,24.030000686645508,24.780000686645508,24.030000686645508,24.700000762939453,613000,0.75,24.01000022888184,21.8799991607666,20.32999992370605,22.5714,19.3223,4.287117,13.613367,21.747608,21.681159,51.62,52.168,10094.0,30418.0,119274.0
2021-05-03,24.90999984741211,25.38999938964844,24.75,25.07999992370605,880600,0.64,24.700000762939453,20.46999931335449,19.56999969482422,23.23,19.506,4.883109,13.340053,20.974544,20.949498,53.25,53.822,9426.0,25069.0,110478.0
2021-05-04,26.1299991607666,26.31999969482422,25.452999114990234,26.209999084472656,1040600,0.867,25.07999992370605,20.920000076293945,19.059999465942383,23.9857,19.7443,4.883109,13.340053,20.974544,20.949498,53.25,53.822,9426.0,25069.0,110478.0
2021-05-05,27.21999931335449,27.5,26.200000762939453,26.670000076293945,1619100,1.3,26.209999084472656,21.399999618530277,16.700000762939453,24.7386,20.0767,4.883109,13.340053,20.974544,20.949498,53.25,53.822,9426.0,25069.0,110478.0
2021-05-06,24.88999938964844,24.920000076293945,23.290000915527344,23.559999465942383,1408400,1.63,26.670000076293945,22.979999542236328,17.239999771118164,24.8214,20.2873,4.883109,13.340053,20.974544,20.949498,53.25,53.822,9426.0,25069.0,110478.0
2021-05-07,25.5,26.11000061035156,25.18000030517578,25.899999618530277,641400,0.93,23.559999465942383,23.520000457763672,19.299999237060547,25.1614,20.5073,4.883109,13.340053,20.974544,20.949498,53.25,53.822,9426.0,25069.0,110478.0
2021-05-10,27.5,27.739999771118164,27.051000595092773,27.59000015258789,1143200,0.689,25.899999618530277,24.01000022888184,18.420000076293945,25.6729,20.813,4.883109,13.340053,20.974544,20.949498,53.25,53.822,9426.0,25069.0,110478.0
2021-05-11,25.780000686645508,25.989999771118164,25.25,25.989999771118164,959500,0.74,27.59000015258789,24.700000762939453,16.8700008392334,25.8571,21.117,4.883109,13.340053,20.974544,20.949498,53.25,53.822,9426.0,25069.0,110478.0
2021-05-12,24.549999237060547,24.549999237060547,23.57999992370605,24.200000762939453,859100,0.97,25.989999771118164,25.07999992370605,16.5,25.7314,21.3737,4.883109,13.340053,20.974544,20.949498,53.25,53.822,9426.0,25069.0,110478.0
2021-05-13,23.799999237060547,24.200000762939453,23.649999618530277,23.959999084472656,492600,0.55,24.200000762939453,26.209999084472656,16.920000076293945,25.41,21.6083,4.883109,13.340053,20.974544,20.949498,53.25,53.822,9426.0,25069.0,110478.0
2021-05-14,23.01000022888184,23.375,22.6299991607666,22.950000762939453,854300,0.745,23.959999084472656,26.670000076293945,17.93000030517578,24.8786,21.7757,4.883109,13.340053,20.974544,20.949498,53.25,53.822,9426.0,25069.0,110478.0
2021-05-17,22.350000381469727,22.700000762939453,21.75,21.93000030517578,806600,0.95,22.950000762939453,23.559999465942383,18.209999084472656,24.6457,21.8997,4.883109,13.340053,20.974544,20.949498,53.25,53.822,9426.0,25069.0,110478.0
2021-05-18,23.13999938964844,24.26000022888184,23.13999938964844,24.07999992370605,599800,1.12,21.93000030517578,25.899999618530277,17.56999969482422,24.3857,22.1167,4.883109,13.340053,20.974544,20.949498,53.25,53.822,9426.0,25069.0,110478.0
2021-05-19,24.51000022888184,25.350000381469727,24.1200008392334,24.450000762939453,606800,1.23,24.07999992370605,27.59000015258789,16.969999313354492,23.9371,22.366,4.883109,13.340053,20.974544,20.949498,53.25,53.822,9426.0,25069.0,110478.0
2021-05-20,25.15999984741211,25.75,25.01499938964844,25.6200008392334,463400,0.735,24.450000762939453,25.989999771118164,16.530000686645508,23.8843,22.669,4.883109,13.340053,20.974544,20.949498,53.25,53.822,9426.0,25069.0,110478.0
2021-05-21,26.399999618530277,26.8700008392334,26.12800025939941,26.86000061035156,652300,0.742,25.6200008392334,24.200000762939453,17.520000457763672,24.2643,22.9803,4.883109,13.340053,20.974544,20.949498,53.25,53.822,9426.0,25069.0,110478.0
2021-05-24,25.57999992370605,25.57999992370605,24.549999237060547,25.239999771118164,790100,1.03,26.86000061035156,23.959999084472656,18.07999992370605,24.4471,23.219,4.883109,13.340053,20.974544,20.949498,53.25,53.822,9426.0,25069.0,110478.0
2021-05-25,24.309999465942383,24.63800048828125,23.82999992370605,23.959999084472656,767800,0.808,25.239999771118164,22.950000762939453,17.06999969482422,24.5914,23.4487,4.883109,13.340053,20.974544,20.949498,53.25,53.822,9426.0,25069.0,110478.0
2021-05-26,23.06999969482422,24.479999542236328,22.899999618530277,23.959999084472656,597100,1.58,23.959999084472656,21.93000030517578,18.790000915527344,24.8814,23.621,4.883109,13.340053,20.974544,20.949498,53.25,53.822,9426.0,25069.0,110478.0
2021-05-27,23.81999969482422,24.0,23.51000022888184,23.920000076293945,242000,0.49,23.959999084472656,24.07999992370605,20.299999237060547,24.8586,23.7417,4.883109,13.340053,20.974544,20.949498,53.25,53.822,9426.0,25069.0,110478.0
2021-05-28,23.059999465942383,23.43099975585937,23.0,23.0,382900,0.431,23.920000076293945,24.450000762939453,19.790000915527344,24.6514,23.8487,4.883109,13.340053,20.974544,20.949498,53.25,53.822,9426.0,25069.0,110478.0
2021-06-01,24.0,24.3700008392334,23.780000686645508,23.850000381469727,282700,0.59,23.0,25.6200008392334,20.0,24.3986,23.977,4.45498,12.99974,19.906925,20.400822,50.98,51.508,9658.0,28336.0,115397.0
2021-06-02,23.299999237060547,23.5,22.450000762939453,22.57999992370605,595400,1.05,23.850000381469727,26.86000061035156,20.450000762939453,23.7871,24.048,4.45498,12.99974,19.906925,20.400822,50.98,51.508,9658.0,28336.0,115397.0
2021-06-03,22.549999237060547,22.989999771118164,22.440000534057617,22.709999084472656,320300,0.55,22.57999992370605,25.239999771118164,21.8799991607666,23.4257,24.0757,4.45498,12.99974,19.906925,20.400822,50.98,51.508,9658.0,28336.0,115397.0
2021-06-04,23.18000030517578,23.690000534057617,22.93000030517578,23.5,291700,0.76,22.709999084472656,23.959999084472656,20.46999931335449,23.36,24.1767,4.45498,12.99974,19.906925,20.400822,50.98,51.508,9658.0,28336.0,115397.0
2021-06-07,23.01000022888184,23.059999465942383,22.340999603271484,22.65999984741211,436600,0.719,23.5,23.959999084472656,20.920000076293945,23.1743,24.2347,4.45498,12.99974,19.906925,20.400822,50.98,51.508,9658.0,28336.0,115397.0
2021-06-08,23.0,23.18000030517578,22.899999618530277,23.11000061035156,445700,0.28,22.65999984741211,23.920000076293945,21.399999618530277,23.0586,24.2917,4.45498,12.99974,19.906925,20.400822,50.98,51.508,9658.0,28336.0,115397.0
2021-06-09,24.5,25.208999633789062,24.459999084472656,24.989999771118164,700200,0.749,23.11000061035156,23.0,22.979999542236328,23.3429,24.3587,4.45498,12.99974,19.906925,20.400822,50.98,51.508,9658.0,28336.0,115397.0
2021-06-10,26.25,27.239999771118164,26.25,27.049999237060547,577200,0.99,24.989999771118164,23.850000381469727,23.520000457763672,23.8,24.4763,4.45498,12.99974,19.906925,20.400822,50.98,51.508,9658.0,28336.0,115397.0
2021-06-11,27.75,28.0,27.5049991607666,27.81999969482422,481700,0.495,27.049999237060547,22.57999992370605,24.01000022888184,24.5486,24.6033,4.45498,12.99974,19.906925,20.400822,50.98,51.508,9658.0,28336.0,115397.0
2021-06-14,27.82999992370605,27.82999992370605,26.93000030517578,27.0,439200,0.9,27.81999969482422,22.709999084472656,24.700000762939453,25.1614,24.68,4.45498,12.99974,19.906925,20.400822,50.98,51.508,9658.0,28336.0,115397.0
2021-06-15,28.18000030517578,29.32999992370605,28.100000381469727,28.989999771118164,563800,1.23,27.0,23.5,25.07999992370605,25.9457,24.8103,4.45498,12.99974,19.906925,20.400822,50.98,51.508,9658.0,28336.0,115397.0
2021-06-16,29.950000762939453,30.200000762939453,29.27300071716309,30.13999938964844,531700,0.927,28.989999771118164,22.65999984741211,26.209999084472656,27.0143,24.9413,4.45498,12.99974,19.906925,20.400822,50.98,51.508,9658.0,28336.0,115397.0
2021-06-17,29.06999969482422,29.06999969482422,28.020000457763672,28.06999969482422,559200,1.05,30.13999938964844,23.11000061035156,26.670000076293945,27.7229,24.988,4.45498,12.99974,19.906925,20.400822,50.98,51.508,9658.0,28336.0,115397.0
2021-06-18,26.540000915527344,27.309999465942383,26.5,27.06999969482422,421000,0.81,28.06999969482422,24.989999771118164,23.559999465942383,28.02,25.105,4.45498,12.99974,19.906925,20.400822,50.98,51.508,9658.0,28336.0,115397.0
2021-06-21,26.450000762939453,26.600000381469727,26.0,26.559999465942383,242200,0.6,27.06999969482422,27.049999237060547,25.899999618530277,27.95,25.127,4.45498,12.99974,19.906925,20.400822,50.98,51.508,9658.0,28336.0,115397.0
2021-06-22,26.25,27.100000381469727,26.01000022888184,27.049999237060547,328300,1.09,26.559999465942383,27.81999969482422,27.59000015258789,27.84,25.109,4.45498,12.99974,19.906925,20.400822,50.98,51.508,9658.0,28336.0,115397.0
2021-06-23,28.030000686645508,28.25,27.780000686645508,27.8799991607666,305800,0.47,27.049999237060547,27.0,25.989999771118164,27.9657,25.172,4.45498,12.99974,19.906925,20.400822,50.98,51.508,9658.0,28336.0,115397.0
2021-06-24,28.5,28.86000061035156,28.47800064086914,28.84000015258789,486200,0.382,27.8799991607666,28.989999771118164,24.200000762939453,27.9443,25.3267,4.45498,12.99974,19.906925,20.400822,50.98,51.508,9658.0,28336.0,115397.0
2021-06-25,29.489999771118164,29.989999771118164,29.489999771118164,29.959999084472656,472000,0.5,28.84000015258789,30.13999938964844,23.959999084472656,27.9186,25.5267,4.45498,12.99974,19.906925,20.400822,50.98,51.508,9658.0,28336.0,115397.0
2021-06-28,29.959999084472656,29.959999084472656,28.81999969482422,28.93000030517578,431800,1.14,29.959999084472656,28.06999969482422,22.950000762939453,28.0414,25.726,4.45498,12.99974,19.906925,20.400822,50.98,51.508,9658.0,28336.0,115397.0
2021-06-29,28.59000015258789,29.1200008392334,28.5,28.81999969482422,382600,0.62,28.93000030517578,27.06999969482422,21.93000030517578,28.2914,25.9557,4.45498,12.99974,19.906925,20.400822,50.98,51.508,9658.0,28336.0,115397.0
2021-06-30,28.5,29.382999420166016,28.25,29.350000381469727,211500,1.133,28.81999969482422,26.559999465942383,24.07999992370605,28.69,26.1313,4.45498,12.99974,19.906925,20.400822,50.98,51.508,9658.0,28336.0,115397.0
2021-07-01,27.96999931335449,28.07999992370605,27.0,27.31999969482422,399400,1.08,29.350000381469727,27.049999237060547,24.450000762939453,28.7286,26.227,4.994577,9.129341,16.896321,17.535895,54.25,54.783,9792.0,29504.0,125509.0
2021-07-02,27.0,27.06999969482422,26.43000030517578,26.8700008392334,273800,0.64,27.31999969482422,27.8799991607666,25.6200008392334,28.5843,26.2687,4.994577,9.129341,16.896321,17.535895,54.25,54.783,9792.0,29504.0,125509.0
2021-07-06,25.350000381469727,25.5,25.030000686645508,25.26000022888184,849100,0.47,26.8700008392334,28.84000015258789,26.86000061035156,28.0729,26.2153,4.994577,9.129341,16.896321,17.535895,54.25,54.783,9792.0,29504.0,125509.0
2021-07-07,27.5,27.69700050354004,26.832000732421875,26.920000076293945,459500,0.865,25.26000022888184,29.959999084472656,25.239999771118164,27.6386,26.2713,4.994577,9.129341,16.896321,17.535895,54.25,54.783,9792.0,29504.0,125509.0
2021-07-08,26.690000534057617,26.707000732421875,26.0,26.34000015258789,164700,0.707,26.920000076293945,28.93000030517578,23.959999084472656,27.2686,26.3507,4.994577,9.129341,16.896321,17.535895,54.25,54.783,9792.0,29504.0,125509.0
2021-07-09,26.90999984741211,27.059999465942383,26.6200008392334,26.790000915527344,240100,0.44,26.34000015258789,28.81999969482422,23.959999084472656,26.9786,26.445,4.994577,9.129341,16.896321,17.535895,54.25,54.783,9792.0,29504.0,125509.0
2021-07-12,26.09000015258789,26.19599914550781,25.22100067138672,25.34000015258789,288400,0.975,26.790000915527344,29.350000381469727,23.920000076293945,26.4057,26.4923,4.994577,9.129341,16.896321,17.535895,54.25,54.783,9792.0,29504.0,125509.0
2021-07-13,23.780000686645508,24.670000076293945,23.6299991607666,24.489999771118164,535300,1.04,25.34000015258789,27.31999969482422,23.0,26.0014,26.542,4.994577,9.129341,16.896321,17.535895,54.25,54.783,9792.0,29504.0,125509.0
2021-07-14,23.5,23.5,23.0,23.149999618530277,649800,0.5,24.489999771118164,26.8700008392334,23.850000381469727,25.47,26.5187,4.994577,9.129341,16.896321,17.535895,54.25,54.783,9792.0,29504.0,125509.0
2021-07-15,24.149999618530277,24.809999465942383,24.149999618530277,24.450000762939453,259100,0.66,23.149999618530277,25.26000022888184,22.57999992370605,25.3543,26.581,4.994577,9.129341,16.896321,17.535895,54.25,54.783,9792.0,29504.0,125509.0
2021-07-16,24.600000381469727,24.899999618530277,24.5,24.51000022888184,184200,0.4,24.450000762939453,26.920000076293945,22.709999084472656,25.01,26.641,4.994577,9.129341,16.896321,17.535895,54.25,54.783,9792.0,29504.0,125509.0
2021-07-19,25.75,26.0,25.229999542236328,25.32999992370605,425100,0.77,24.51000022888184,26.34000015258789,23.5,24.8657,26.702,4.994577,9.129341,16.896321,17.535895,54.25,54.783,9792.0,29504.0,125509.0
2021-07-20,25.8700008392334,25.920000076293945,25.309999465942383,25.479999542236328,146200,0.61,25.32999992370605,26.790000915527344,22.65999984741211,24.6786,26.796,4.994577,9.129341,16.896321,17.535895,54.25,54.783,9792.0,29504.0,125509.0
2021-07-21,26.299999237060547,26.450000762939453,25.90999984741211,26.100000381469727,173100,0.54,25.479999542236328,25.34000015258789,23.11000061035156,24.7871,26.8957,4.994577,9.129341,16.896321,17.535895,54.25,54.783,9792.0,29504.0,125509.0
2021-07-22,26.459999084472656,26.57999992370605,26.1200008392334,26.57999992370605,161900,0.46,26.100000381469727,24.489999771118164,24.989999771118164,25.0857,26.9487,4.994577,9.129341,16.896321,17.535895,54.25,54.783,9792.0,29504.0,125509.0
2021-07-23,27.0,27.118000030517575,26.899999618530277,27.09000015258789,96500,0.218,26.57999992370605,23.149999618530277,27.049999237060547,25.6486,26.95,4.994577,9.129341,16.896321,17.535895,54.25,54.783,9792.0,29504.0,125509.0
2021-07-26,26.38999938964844,26.38999938964844,25.290000915527344,25.6299991607666,310300,1.1,27.09000015258789,24.450000762939453,27.81999969482422,25.8171,26.877,4.994577,9.129341,16.896321,17.535895,54.25,54.783,9792.0,29504.0,125509.0
2021-07-27,24.5,24.6299991607666,24.257999420166016,24.6299991607666,179500,0.372,25.6299991607666,24.51000022888184,27.0,25.8343,26.798,4.994577,9.129341,16.896321,17.535895,54.25,54.783,9792.0,29504.0,125509.0
2021-07-28,25.100000381469727,25.489999771118164,25.01000022888184,25.489999771118164,102900,0.48,24.6299991607666,25.32999992370605,28.989999771118164,25.8571,26.6813,4.994577,9.129341,16.896321,17.535895,54.25,54.783,9792.0,29504.0,125509.0
2021-07-29,25.940000534057617,26.798999786376957,25.940000534057617,26.649999618530277,204700,0.859,25.489999771118164,25.479999542236328,30.13999938964844,26.0243,26.565,4.994577,9.129341,16.896321,17.535895,54.25,54.783,9792.0,29504.0,125509.0
2021-07-30,26.450000762939453,26.559999465942383,25.76000022888184,25.799999237060547,185600,0.8,26.649999618530277,26.100000381469727,28.06999969482422,25.9814,26.4893,4.994577,9.129341,16.896321,17.535895,54.25,54.783,9792.0,29504.0,125509.0
2021-08-02,26.489999771118164,26.777000427246094,26.3700008392334,26.549999237060547,78800,0.407,25.799999237060547,26.57999992370605,27.06999969482422,25.9771,26.472,4.68678,8.063804,14.787415,14.787418,53.88,54.442,10164.0,28454.0,129519.0
2021-08-03,26.61000061035156,26.82999992370605,26.479999542236328,26.6299991607666,109200,0.35,26.549999237060547,27.09000015258789,26.559999465942383,25.9114,26.4743,4.68678,8.063804,14.787415,14.787418,53.88,54.442,10164.0,28454.0,129519.0
2021-08-04,27.030000686645508,27.5,27.030000686645508,27.190000534057617,150100,0.47,26.6299991607666,25.6299991607666,27.049999237060547,26.1343,26.479,4.68678,8.063804,14.787415,14.787418,53.88,54.442,10164.0,28454.0,129519.0
2021-08-05,27.21999931335449,27.21999931335449,26.62299919128418,26.729999542236328,95300,0.597,27.190000534057617,24.6299991607666,27.8799991607666,26.4343,26.4407,4.68678,8.063804,14.787415,14.787418,53.88,54.442,10164.0,28454.0,129519.0
2021-08-06,26.690000534057617,26.690000534057617,26.3799991607666,26.600000381469727,46500,0.31,26.729999542236328,25.489999771118164,28.84000015258789,26.5929,26.366,4.68678,8.063804,14.787415,14.787418,53.88,54.442,10164.0,28454.0,129519.0
2021-08-09,26.809999465942383,26.809999465942383,26.32999992370605,26.420000076293945,122700,0.48,26.600000381469727,26.649999618530277,29.959999084472656,26.56,26.248,4.68678,8.063804,14.787415,14.787418,53.88,54.442,10164.0,28454.0,129519.0
2021-08-10,27.0,27.1299991607666,26.84199905395508,27.01000022888184,78400,0.288,26.420000076293945,25.799999237060547,28.93000030517578,26.7329,26.184,4.68678,8.063804,14.787415,14.787418,53.88,54.442,10164.0,28454.0,129519.0
2021-08-11,27.5,27.8799991607666,27.5,27.770000457763672,129300,0.38,27.01000022888184,26.549999237060547,28.81999969482422,26.9071,26.149,4.68678,8.063804,14.787415,14.787418,53.88,54.442,10164.0,28454.0,129519.0
2021-08-12,28.030000686645508,28.489999771118164,28.01000022888184,28.25,164200,0.48,27.770000457763672,26.6299991607666,29.350000381469727,27.1386,26.1123,4.68678,8.063804,14.787415,14.787418,53.88,54.442,10164.0,28454.0,129519.0
2021-08-13,28.100000381469727,28.459999084472656,27.90999984741211,27.96999931335449,109700,0.55,28.25,27.190000534057617,27.31999969482422,27.25,26.134,4.68678,8.063804,14.787415,14.787418,53.88,54.442,10164.0,28454.0,129519.0
2021-08-16,28.36000061035156,28.88999938964844,28.36000061035156,28.780000686645508,170400,0.53,27.96999931335449,26.729999542236328,26.8700008392334,27.5429,26.1977,4.68678,8.063804,14.787415,14.787418,53.88,54.442,10164.0,28454.0,129519.0
2021-08-17,29.040000915527344,29.59000015258789,29.040000915527344,29.209999084472656,389600,0.55,28.780000686645508,26.600000381469727,25.26000022888184,27.9157,26.3293,4.68678,8.063804,14.787415,14.787418,53.88,54.442,10164.0,28454.0,129519.0
2021-08-18,30.020000457763672,30.131000518798828,29.600000381469727,29.600000381469727,191800,0.531,29.209999084472656,26.420000076293945,26.920000076293945,28.37,26.4187,4.68678,8.063804,14.787415,14.787418,53.88,54.442,10164.0,28454.0,129519.0
2021-08-19,29.530000686645508,29.700000762939453,29.21999931335449,29.270000457763672,213400,0.48,29.600000381469727,27.01000022888184,26.34000015258789,28.6929,26.5163,4.68678,8.063804,14.787415,14.787418,53.88,54.442,10164.0,28454.0,129519.0
2021-08-20,29.65999984741211,30.0,29.649999618530277,29.979999542236328,112000,0.35,29.270000457763672,27.770000457763672,26.790000915527344,29.0086,26.6227,4.68678,8.063804,14.787415,14.787418,53.88,54.442,10164.0,28454.0,129519.0
2021-08-23,30.420000076293945,30.43000030517578,30.149999618530277,30.32999992370605,148000,0.28,29.979999542236328,28.25,25.34000015258789,29.3057,26.789,4.68678,8.063804,14.787415,14.787418,53.88,54.442,10164.0,28454.0,129519.0
2021-08-24,30.6200008392334,30.6200008392334,30.059999465942383,30.3700008392334,179100,0.56,30.32999992370605,27.96999931335449,24.489999771118164,29.6486,26.985,4.68678,8.063804,14.787415,14.787418,53.88,54.442,10164.0,28454.0,129519.0
2021-08-25,29.489999771118164,29.649999618530277,29.309999465942383,29.399999618530277,201800,0.34,30.3700008392334,28.780000686645508,23.149999618530277,29.7371,27.1933,4.68678,8.063804,14.787415,14.787418,53.88,54.442,10164.0,28454.0,129519.0
2021-08-26,30.290000915527344,30.799999237060547,30.239999771118164,30.739999771118164,105700,0.56,29.399999618530277,29.209999084472656,24.450000762939453,29.9557,27.403,4.68678,8.063804,14.787415,14.787418,53.88,54.442,10164.0,28454.0,129519.0
2021-08-27,30.280000686645508,30.280000686645508,29.81999969482422,30.0,103300,0.46,30.739999771118164,29.600000381469727,24.51000022888184,30.0129,27.586,4.68678,8.063804,14.787415,14.787418,53.88,54.442,10164.0,28454.0,129519.0
2021-08-30,30.030000686645508,30.030000686645508,29.81999969482422,29.940000534057617,103900,0.21,30.0,29.270000457763672,25.32999992370605,30.1086,27.7397,4.68678,8.063804,14.787415,14.787418,53.88,54.442,10164.0,28454.0,129519.0
2021-08-31,28.600000381469727,28.600000381469727,28.170000076293945,28.32999992370605,279600,0.43,29.940000534057617,29.979999542236328,25.479999542236328,29.8729,27.8347,4.68678,8.063804,14.787415,14.787418,53.88,54.442,10164.0,28454.0,129519.0
2021-09-01,27.940000534057617,28.07999992370605,27.631000518798828,27.729999542236328,198600,0.449,28.32999992370605,30.32999992370605,26.100000381469727,29.5014,27.889,4.711568,9.808687,15.763815,15.742977,51.72,52.293,10126.0,26988.0,114493.0
2021-09-02,28.270000457763672,28.520000457763672,28.05500030517578,28.26000022888184,132800,0.465,27.729999542236328,30.3700008392334,26.57999992370605,29.2,27.945,4.711568,9.808687,15.763815,15.742977,51.72,52.293,10126.0,26988.0,114493.0
2021-09-03,27.5,27.5,27.26300048828125,27.36000061035156,171800,0.237,28.26000022888184,29.399999618530277,27.09000015258789,28.9086,27.954,4.711568,9.808687,15.763815,15.742977,51.72,52.293,10126.0,26988.0,114493.0
2021-09-07,27.100000381469727,27.100000381469727,26.690000534057617,26.899999618530277,227100,0.41,27.36000061035156,30.739999771118164,25.6299991607666,28.36,27.9963,4.711568,9.808687,15.763815,15.742977,51.72,52.293,10126.0,26988.0,114493.0
2021-09-08,27.479999542236328,27.940000534057617,27.479999542236328,27.670000076293945,127200,0.46,26.899999618530277,30.0,24.6299991607666,28.0271,28.0977,4.711568,9.808687,15.763815,15.742977,51.72,52.293,10126.0,26988.0,114493.0
2021-09-09,28.479999542236328,29.5,28.479999542236328,29.350000381469727,386400,1.02,27.670000076293945,29.940000534057617,25.489999771118164,27.9429,28.2263,4.711568,9.808687,15.763815,15.742977,51.72,52.293,10126.0,26988.0,114493.0
2021-09-10,29.790000915527344,30.179000854492188,29.790000915527344,30.1200008392334,356700,0.389,29.350000381469727,28.32999992370605,26.649999618530277,28.1986,28.342,4.711568,9.808687,15.763815,15.742977,51.72,52.293,10126.0,26988.0,114493.0
2021-09-13,30.809999465942383,31.0,30.75,30.82999992370605,284100,0.25,30.1200008392334,27.729999542236328,25.799999237060547,28.6414,28.5097,4.711568,9.808687,15.763815,15.742977,51.72,52.293,10126.0,26988.0,114493.0
2021-09-14,29.8799991607666,30.049999237060547,29.61000061035156,29.8799991607666,226400,0.44,30.82999992370605,28.26000022888184,26.549999237060547,28.8729,28.6207,4.711568,9.808687,15.763815,15.742977,51.72,52.293,10126.0,26988.0,114493.0
2021-09-15,30.1200008392334,30.200000762939453,29.61000061035156,30.200000762939453,105800,0.59,29.8799991607666,27.36000061035156,26.6299991607666,29.2786,28.7397,4.711568,9.808687,15.763815,15.742977,51.72,52.293,10126.0,26988.0,114493.0
2021-09-16,30.59000015258789,30.84000015258789,30.450000762939453,30.649999618530277,84400,0.39,30.200000762939453,26.899999618530277,27.190000534057617,29.8143,28.855,4.711568,9.808687,15.763815,15.742977,51.72,52.293,10126.0,26988.0,114493.0
2021-09-17,30.6200008392334,30.940000534057617,30.61000061035156,30.729999542236328,167500,0.33,30.649999618530277,27.670000076293945,26.729999542236328,30.2514,28.9883,4.711568,9.808687,15.763815,15.742977,51.72,52.293,10126.0,26988.0,114493.0
2021-09-20,29.36000061035156,29.649999618530277,28.8700008392334,28.899999618530277,546600,0.78,30.729999542236328,29.350000381469727,26.600000381469727,30.1871,29.065,4.711568,9.808687,15.763815,15.742977,51.72,52.293,10126.0,26988.0,114493.0
2021-09-21,30.920000076293945,31.0,30.7549991607666,30.899999618530277,241700,0.245,28.899999618530277,30.1200008392334,26.420000076293945,30.2986,29.2143,4.711568,9.808687,15.763815,15.742977,51.72,52.293,10126.0,26988.0,114493.0
2021-09-22,30.780000686645508,31.0,30.450000762939453,30.739999771118164,130600,0.55,30.899999618530277,30.82999992370605,27.01000022888184,30.2857,29.3387,4.711568,9.808687,15.763815,15.742977,51.72,52.293,10126.0,26988.0,114493.0
2021-09-23,31.989999771118164,32.10900115966797,31.68000030517578,31.86000061035156,192800,0.429,30.739999771118164,29.8799991607666,27.770000457763672,30.5686,29.475,4.711568,9.808687,15.763815,15.742977,51.72,52.293,10126.0,26988.0,114493.0
2021-09-24,32.0,32.56999969482422,32.0,32.47999954223633,229200,0.57,31.86000061035156,30.200000762939453,28.25,30.8943,29.616,4.711568,9.808687,15.763815,15.742977,51.72,52.293,10126.0,26988.0,114493.0
2021-09-27,33.650001525878906,34.45000076293945,33.650001525878906,34.349998474121094,414600,0.8,32.47999954223633,30.649999618530277,27.96999931335449,31.4229,29.8287,4.711568,9.808687,15.763815,15.742977,51.72,52.293,10126.0,26988.0,114493.0
2021-09-28,36.7400016784668,36.7400016784668,35.880001068115234,36.56999969482422,602700,0.86,34.349998474121094,30.729999542236328,28.780000686645508,32.2571,30.0883,4.711568,9.808687,15.763815,15.742977,51.72,52.293,10126.0,26988.0,114493.0
2021-09-29,36.0,36.380001068115234,35.30500030517578,35.68000030517578,550000,1.075,36.56999969482422,28.899999618530277,29.209999084472656,33.2257,30.304,4.711568,9.808687,15.763815,15.742977,51.72,52.293,10126.0,26988.0,114493.0
2021-09-30,35.400001525878906,36.15999984741211,34.939998626708984,36.0099983215332,244100,1.22,35.68000030517578,30.899999618530277,29.600000381469727,33.9557,30.5177,4.711568,9.808687,15.763815,15.742977,51.72,52.293,10126.0,26988.0,114493.0
2021-10-01,36.25,36.95000076293945,36.25,36.900001525878906,221600,0.7,36.0099983215332,30.739999771118164,29.270000457763672,34.8357,30.772,6.228644,12.080789,21.829135,21.967391,63.92,64.539,10575.0,30964.0,114377.0
2021-10-04,37.59000015258789,37.81900024414063,37.130001068115234,37.77000045776367,295700,0.689,36.900001525878906,31.86000061035156,29.979999542236328,35.68,31.0317,6.228644,12.080789,21.829135,21.967391,63.92,64.539,10575.0,30964.0,114377.0
2021-10-05,41.27999877929688,41.459999084472656,40.7599983215332,41.25,407000,0.7,37.77000045776367,32.47999954223633,30.32999992370605,36.9329,31.3957,6.228644,12.080789,21.829135,21.967391,63.92,64.539,10575.0,30964.0,114377.0
2021-10-06,42.02999877929688,42.220001220703125,40.47999954223633,41.5099983215332,506900,1.74,41.25,34.349998474121094,30.3700008392334,37.9557,31.767,6.228644,12.080789,21.829135,21.967391,63.92,64.539,10575.0,30964.0,114377.0
2021-10-07,39.29999923706055,39.29999923706055,38.119998931884766,38.84000015258789,554200,1.18,41.5099983215332,36.56999969482422,29.399999618530277,38.28,32.0817,6.228644,12.080789,21.829135,21.967391,63.92,64.539,10575.0,30964.0,114377.0
2021-10-08,38.86000061035156,39.32799911499024,38.71799850463867,39.22999954223633,264800,0.61,38.84000015258789,35.68000030517578,30.739999771118164,38.7871,32.3647,6.228644,12.080789,21.829135,21.967391,63.92,64.539,10575.0,30964.0,114377.0
2021-10-11,40.63999938964844,41.20700073242188,40.29999923706055,40.959999084472656,420000,0.907,39.22999954223633,36.0099983215332,30.0,39.4943,32.73,6.228644,12.080789,21.829135,21.967391,63.92,64.539,10575.0,30964.0,114377.0
2021-10-12,38.16999816894531,38.41999816894531,37.45000076293945,37.630001068115234,556700,0.97,40.959999084472656,36.900001525878906,29.940000534057617,39.5986,32.9863,6.228644,12.080789,21.829135,21.967391,63.92,64.539,10575.0,30964.0,114377.0
2021-10-13,36.7599983215332,37.15299987792969,36.61000061035156,36.88999938964844,667700,0.543,37.630001068115234,37.77000045776367,28.32999992370605,39.4729,33.2717,6.228644,12.080789,21.829135,21.967391,63.92,64.539,10575.0,30964.0,114377.0
2021-10-14,37.33000183105469,37.7400016784668,37.13100051879883,37.27999877929688,184600,0.609,36.88999938964844,41.25,27.729999542236328,38.9057,33.59,6.228644,12.080789,21.829135,21.967391,63.92,64.539,10575.0,30964.0,114377.0
2021-10-15,35.779998779296875,35.970001220703125,35.150001525878906,35.29999923706055,709500,0.82,37.27999877929688,41.5099983215332,28.26000022888184,38.0186,33.8247,6.228644,12.080789,21.829135,21.967391,63.92,64.539,10575.0,30964.0,114377.0
2021-10-18,35.880001068115234,37.29999923706055,35.880001068115234,37.290000915527344,153200,1.42,35.29999923706055,38.84000015258789,27.36000061035156,37.7971,34.1557,6.228644,12.080789,21.829135,21.967391,63.92,64.539,10575.0,30964.0,114377.0
2021-10-19,38.810001373291016,39.060001373291016,38.33000183105469,38.47999954223633,404100,0.73,37.290000915527344,39.22999954223633,26.899999618530277,37.69,34.5417,6.228644,12.080789,21.829135,21.967391,63.92,64.539,10575.0,30964.0,114377.0
2021-10-20,38.70000076293945,38.70000076293945,36.650001525878906,37.310001373291016,343500,2.05,38.47999954223633,40.959999084472656,27.670000076293945,37.1686,34.863,6.228644,12.080789,21.829135,21.967391,63.92,64.539,10575.0,30964.0,114377.0
2021-10-21,34.88999938964844,34.95000076293945,33.91999816894531,34.56999969482422,426200,1.03,37.310001373291016,37.630001068115234,29.350000381469727,36.7314,35.037,6.228644,12.080789,21.829135,21.967391,63.92,64.539,10575.0,30964.0,114377.0
2021-10-22,32.72999954223633,33.06999969482422,31.899999618530277,32.20000076293945,564300,1.17,34.56999969482422,36.88999938964844,30.1200008392334,36.0614,35.1063,6.228644,12.080789,21.829135,21.967391,63.92,64.539,10575.0,30964.0,114377.0
2021-10-25,32.380001068115234,32.3849983215332,30.600000381469727,30.61000061035156,785000,1.785,32.20000076293945,37.27999877929688,30.82999992370605,35.1086,35.099,6.228644,12.080789,21.829135,21.967391,63.92,64.539,10575.0,30964.0,114377.0
2021-10-26,27.920000076293945,28.0,27.280000686645508,27.76000022888184,779200,0.72,30.61000061035156,35.29999923706055,29.8799991607666,34.0314,35.0283,6.228644,12.080789,21.829135,21.967391,63.92,64.539,10575.0,30964.0,114377.0
2021-10-27,28.030000686645508,29.479999542236328,27.91900062561035,29.479999542236328,277900,1.561,27.76000022888184,37.290000915527344,30.200000762939453,32.9157,35.0043,6.228644,12.080789,21.829135,21.967391,63.92,64.539,10575.0,30964.0,114377.0
2021-10-28,29.899999618530277,30.3700008392334,29.420000076293945,30.3700008392334,226300,0.95,29.479999542236328,38.47999954223633,30.649999618530277,31.7571,34.995,6.228644,12.080789,21.829135,21.967391,63.92,64.539,10575.0,30964.0,114377.0
2021-10-29,30.979999542236328,30.979999542236328,30.040000915527344,30.040000915527344,236100,0.94,30.3700008392334,37.310001373291016,30.729999542236328,30.7186,34.972,6.228644,12.080789,21.829135,21.967391,63.92,64.539,10575.0,30964.0,114377.0
2021-11-01,27.88999938964844,27.899999618530277,25.75200080871582,26.399999618530277,418100,2.148,30.040000915527344,34.56999969482422,28.899999618530277,29.5514,34.8887,5.530469,8.826324,16.208095,16.207615,67.94,68.57,9926.0,24339.0,100425.0
2021-11-02,23.5,23.799999237060547,22.350000381469727,22.8799991607666,568500,1.45,26.399999618530277,32.20000076293945,30.899999618530277,28.22,34.6213,5.530469,8.826324,16.208095,16.207615,67.94,68.57,9926.0,24339.0,100425.0
2021-11-03,22.059999465942383,22.200000762939453,20.75,20.81999969482422,416300,1.45,22.8799991607666,30.61000061035156,30.739999771118164,26.8214,34.2907,5.530469,8.826324,16.208095,16.207615,67.94,68.57,9926.0,24339.0,100425.0
2021-11-04,22.270000457763672,23.06999969482422,22.270000457763672,23.06999969482422,497700,0.8,20.81999969482422,27.76000022888184,31.86000061035156,26.1514,33.9977,5.530469,8.826324,16.208095,16.207615,67.94,68.57,9926.0,24339.0,100425.0
2021-11-05,23.530000686645508,23.530000686645508,22.799999237060547,23.049999237060547,245700,0.73,23.06999969482422,29.479999542236328,32.47999954223633,25.2329,33.6833,5.530469,8.826324,16.208095,16.207615,67.94,68.57,9926.0,24339.0,100425.0
2021-11-08,24.34000015258789,25.170000076293945,24.34000015258789,25.15999984741211,316900,0.83,23.049999237060547,30.3700008392334,34.349998474121094,24.4886,33.377,5.530469,8.826324,16.208095,16.207615,67.94,68.57,9926.0,24339.0,100425.0
2021-11-09,25.059999465942383,25.059999465942383,23.530000686645508,24.21999931335449,498100,1.53,25.15999984741211,30.040000915527344,36.56999969482422,23.6571,32.9653,5.530469,8.826324,16.208095,16.207615,67.94,68.57,9926.0,24339.0,100425.0
2021-11-10,23.049999237060547,23.107999801635746,22.18000030517578,22.700000762939453,412500,0.928,24.21999931335449,26.399999618530277,35.68000030517578,23.1286,32.5327,5.530469,8.826324,16.208095,16.207615,67.94,68.57,9926.0,24339.0,100425.0
2021-11-11,22.270000457763672,22.33099937438965,21.5,21.940000534057617,253600,0.831,22.700000762939453,22.8799991607666,36.0099983215332,22.9943,32.0637,5.530469,8.826324,16.208095,16.207615,67.94,68.57,9926.0,24339.0,100425.0
2021-11-12,21.790000915527344,22.788000106811523,21.790000915527344,22.6299991607666,218100,0.998,21.940000534057617,20.81999969482422,36.900001525878906,23.2529,31.588,5.530469,8.826324,16.208095,16.207615,67.94,68.57,9926.0,24339.0,100425.0
2021-11-15,21.600000381469727,21.981000900268555,21.200000762939453,21.670000076293945,244700,0.781,22.6299991607666,23.06999969482422,37.77000045776367,23.0529,31.0513,5.530469,8.826324,16.208095,16.207615,67.94,68.57,9926.0,24339.0,100425.0
2021-11-16,19.229999542236328,20.1299991607666,19.1200008392334,19.649999618530277,850800,1.01,21.670000076293945,23.049999237060547,41.25,22.5671,30.3313,5.530469,8.826324,16.208095,16.207615,67.94,68.57,9926.0,24339.0,100425.0
2021-11-17,19.799999237060547,20.743000030517575,19.709999084472656,20.450000762939453,201600,1.033,19.649999618530277,25.15999984741211,41.5099983215332,21.8943,29.6293,5.530469,8.826324,16.208095,16.207615,67.94,68.57,9926.0,24339.0,100425.0
2021-11-18,21.88999938964844,22.25,21.5,22.229999542236328,203200,0.75,20.450000762939453,24.21999931335449,38.84000015258789,21.61,29.0757,5.530469,8.826324,16.208095,16.207615,67.94,68.57,9926.0,24339.0,100425.0
2021-11-19,23.8700008392334,24.8700008392334,23.68000030517578,24.790000915527344,371600,1.19,22.229999542236328,22.700000762939453,39.22999954223633,21.9086,28.5943,5.530469,8.826324,16.208095,16.207615,67.94,68.57,9926.0,24339.0,100425.0
2021-11-22,25.6299991607666,25.75,24.51000022888184,24.88999938964844,368700,1.24,24.790000915527344,21.940000534057617,40.959999084472656,22.33,28.0587,5.530469,8.826324,16.208095,16.207615,67.94,68.57,9926.0,24339.0,100425.0
2021-11-23,23.68000030517578,23.790000915527344,23.09000015258789,23.38999938964844,252900,0.7,24.88999938964844,22.6299991607666,37.630001068115234,22.4386,27.584,5.530469,8.826324,16.208095,16.207615,67.94,68.57,9926.0,24339.0,100425.0
2021-11-24,24.11000061035156,25.26000022888184,24.030000686645508,25.200000762939453,329000,1.23,23.38999938964844,21.670000076293945,36.88999938964844,22.9429,27.1943,5.530469,8.826324,16.208095,16.207615,67.94,68.57,9926.0,24339.0,100425.0
2021-11-26,24.93000030517578,25.899999618530277,24.56999969482422,24.729999542236328,487500,1.33,25.200000762939453,19.649999618530277,37.27999877929688,23.6686,26.776,5.530469,8.826324,16.208095,16.207615,67.94,68.57,9926.0,24339.0,100425.0
2021-11-29,26.26000022888184,27.07999992370605,26.07999992370605,26.959999084472656,320300,1.0,24.729999542236328,20.450000762939453,35.29999923706055,24.5986,26.498,5.530469,8.826324,16.208095,16.207615,67.94,68.57,9926.0,24339.0,100425.0
2021-11-30,27.5,27.690000534057617,26.290000915527344,26.649999618530277,240000,1.4,26.959999084472656,22.229999542236328,37.290000915527344,25.23,26.1433,5.530469,8.826324,16.208095,16.207615,67.94,68.57,9926.0,24339.0,100425.0
2021-12-01,27.0,28.1299991607666,27.0,27.790000915527344,156500,1.13,26.649999618530277,24.790000915527344,38.47999954223633,25.6586,25.787,3.569304,8.494779,14.274046,14.0341,74.79,75.498,10717.0,32277.0,110343.0
2021-12-02,28.299999237060547,29.0,28.246000289916992,28.71999931335449,277600,0.754,27.790000915527344,24.88999938964844,37.310001373291016,26.2057,25.5007,3.569304,8.494779,14.274046,14.0341,74.79,75.498,10717.0,32277.0,110343.0
2021-12-03,29.280000686645508,29.799999237060547,29.280000686645508,29.59000015258789,169400,0.52,28.71999931335449,23.38999938964844,34.56999969482422,27.0914,25.3347,3.569304,8.494779,14.274046,14.0341,74.79,75.498,10717.0,32277.0,110343.0
2021-12-06,30.0,30.238000869750977,29.5,29.600000381469727,289700,0.738,29.59000015258789,25.200000762939453,32.20000076293945,27.72,25.248,3.569304,8.494779,14.274046,14.0341,74.79,75.498,10717.0,32277.0,110343.0
2021-12-07,29.75,30.45499992370605,29.5,30.440000534057617,300000,0.955,29.600000381469727,24.729999542236328,30.61000061035156,28.5357,25.2423,3.569304,8.494779,14.274046,14.0341,74.79,75.498,10717.0,32277.0,110343.0
2021-12-08,28.63999938964844,28.940000534057617,28.149999618530277,28.459999084472656,331700,0.79,30.440000534057617,26.959999084472656,27.76000022888184,28.75,25.2657,3.569304,8.494779,14.274046,14.0341,74.79,75.498,10717.0,32277.0,110343.0
2021-12-09,26.51000022888184,27.5,26.40999984741211,27.170000076293945,675100,1.09,28.459999084472656,26.649999618530277,29.479999542236328,28.8243,25.1887,3.569304,8.494779,14.274046,14.0341,74.79,75.498,10717.0,32277.0,110343.0
2021-12-10,27.88999938964844,28.520999908447266,27.520000457763672,28.13999938964844,232300,1.001,27.170000076293945,27.790000915527344,30.3700008392334,28.8743,25.1143,3.569304,8.494779,14.274046,14.0341,74.79,75.498,10717.0,32277.0,110343.0
2021-12-13,28.149999618530277,28.399999618530277,27.71999931335449,27.82999992370605,69300,0.68,28.13999938964844,28.71999931335449,30.040000915527344,28.7471,25.0407,3.569304,8.494779,14.274046,14.0341,74.79,75.498,10717.0,32277.0,110343.0
2021-12-14,25.65999984741211,25.700000762939453,23.61000061035156,23.61000061035156,593900,2.09,27.82999992370605,29.59000015258789,26.399999618530277,27.8929,24.9477,3.569304,8.494779,14.274046,14.0341,74.79,75.498,10717.0,32277.0,110343.0
2021-12-15,24.290000915527344,24.790000915527344,23.809999465942383,24.790000915527344,68200,0.98,23.61000061035156,29.600000381469727,22.8799991607666,27.2057,25.0113,3.569304,8.494779,14.274046,14.0341,74.79,75.498,10717.0,32277.0,110343.0
2021-12-16,24.239999771118164,24.540000915527344,24.1200008392334,24.280000686645508,89700,0.42,24.790000915527344,30.440000534057617,20.81999969482422,26.3257,25.1267,3.569304,8.494779,14.274046,14.0341,74.79,75.498,10717.0,32277.0,110343.0
2021-12-17,23.96999931335449,24.26000022888184,23.809999465942383,23.950000762939453,58300,0.45,24.280000686645508,28.459999084472656,23.06999969482422,25.6814,25.156,3.569304,8.494779,14.274046,14.0341,74.79,75.498,10717.0,32277.0,110343.0
2021-12-20,24.90999984741211,25.78899955749512,24.857999801635746,25.71999931335449,195400,0.931,23.950000762939453,27.170000076293945,23.049999237060547,25.4743,25.245,3.569304,8.494779,14.274046,14.0341,74.79,75.498,10717.0,32277.0,110343.0
2021-12-21,25.559999465942383,25.71500015258789,24.97900009155273,25.040000915527344,176600,0.736,25.71999931335449,28.13999938964844,25.15999984741211,25.0314,25.241,3.569304,8.494779,14.274046,14.0341,74.79,75.498,10717.0,32277.0,110343.0
2021-12-22,26.030000686645508,26.3799991607666,25.88999938964844,26.270000457763672,90600,0.49,25.040000915527344,27.82999992370605,24.21999931335449,24.8086,25.3093,3.569304,8.494779,14.274046,14.0341,74.79,75.498,10717.0,32277.0,110343.0
2021-12-23,26.25,26.8799991607666,26.25,26.770000457763672,99200,0.63,26.270000457763672,23.61000061035156,22.700000762939453,25.26,25.445,3.569304,8.494779,14.274046,14.0341,74.79,75.498,10717.0,32277.0,110343.0
2021-12-27,26.82999992370605,26.82999992370605,26.420000076293945,26.700000762939453,93100,0.41,26.770000457763672,24.790000915527344,21.940000534057617,25.5329,25.6037,3.569304,8.494779,14.274046,14.0341,74.79,75.498,10717.0,32277.0,110343.0
2021-12-28,26.489999771118164,26.709999084472656,26.3700008392334,26.489999771118164,58100,0.34,26.700000762939453,24.280000686645508,22.6299991607666,25.8486,25.7323,3.569304,8.494779,14.274046,14.0341,74.79,75.498,10717.0,32277.0,110343.0
2021-12-29,28.059999465942383,28.34000015258789,27.91699981689453,28.25,103800,0.423,26.489999771118164,23.950000762939453,21.670000076293945,26.4629,25.9517,3.569304,8.494779,14.274046,14.0341,74.79,75.498,10717.0,32277.0,110343.0
2021-12-30,29.020000457763672,29.850000381469727,29.020000457763672,29.600000381469727,149900,0.83,28.25,25.71999931335449,19.649999618530277,27.0171,26.2833,3.569304,8.494779,14.274046,14.0341,74.79,75.498,10717.0,32277.0,110343.0
2021-12-31,29.790000915527344,29.790000915527344,29.3799991607666,29.489999771118164,63100,0.41,29.600000381469727,25.040000915527344,20.450000762939453,27.6529,26.5847,3.569304,8.494779,14.274046,14.0341,74.79,75.498,10717.0,32277.0,110343.0
2022-01-03,29.600000381469727,29.670000076293945,29.030000686645508,29.21999931335449,145700,0.64,29.489999771118164,26.270000457763672,22.229999542236328,28.0743,26.8177,4.253108,6.678437,12.507434,12.507634,79.65,80.359,11006.0,33738.0,112676.0
2022-01-04,27.670000076293945,27.76000022888184,26.51000022888184,26.84000015258789,170000,1.25,29.21999931335449,26.770000457763672,24.790000915527344,28.0843,26.886,4.253108,6.678437,12.507434,12.507634,79.65,80.359,11006.0,33738.0,112676.0
2022-01-05,27.0,27.0,26.0,26.21999931335449,149300,1.0,26.84000015258789,26.700000762939453,24.88999938964844,28.0157,26.9303,4.253108,6.678437,12.507434,12.507634,79.65,80.359,11006.0,33738.0,112676.0
2022-01-06,26.21999931335449,26.56999969482422,25.791000366210938,26.479999542236328,68100,0.779,26.21999931335449,26.489999771118164,23.38999938964844,28.0143,27.0333,4.253108,6.678437,12.507434,12.507634,79.65,80.359,11006.0,33738.0,112676.0
2022-01-07,27.13999938964844,27.46999931335449,26.5,26.86000061035156,70400,0.97,26.479999542236328,28.25,25.200000762939453,27.8157,27.0887,4.253108,6.678437,12.507434,12.507634,79.65,80.359,11006.0,33738.0,112676.0
2022-01-10,25.0,25.26499938964844,23.75,24.07999992370605,183300,1.515,26.86000061035156,29.600000381469727,24.729999542236328,27.0271,27.067,4.253108,6.678437,12.507434,12.507634,79.65,80.359,11006.0,33738.0,112676.0
2022-01-11,23.729999542236328,24.8700008392334,23.309999465942383,24.700000762939453,137200,1.56,24.07999992370605,29.489999771118164,26.959999084472656,26.3429,26.9917,4.253108,6.678437,12.507434,12.507634,79.65,80.359,11006.0,33738.0,112676.0
2022-01-12,23.31999969482422,23.6200008392334,23.23200035095215,23.5,197500,0.388,24.700000762939453,29.21999931335449,26.649999618530277,25.5257,26.8867,4.253108,6.678437,12.507434,12.507634,79.65,80.359,11006.0,33738.0,112676.0
2022-01-13,22.399999618530277,22.84000015258789,22.11000061035156,22.36000061035156,164400,0.73,23.5,26.84000015258789,27.790000915527344,24.8857,26.7057,4.253108,6.678437,12.507434,12.507634,79.65,80.359,11006.0,33738.0,112676.0
2022-01-14,22.57999992370605,23.39900016784668,22.57999992370605,23.190000534057617,81600,0.819,22.36000061035156,26.21999931335449,28.71999931335449,24.4529,26.5213,4.253108,6.678437,12.507434,12.507634,79.65,80.359,11006.0,33738.0,112676.0
2022-01-18,21.25,21.25,20.459999084472656,21.0,385700,0.79,23.190000534057617,26.479999542236328,29.59000015258789,23.67,26.235,4.253108,6.678437,12.507434,12.507634,79.65,80.359,11006.0,33738.0,112676.0
2022-01-19,19.68000030517578,19.979999542236328,19.290000915527344,19.90999984741211,252800,0.69,21.0,26.86000061035156,29.600000381469727,22.6771,25.912,4.253108,6.678437,12.507434,12.507634,79.65,80.359,11006.0,33738.0,112676.0
2022-01-20,21.040000915527344,21.88999938964844,21.024999618530277,21.530000686645508,307600,0.865,19.90999984741211,24.07999992370605,30.440000534057617,22.3129,25.615,4.253108,6.678437,12.507434,12.507634,79.65,80.359,11006.0,33738.0,112676.0
2022-01-21,20.540000915527344,20.799999237060547,20.0,20.11000061035156,169200,0.8,21.530000686645508,24.700000762939453,28.459999084472656,21.6571,25.3367,4.253108,6.678437,12.507434,12.507634,79.65,80.359,11006.0,33738.0,112676.0
2022-01-24,20.6299991607666,21.229999542236328,20.628999710083008,21.07999992370605,160500,0.601,20.11000061035156,23.5,27.170000076293945,21.3114,25.1337,4.253108,6.678437,12.507434,12.507634,79.65,80.359,11006.0,33738.0,112676.0
2022-01-25,19.739999771118164,19.989999771118164,19.399999618530277,19.940000534057617,126200,0.59,21.07999992370605,22.36000061035156,28.13999938964844,20.9657,24.8603,4.253108,6.678437,12.507434,12.507634,79.65,80.359,11006.0,33738.0,112676.0
2022-01-26,19.65999984741211,19.81999969482422,19.299999237060547,19.63999938964844,221700,0.52,19.940000534057617,23.190000534057617,27.82999992370605,20.4586,24.5873,4.253108,6.678437,12.507434,12.507634,79.65,80.359,11006.0,33738.0,112676.0
2022-01-27,20.56999969482422,20.93000030517578,20.31999969482422,20.5,292800,0.61,19.63999938964844,21.0,23.61000061035156,20.3871,24.4837,4.253108,6.678437,12.507434,12.507634,79.65,80.359,11006.0,33738.0,112676.0
2022-01-28,22.399999618530277,22.71999931335449,21.93000030517578,22.01000022888184,224300,0.79,20.5,19.90999984741211,24.790000915527344,20.6871,24.391,4.253108,6.678437,12.507434,12.507634,79.65,80.359,11006.0,33738.0,112676.0
2022-01-31,21.6299991607666,22.1200008392334,21.55500030517578,21.940000534057617,132000,0.565,22.01000022888184,21.530000686645508,24.280000686645508,20.7457,24.313,4.253108,6.678437,12.507434,12.507634,79.65,80.359,11006.0,33738.0,112676.0
2022-02-01,21.75,21.940000534057617,21.00200080871582,21.5,186000,0.938,21.940000534057617,20.11000061035156,23.950000762939453,20.9443,24.2313,4.651346,7.19528,13.431396,13.431397,79.54,80.177,10410.0,32079.0,109461.0
2022-02-02,21.71999931335449,22.489999771118164,21.700000762939453,22.290000915527344,342400,0.79,21.5,21.07999992370605,25.71999931335449,21.1171,24.117,4.651346,7.19528,13.431396,13.431397,79.54,80.177,10410.0,32079.0,109461.0
2022-02-03,21.690000534057617,21.84000015258789,21.450000762939453,21.82999992370605,153200,0.39,22.290000915527344,19.940000534057617,25.040000915527344,21.3871,24.01,4.651346,7.19528,13.431396,13.431397,79.54,80.177,10410.0,32079.0,109461.0
2022-02-04,21.65999984741211,21.88999938964844,21.5,21.700000762939453,88200,0.39,21.82999992370605,19.63999938964844,26.270000457763672,21.6814,23.8577,4.651346,7.19528,13.431396,13.431397,79.54,80.177,10410.0,32079.0,109461.0
2022-02-07,21.25,21.8799991607666,21.11000061035156,21.780000686645508,134700,0.77,21.700000762939453,20.5,26.770000457763672,21.8643,23.6913,4.651346,7.19528,13.431396,13.431397,79.54,80.177,10410.0,32079.0,109461.0
2022-02-08,22.3799991607666,22.8799991607666,22.350000381469727,22.780000686645508,76600,0.53,21.780000686645508,22.01000022888184,26.700000762939453,21.9743,23.5607,4.651346,7.19528,13.431396,13.431397,79.54,80.177,10410.0,32079.0,109461.0
2022-02-09,24.75,25.020000457763672,24.520000457763672,24.850000381469727,562600,0.5,22.780000686645508,21.940000534057617,26.489999771118164,22.39,23.506,4.651346,7.19528,13.431396,13.431397,79.54,80.177,10410.0,32079.0,109461.0
2022-02-10,25.170000076293945,25.489999771118164,24.200000762939453,25.43000030517578,274900,1.29,24.850000381469727,21.5,28.25,22.9514,23.412,4.651346,7.19528,13.431396,13.431397,79.54,80.177,10410.0,32079.0,109461.0
2022-02-11,24.399999618530277,24.8799991607666,24.25,24.729999542236328,339200,0.63,25.43000030517578,22.290000915527344,29.600000381469727,23.3,23.2497,4.651346,7.19528,13.431396,13.431397,79.54,80.177,10410.0,32079.0,109461.0
2022-02-14,23.489999771118164,23.489999771118164,22.700000762939453,22.780000686645508,308000,0.79,24.729999542236328,21.82999992370605,29.489999771118164,23.4357,23.026,4.651346,7.19528,13.431396,13.431397,79.54,80.177,10410.0,32079.0,109461.0
2022-02-15,22.850000381469727,22.920000076293945,22.549999237060547,22.65999984741211,144100,0.37,22.780000686645508,21.700000762939453,29.21999931335449,23.5729,22.8073,4.651346,7.19528,13.431396,13.431397,79.54,80.177,10410.0,32079.0,109461.0
2022-02-16,22.25,22.33799934387207,22.011999130249023,22.170000076293945,71200,0.326,22.65999984741211,21.780000686645508,26.84000015258789,23.6286,22.6517,4.651346,7.19528,13.431396,13.431397,79.54,80.177,10410.0,32079.0,109461.0
2022-02-17,22.809999465942383,23.777999877929688,22.809999465942383,23.530000686645508,155300,0.968,22.170000076293945,22.780000686645508,26.21999931335449,23.7357,22.562,4.651346,7.19528,13.431396,13.431397,79.54,80.177,10410.0,32079.0,109461.0
2022-02-18,23.799999237060547,24.15999984741211,23.5,23.56999969482422,175900,0.66,23.530000686645508,24.850000381469727,26.479999542236328,23.5529,22.465,4.651346,7.19528,13.431396,13.431397,79.54,80.177,10410.0,32079.0,109461.0
2022-02-22,24.5,24.76000022888184,23.59499931335449,23.86000061035156,112500,1.165,23.56999969482422,25.43000030517578,26.86000061035156,23.3286,22.365,4.651346,7.19528,13.431396,13.431397,79.54,80.177,10410.0,32079.0,109461.0
2022-02-23,25.030000686645508,25.190000534057617,24.700000762939453,24.940000534057617,187400,0.49,23.86000061035156,24.729999542236328,24.07999992370605,23.3586,22.3937,4.651346,7.19528,13.431396,13.431397,79.54,80.177,10410.0,32079.0,109461.0
2022-02-24,22.700000762939453,23.0,22.31999969482422,22.6200008392334,368600,0.68,24.940000534057617,22.780000686645508,24.700000762939453,23.3357,22.3243,4.651346,7.19528,13.431396,13.431397,79.54,80.177,10410.0,32079.0,109461.0
2022-02-25,22.700000762939453,22.88999938964844,22.420000076293945,22.61000061035156,141000,0.47,22.6200008392334,22.65999984741211,23.5,23.3286,22.2947,4.651346,7.19528,13.431396,13.431397,79.54,80.177,10410.0,32079.0,109461.0
2022-02-28,21.57999992370605,21.6200008392334,21.200000762939453,21.43000030517578,195900,0.42,22.61000061035156,22.170000076293945,22.36000061035156,23.2229,22.2637,4.651346,7.19528,13.431396,13.431397,79.54,80.177,10410.0,32079.0,109461.0
2022-03-01,23.309999465942383,23.8799991607666,23.09000015258789,23.8799991607666,232800,0.79,21.43000030517578,23.530000686645508,23.190000534057617,23.2729,22.2867,4.803168,15.437353,22.905702,22.713008,96.26,96.91,11505.0,38029.0,130258.0
2022-03-02,23.76000022888184,24.0,23.34000015258789,23.670000076293945,203200,0.66,23.8799991607666,23.56999969482422,21.0,23.2871,22.3757,4.803168,15.437353,22.905702,22.713008,96.26,96.91,11505.0,38029.0,130258.0
2022-03-03,23.700000762939453,23.780000686645508,23.51000022888184,23.57999992370605,69200,0.27,23.670000076293945,23.86000061035156,19.90999984741211,23.2471,22.498,4.803168,15.437353,22.905702,22.713008,96.26,96.91,11505.0,38029.0,130258.0
2022-03-04,24.670000076293945,25.26000022888184,24.670000076293945,24.899999618530277,219200,0.59,23.57999992370605,24.940000534057617,21.530000686645508,23.2414,22.6103,4.803168,15.437353,22.905702,22.713008,96.26,96.91,11505.0,38029.0,130258.0
2022-03-07,26.0,26.43000030517578,25.96999931335449,26.280000686645508,216200,0.46,24.899999618530277,22.6200008392334,20.11000061035156,23.7643,22.816,4.803168,15.437353,22.905702,22.713008,96.26,96.91,11505.0,38029.0,130258.0
2022-03-08,26.51000022888184,27.0,26.450000762939453,26.82999992370605,422100,0.55,26.280000686645508,22.61000061035156,21.07999992370605,24.3671,23.0077,4.803168,15.437353,22.905702,22.713008,96.26,96.91,11505.0,38029.0,130258.0
2022-03-09,27.899999618530277,28.200000762939453,27.6200008392334,27.84000015258789,378300,0.58,26.82999992370605,21.43000030517578,19.940000534057617,25.2829,23.271,4.803168,15.437353,22.905702,22.713008,96.26,96.91,11505.0,38029.0,130258.0
2022-03-10,27.350000381469727,27.6200008392334,27.059999465942383,27.56999969482422,532500,0.56,27.84000015258789,23.8799991607666,19.63999938964844,25.81,23.5353,4.803168,15.437353,22.905702,22.713008,96.26,96.91,11505.0,38029.0,130258.0
2022-03-11,27.38999938964844,27.38999938964844,26.90999984741211,27.049999237060547,429300,0.48,27.56999969482422,23.670000076293945,20.5,26.2929,23.7537,4.803168,15.437353,22.905702,22.713008,96.26,96.91,11505.0,38029.0,130258.0
2022-03-14,25.309999465942383,25.549999237060547,24.649999618530277,24.700000762939453,406000,0.9,27.049999237060547,23.57999992370605,22.01000022888184,26.4529,23.8433,4.803168,15.437353,22.905702,22.713008,96.26,96.91,11505.0,38029.0,130258.0
2022-03-15,24.21999931335449,24.21999931335449,23.540000915527344,23.729999542236328,684600,0.68,24.700000762939453,24.899999618530277,21.940000534057617,26.2857,23.903,4.803168,15.437353,22.905702,22.713008,96.26,96.91,11505.0,38029.0,130258.0
2022-03-16,24.6299991607666,25.559999465942383,24.420000076293945,25.540000915527344,218200,1.14,23.729999542236328,26.280000686645508,21.5,26.18,24.0377,4.803168,15.437353,22.905702,22.713008,96.26,96.91,11505.0,38029.0,130258.0
2022-03-17,25.989999771118164,26.5,25.82999992370605,26.040000915527344,471300,0.67,25.540000915527344,26.82999992370605,22.290000915527344,26.0671,24.1627,4.803168,15.437353,22.905702,22.713008,96.26,96.91,11505.0,38029.0,130258.0
2022-03-18,26.18000030517578,26.46999931335449,25.86000061035156,26.350000381469727,180800,0.61,26.040000915527344,27.84000015258789,21.82999992370605,25.8543,24.3133,4.803168,15.437353,22.905702,22.713008,96.26,96.91,11505.0,38029.0,130258.0
2022-03-21,26.059999465942383,26.299999237060547,25.6299991607666,25.76000022888184,60400,0.67,26.350000381469727,27.56999969482422,21.700000762939453,25.5957,24.4487,4.803168,15.437353,22.905702,22.713008,96.26,96.91,11505.0,38029.0,130258.0
2022-03-22,25.149999618530277,25.489999771118164,25.020999908447266,25.049999237060547,163300,0.469,25.76000022888184,27.049999237060547,21.780000686645508,25.31,24.5577,4.803168,15.437353,22.905702,22.713008,96.26,96.91,11505.0,38029.0,130258.0
2022-03-23,25.670000076293945,25.959999084472656,25.53499984741211,25.950000762939453,166700,0.425,25.049999237060547,24.700000762939453,22.780000686645508,25.4886,24.6633,4.803168,15.437353,22.905702,22.713008,96.26,96.91,11505.0,38029.0,130258.0
2022-03-24,25.21999931335449,25.399999618530277,24.81999969482422,24.8799991607666,177500,0.58,25.950000762939453,23.729999542236328,24.850000381469727,25.6529,24.6643,4.803168,15.437353,22.905702,22.713008,96.26,96.91,11505.0,38029.0,130258.0
2022-03-25,24.540000915527344,24.65999984741211,24.34000015258789,24.38999938964844,83400,0.32,24.8799991607666,25.540000915527344,25.43000030517578,25.4886,24.6297,4.803168,15.437353,22.905702,22.713008,96.26,96.91,11505.0,38029.0,130258.0
2022-03-28,23.780000686645508,23.959999084472656,23.549999237060547,23.770000457763672,181900,0.41,24.38999938964844,26.040000915527344,24.729999542236328,25.1643,24.5977,4.803168,15.437353,22.905702,22.713008,96.26,96.91,11505.0,38029.0,130258.0
2022-03-29,23.459999084472656,24.459999084472656,23.100000381469727,24.26000022888184,318800,1.36,23.770000457763672,26.350000381469727,22.780000686645508,24.8657,24.647,4.803168,15.437353,22.905702,22.713008,96.26,96.91,11505.0,38029.0,130258.0
2022-03-30,24.25,25.100000381469727,24.25,25.01000022888184,1207800,0.85,24.26000022888184,25.76000022888184,22.65999984741211,24.7586,24.7253,4.803168,15.437353,22.905702,22.713008,96.26,96.91,11505.0,38029.0,130258.0
2022-03-31,24.200000762939453,24.979999542236328,23.8799991607666,24.18000030517578,648300,1.1,25.01000022888184,25.049999237060547,22.170000076293945,24.6343,24.7923,4.803168,15.437353,22.905702,22.713008,96.26,96.91,11505.0,38029.0,130258.0
2022-04-01,23.93000030517578,23.979999542236328,23.75,23.959999084472656,125000,0.23,24.18000030517578,25.950000762939453,23.530000686645508,24.35,24.8067,4.83575,12.684357,19.61095,19.768147,67.2,67.885997,10345.256667,32840.0,132952.0
2022-04-04,23.0,23.0,22.309999465942383,22.399999618530277,553900,0.69,23.959999084472656,24.8799991607666,23.56999969482422,23.9957,24.7677,4.83575,12.684357,19.61095,19.768147,67.2,67.885997,10345.256667,32840.0,132952.0
2022-04-05,21.76000022888184,22.08799934387207,21.40999984741211,21.770000457763672,1346500,0.678,22.399999618530277,24.38999938964844,23.86000061035156,23.6214,24.698,4.83575,12.684357,19.61095,19.768147,67.2,67.885997,10345.256667,32840.0,132952.0
2022-04-06,21.0,21.0,20.51000022888184,20.6200008392334,600000,0.49,21.770000457763672,23.770000457763672,24.940000534057617,23.1714,24.554,4.83575,12.684357,19.61095,19.768147,67.2,67.885997,10345.256667,32840.0,132952.0
2022-04-07,21.06999969482422,21.700000762939453,21.06999969482422,21.65999984741211,160400,0.63,20.6200008392334,24.26000022888184,22.6200008392334,22.8,24.522,4.83575,12.684357,19.61095,19.768147,67.2,67.885997,10345.256667,32840.0,132952.0
2022-04-08,22.059999465942383,22.57999992370605,22.059999465942383,22.450000762939453,174100,0.52,21.65999984741211,25.01000022888184,22.61000061035156,22.4343,24.5167,4.83575,12.684357,19.61095,19.768147,67.2,67.885997,10345.256667,32840.0,132952.0
2022-04-11,21.07999992370605,21.13999938964844,20.81999969482422,21.0,233900,0.32,22.450000762939453,24.18000030517578,21.43000030517578,21.98,24.5023,4.83575,12.684357,19.61095,19.768147,67.2,67.885997,10345.256667,32840.0,132952.0
2022-04-12,21.200000762939453,21.440000534057617,21.0,21.280000686645508,142300,0.44,21.0,23.959999084472656,23.8799991607666,21.5971,24.4157,4.83575,12.684357,19.61095,19.768147,67.2,67.885997,10345.256667,32840.0,132952.0
2022-04-13,21.270000457763672,21.43000030517578,21.040000915527344,21.239999771118164,131000,0.39,21.280000686645508,22.399999618530277,23.670000076293945,21.4314,24.3347,4.83575,12.684357,19.61095,19.768147,67.2,67.885997,10345.256667,32840.0,132952.0
2022-04-14,21.75,22.170000076293945,21.75,22.15999984741211,349500,0.42,21.239999771118164,21.770000457763672,23.57999992370605,21.4871,24.2873,4.83575,12.684357,19.61095,19.768147,67.2,67.885997,10345.256667,32840.0,132952.0
2022-04-18,21.82999992370605,22.25,21.780000686645508,22.21999931335449,128500,0.47,22.15999984741211,20.6200008392334,24.899999618530277,21.7157,24.198,4.83575,12.684357,19.61095,19.768147,67.2,67.885997,10345.256667,32840.0,132952.0
2022-04-19,21.670000076293945,21.790000915527344,20.940000534057617,21.229999542236328,284300,0.85,22.21999931335449,21.65999984741211,26.280000686645508,21.6543,24.0297,4.83575,12.684357,19.61095,19.768147,67.2,67.885997,10345.256667,32840.0,132952.0
2022-04-20,20.479999542236328,20.525999069213867,20.05500030517578,20.290000915527344,257800,0.471,21.229999542236328,22.450000762939453,26.82999992370605,21.3457,23.8117,4.83575,12.684357,19.61095,19.768147,67.2,67.885997,10345.256667,32840.0,132952.0
2022-04-21,21.3700008392334,21.84000015258789,21.36000061035156,21.739999771118164,183400,0.48,20.290000915527344,21.0,27.84000015258789,21.4514,23.6083,4.83575,12.684357,19.61095,19.768147,67.2,67.885997,10345.256667,32840.0,132952.0
2022-04-22,22.0,22.399999618530277,22.0,22.309999465942383,178700,0.4,21.739999771118164,21.280000686645508,27.56999969482422,21.5986,23.433,4.83575,12.684357,19.61095,19.768147,67.2,67.885997,10345.256667,32840.0,132952.0
2022-04-25,21.520000457763672,21.649999618530277,20.857999801635746,20.920000076293945,190500,0.792,22.309999465942383,21.239999771118164,27.049999237060547,21.5529,23.2287,4.83575,12.684357,19.61095,19.768147,67.2,67.885997,10345.256667,32840.0,132952.0
2022-04-26,21.0,21.030000686645508,20.5,20.739999771118164,189500,0.53,20.920000076293945,22.15999984741211,24.700000762939453,21.35,23.0967,4.83575,12.684357,19.61095,19.768147,67.2,67.885997,10345.256667,32840.0,132952.0
2022-04-27,21.0,21.68000030517578,21.0,21.549999237060547,178200,0.68,20.739999771118164,22.21999931335449,23.729999542236328,21.2543,23.024,4.83575,12.684357,19.61095,19.768147,67.2,67.885997,10345.256667,32840.0,132952.0
2022-04-28,21.18000030517578,21.21999931335449,20.8799991607666,21.01000022888184,69900,0.34,21.549999237060547,21.229999542236328,25.540000915527344,21.2229,22.873,4.83575,12.684357,19.61095,19.768147,67.2,67.885997,10345.256667,32840.0,132952.0
2022-04-29,21.3799991607666,21.57999992370605,21.32999992370605,21.479999542236328,38500,0.25,21.01000022888184,20.290000915527344,26.040000915527344,21.3929,22.721,4.83575,12.684357,19.61095,19.768147,67.2,67.885997,10345.256667,32840.0,132952.0
2022-05-02,21.459999084472656,21.56999969482422,21.23200035095215,21.489999771118164,82500,0.338,21.479999542236328,21.739999771118164,26.350000381469727,21.3571,22.559,5.044838,14.60729,20.824924,20.784624,71.21,71.838736,10849.903333,31650.0,136047.0
2022-05-03,21.6299991607666,22.15999984741211,21.6299991607666,22.1200008392334,107000,0.53,21.489999771118164,22.309999465942383,25.76000022888184,21.33,22.4377,5.044838,14.60729,20.824924,20.784624,71.21,71.838736,10849.903333,31650.0,136047.0
2022-05-04,22.93000030517578,23.3799991607666,22.905000686645508,23.290000915527344,143600,0.475,22.1200008392334,20.920000076293945,25.049999237060547,21.6686,22.379,5.044838,14.60729,20.824924,20.784624,71.21,71.838736,10849.903333,31650.0,136047.0
2022-05-05,24.030000686645508,24.3799991607666,23.36000061035156,23.690000534057617,135500,1.02,23.290000915527344,20.739999771118164,25.950000762939453,22.09,22.3037,5.044838,14.60729,20.824924,20.784624,71.21,71.838736,10849.903333,31650.0,136047.0
2022-05-06,23.209999084472656,23.899999618530277,23.1299991607666,23.75,142800,0.77,23.690000534057617,21.549999237060547,24.8799991607666,22.4043,22.266,5.044838,14.60729,20.824924,20.784624,71.21,71.838736,10849.903333,31650.0,136047.0
2022-05-09,24.07999992370605,24.200000762939453,23.809999465942383,23.8799991607666,246500,0.39,23.75,21.01000022888184,24.38999938964844,22.8143,22.249,5.044838,14.60729,20.824924,20.784624,71.21,71.838736,10849.903333,31650.0,136047.0
2022-05-10,23.61000061035156,23.75,23.200000762939453,23.38999938964844,89800,0.55,23.8799991607666,21.479999542236328,23.770000457763672,23.0871,22.2363,5.044838,14.60729,20.824924,20.784624,71.21,71.838736,10849.903333,31650.0,136047.0
2022-05-11,23.940000534057617,24.18000030517578,23.76000022888184,23.899999618530277,201100,0.42,23.38999938964844,21.489999771118164,24.26000022888184,23.4314,22.2243,5.044838,14.60729,20.824924,20.784624,71.21,71.838736,10849.903333,31650.0,136047.0
2022-05-12,23.229999542236328,23.38999938964844,22.989999771118164,23.190000534057617,222500,0.4,23.899999618530277,22.1200008392334,25.01000022888184,23.5843,22.1637,5.044838,14.60729,20.824924,20.784624,71.21,71.838736,10849.903333,31650.0,136047.0
2022-05-13,23.18000030517578,23.18000030517578,22.780000686645508,23.1200008392334,118900,0.4,23.190000534057617,23.290000915527344,24.18000030517578,23.56,22.1283,5.044838,14.60729,20.824924,20.784624,71.21,71.838736,10849.903333,31650.0,136047.0
2022-05-16,23.38999938964844,23.6299991607666,23.18000030517578,23.34000015258789,96200,0.45,23.1200008392334,23.690000534057617,23.959999084472656,23.51,22.1077,5.044838,14.60729,20.824924,20.784624,71.21,71.838736,10849.903333,31650.0,136047.0
2022-05-17,24.399999618530277,24.76000022888184,24.399999618530277,24.6299991607666,90400,0.36,23.34000015258789,23.75,22.399999618530277,23.6357,22.182,5.044838,14.60729,20.824924,20.784624,71.21,71.838736,10849.903333,31650.0,136047.0
2022-05-18,25.729999542236328,26.06999969482422,25.020000457763672,25.780000686645508,490400,1.05,24.6299991607666,23.8799991607666,21.770000457763672,23.9071,22.3157,5.044838,14.60729,20.824924,20.784624,71.21,71.838736,10849.903333,31650.0,136047.0
2022-05-19,24.940000534057617,25.209999084472656,24.780000686645508,24.96999931335449,259100,0.43,25.780000686645508,23.38999938964844,20.6200008392334,24.1329,22.4607,5.044838,14.60729,20.824924,20.784624,71.21,71.838736,10849.903333,31650.0,136047.0
2022-05-20,24.989999771118164,25.489999771118164,24.170000076293945,25.420000076293945,212000,1.32,24.96999931335449,23.899999618530277,21.65999984741211,24.35,22.586,5.044838,14.60729,20.824924,20.784624,71.21,71.838736,10849.903333,31650.0,136047.0
2022-05-23,24.5,24.770000457763672,24.18000030517578,24.600000381469727,160000,0.59,25.420000076293945,23.190000534057617,22.450000762939453,24.5514,22.6577,5.044838,14.60729,20.824924,20.784624,71.21,71.838736,10849.903333,31650.0,136047.0
2022-05-24,23.26000022888184,23.549999237060547,23.18000030517578,23.38999938964844,57000,0.37,24.600000381469727,23.1200008392334,21.0,24.59,22.7373,5.044838,14.60729,20.824924,20.784624,71.21,71.838736,10849.903333,31650.0,136047.0
2022-05-25,22.549999237060547,23.209999084472656,22.43000030517578,22.96999931335449,115500,0.78,23.38999938964844,23.34000015258789,21.280000686645508,24.5371,22.7937,5.044838,14.60729,20.824924,20.784624,71.21,71.838736,10849.903333,31650.0,136047.0
2022-05-26,22.299999237060547,22.61000061035156,22.18000030517578,22.549999237060547,225500,0.43,22.96999931335449,24.6299991607666,21.239999771118164,24.24,22.8373,5.044838,14.60729,20.824924,20.784624,71.21,71.838736,10849.903333,31650.0,136047.0
2022-05-27,21.420000076293945,21.780000686645508,21.280000686645508,21.479999542236328,228100,0.5,22.549999237060547,25.780000686645508,22.15999984741211,23.6257,22.8147,5.044838,14.60729,20.824924,20.784624,71.21,71.838736,10849.903333,31650.0,136047.0
2022-05-31,21.90999984741211,22.709999084472656,21.90999984741211,22.190000534057617,500200,0.8,21.479999542236328,24.96999931335449,22.21999931335449,23.2286,22.8137,5.044838,14.60729,20.824924,20.784624,71.21,71.838736,10849.903333,31650.0,136047.0
2022-06-01,22.100000381469727,22.280000686645508,21.700000762939453,21.88999938964844,240900,0.58,22.190000534057617,25.420000076293945,21.229999542236328,22.7243,22.8357,5.294551,19.69474,27.377675,27.398408,67.36,68.023883,9979.387833,33820.0,134132.0
2022-06-02,21.799999237060547,22.0,21.799999237060547,22.0,82000,0.2,21.88999938964844,24.600000381469727,20.290000915527344,22.3529,22.8927,5.294551,19.69474,27.377675,27.398408,67.36,68.023883,9979.387833,33820.0,134132.0
2022-06-03,21.809999465942383,22.200000762939453,21.809999465942383,22.01000022888184,187400,0.39,22.0,23.38999938964844,21.739999771118164,22.1557,22.9017,5.294551,19.69474,27.377675,27.398408,67.36,68.023883,9979.387833,33820.0,134132.0
2022-06-06,21.709999084472656,21.81999969482422,21.25,21.459999084472656,185900,0.57,22.01000022888184,22.96999931335449,22.309999465942383,21.94,22.8733,5.294551,19.69474,27.377675,27.398408,67.36,68.023883,9979.387833,33820.0,134132.0
2022-06-07,20.6299991607666,20.6299991607666,20.26000022888184,20.350000381469727,186400,0.37,21.459999084472656,22.549999237060547,20.920000076293945,21.6257,22.8543,5.294551,19.69474,27.377675,27.398408,67.36,68.023883,9979.387833,33820.0,134132.0
2022-06-08,19.59000015258789,19.649999618530277,19.100000381469727,19.239999771118164,468200,0.55,20.350000381469727,21.479999542236328,20.739999771118164,21.3057,22.8043,5.294551,19.69474,27.377675,27.398408,67.36,68.023883,9979.387833,33820.0,134132.0
2022-06-09,19.01000022888184,19.450000762939453,19.01000022888184,19.36000061035156,146800,0.44,19.239999771118164,22.190000534057617,21.549999237060547,20.9014,22.7313,5.294551,19.69474,27.377675,27.398408,67.36,68.023883,9979.387833,33820.0,134132.0
2022-06-10,19.520000457763672,20.020000457763672,19.520000457763672,19.850000381469727,265600,0.5,19.36000061035156,21.88999938964844,21.01000022888184,20.61,22.6927,5.294551,19.69474,27.377675,27.398408,67.36,68.023883,9979.387833,33820.0,134132.0
2022-06-13,19.149999618530277,19.31999969482422,19.059999465942383,19.13999938964844,65200,0.26,19.850000381469727,22.0,21.479999542236328,20.2014,22.6147,5.294551,19.69474,27.377675,27.398408,67.36,68.023883,9979.387833,33820.0,134132.0
2022-06-14,19.65999984741211,20.0,19.65999984741211,19.8799991607666,38200,0.34,19.13999938964844,22.01000022888184,21.489999771118164,19.8971,22.561,5.294551,19.69474,27.377675,27.398408,67.36,68.023883,9979.387833,33820.0,134132.0
2022-06-15,19.700000762939453,19.81999969482422,19.3700008392334,19.549999237060547,69700,0.45,19.8799991607666,21.459999084472656,22.1200008392334,19.6243,22.4753,5.294551,19.69474,27.377675,27.398408,67.36,68.023883,9979.387833,33820.0,134132.0
2022-06-16,19.549999237060547,19.86000061035156,19.549999237060547,19.690000534057617,97100,0.31,19.549999237060547,20.350000381469727,23.290000915527344,19.53,22.3553,5.294551,19.69474,27.377675,27.398408,67.36,68.023883,9979.387833,33820.0,134132.0
2022-06-17,20.0,20.299999237060547,20.0,20.15999984741211,80100,0.3,19.690000534057617,19.239999771118164,23.690000534057617,19.6614,22.2377,5.294551,19.69474,27.377675,27.398408,67.36,68.023883,9979.387833,33820.0,134132.0
2022-06-21,17.920000076293945,18.3700008392334,17.75,18.290000915527344,231600,0.62,20.15999984741211,19.36000061035156,23.75,19.5086,22.0557,5.294551,19.69474,27.377675,27.398408,67.36,68.023883,9979.387833,33820.0,134132.0
2022-06-22,17.110000610351562,17.18000030517578,16.579999923706055,16.790000915527344,687700,0.6,18.290000915527344,19.850000381469727,23.8799991607666,19.0714,21.8193,5.294551,19.69474,27.377675,27.398408,67.36,68.023883,9979.387833,33820.0,134132.0
2022-06-23,17.309999465942383,17.799999237060547,17.309999465942383,17.579999923706055,185900,0.49,16.790000915527344,19.13999938964844,23.38999938964844,18.8486,21.6257,5.294551,19.69474,27.377675,27.398408,67.36,68.023883,9979.387833,33820.0,134132.0
2022-06-24,16.829999923706055,17.099000930786133,16.6200008392334,16.899999618530273,94300,0.479,17.579999923706055,19.8799991607666,23.899999618530277,18.4229,21.3923,5.294551,19.69474,27.377675,27.398408,67.36,68.023883,9979.387833,33820.0,134132.0
2022-06-27,16.6299991607666,16.700000762939453,16.25,16.3700008392334,295400,0.45,16.899999618530273,19.549999237060547,23.190000534057617,17.9686,21.165,5.294551,19.69474,27.377675,27.398408,67.36,68.023883,9979.387833,33820.0,134132.0
2022-06-28,15.6899995803833,16.18000030517578,15.600000381469728,16.030000686645508,113800,0.58,16.3700008392334,19.690000534057617,23.1200008392334,17.4457,20.9287,5.294551,19.69474,27.377675,27.398408,67.36,68.023883,9979.387833,33820.0,134132.0
2022-06-29,16.34000015258789,16.920000076293945,16.34000015258789,16.729999542236328,228100,0.58,16.030000686645508,20.15999984741211,23.34000015258789,16.9557,20.7083,5.294551,19.69474,27.377675,27.398408,67.36,68.023883,9979.387833,33820.0,134132.0
2022-06-30,17.100000381469727,17.399999618530273,17.079999923706055,17.170000076293945,200700,0.32,16.729999542236328,18.290000915527344,24.6299991607666,16.7957,20.4597,5.294551,19.69474,27.377675,27.398408,67.36,68.023883,9979.387833,33820.0,134132.0
2022-07-01,16.899999618530273,17.15999984741211,16.899999618530273,17.110000610351562,14100,0.26,17.170000076293945,16.790000915527344,25.780000686645508,16.8414,20.1707,3.817437,17.89731,23.455845,23.455844,60.29,60.991685,10521.883,30110.0,128384.0
2022-07-05,15.960000038146973,16.020999908447266,15.789999961853027,15.899999618530272,54800,0.231,17.110000610351562,17.579999923706055,24.96999931335449,16.6014,19.8683,3.817437,17.89731,23.455845,23.455844,60.29,60.991685,10521.883,30110.0,128384.0
2022-07-06,15.300000190734863,15.479000091552734,14.920000076293944,14.949999809265137,266000,0.559,15.899999618530272,16.899999618530273,25.420000076293945,16.3229,19.5193,3.817437,17.89731,23.455845,23.455844,60.29,60.991685,10521.883,30110.0,128384.0
2022-07-07,15.520000457763672,15.970000267028809,15.510000228881836,15.90999984741211,226100,0.46,14.949999809265137,16.3700008392334,24.600000381469727,16.2571,19.2297,3.817437,17.89731,23.455845,23.455844,60.29,60.991685,10521.883,30110.0,128384.0
2022-07-08,15.56999969482422,15.59000015258789,15.260000228881836,15.289999961853027,353500,0.33,15.90999984741211,16.030000686645508,23.38999938964844,16.1514,18.9597,3.817437,17.89731,23.455845,23.455844,60.29,60.991685,10521.883,30110.0,128384.0
2022-07-11,15.020000457763672,15.197999954223633,14.920000076293944,15.020000457763672,159300,0.278,15.289999961853027,16.729999542236328,22.96999931335449,15.9071,18.6947,3.817437,17.89731,23.455845,23.455844,60.29,60.991685,10521.883,30110.0,128384.0
2022-07-12,14.380000114440918,14.420000076293944,13.800000190734863,13.859999656677246,173200,0.62,15.020000457763672,17.170000076293945,22.549999237060547,15.4343,18.405,3.817437,17.89731,23.455845,23.455844,60.29,60.991685,10521.883,30110.0,128384.0
2022-07-13,14.31999969482422,14.5,14.100000381469728,14.479999542236328,232300,0.4,13.859999656677246,17.110000610351562,21.479999542236328,15.0586,18.1717,3.817437,17.89731,23.455845,23.455844,60.29,60.991685,10521.883,30110.0,128384.0
2022-07-14,14.859999656677246,15.18000030517578,14.649999618530272,15.18000030517578,100100,0.53,14.479999542236328,15.899999618530272,22.190000534057617,14.9557,17.938,3.817437,17.89731,23.455845,23.455844,60.29,60.991685,10521.883,30110.0,128384.0
2022-07-15,15.5600004196167,16.06999969482422,15.5600004196167,15.989999771118164,80800,0.51,15.18000030517578,14.949999809265137,21.88999938964844,15.1043,17.7413,3.817437,17.89731,23.455845,23.455844,60.29,60.991685,10521.883,30110.0,128384.0
2022-07-18,15.630000114440918,15.65999984741211,15.0,15.279999732971191,161200,0.66,15.989999771118164,15.90999984741211,22.0,15.0143,17.5173,3.817437,17.89731,23.455845,23.455844,60.29,60.991685,10521.883,30110.0,128384.0
2022-07-19,15.350000381469728,15.350000381469728,14.6899995803833,14.8100004196167,191400,0.66,15.279999732971191,15.289999961853027,22.01000022888184,14.9457,17.2773,3.817437,17.89731,23.455845,23.455844,60.29,60.991685,10521.883,30110.0,128384.0
2022-07-20,14.800000190734863,15.109999656677246,14.470000267028809,14.539999961853027,186300,0.64,14.8100004196167,15.020000457763672,21.459999084472656,14.8771,17.0467,3.817437,17.89731,23.455845,23.455844,60.29,60.991685,10521.883,30110.0,128384.0
2022-07-21,14.720000267028809,14.859000205993652,14.510000228881836,14.649999618530272,85800,0.349,14.539999961853027,13.859999656677246,20.350000381469727,14.99,16.8567,3.817437,17.89731,23.455845,23.455844,60.29,60.991685,10521.883,30110.0,128384.0
2022-07-22,14.649999618530272,14.770000457763672,14.489999771118164,14.600000381469728,245800,0.28,14.649999618530272,14.479999542236328,19.239999771118164,15.0071,16.702,3.817437,17.89731,23.455845,23.455844,60.29,60.991685,10521.883,30110.0,128384.0
2022-07-25,13.8100004196167,13.987000465393066,13.170000076293944,13.279999732971191,238200,0.817,14.600000381469728,15.18000030517578,19.36000061035156,14.7357,16.4993,3.817437,17.89731,23.455845,23.455844,60.29,60.991685,10521.883,30110.0,128384.0
2022-07-26,13.039999961853027,13.489999771118164,13.039999961853027,13.470000267028809,198100,0.45,13.279999732971191,15.989999771118164,19.850000381469727,14.3757,16.2867,3.817437,17.89731,23.455845,23.455844,60.29,60.991685,10521.883,30110.0,128384.0
2022-07-27,12.949999809265137,13.40999984741211,12.949999809265137,13.3100004196167,141000,0.46,13.470000267028809,15.279999732971191,19.13999938964844,14.0943,16.0923,3.817437,17.89731,23.455845,23.455844,60.29,60.991685,10521.883,30110.0,128384.0
2022-07-28,12.720000267028809,12.84000015258789,12.529999732971191,12.789999961853027,328100,0.31,13.3100004196167,14.8100004196167,19.8799991607666,13.8057,15.856,3.817437,17.89731,23.455845,23.455844,60.29,60.991685,10521.883,30110.0,128384.0
2022-07-29,12.229999542236328,12.420000076293944,12.079999923706056,12.420000076293944,233000,0.34,12.789999961853027,14.539999961853027,19.549999237060547,13.5029,15.6183,3.817437,17.89731,23.455845,23.455844,60.29,60.991685,10521.883,30110.0,128384.0
2022-08-01,12.640000343322754,12.6899995803833,12.529999732971191,12.649999618530272,124300,0.16,12.420000076293944,14.649999618530272,19.690000534057617,13.2171,15.3837,5.272633,15.611026,21.972198,21.915798,58.05,58.601656,10755.282083,28970.0,130353.0
2022-08-02,12.050000190734863,12.1899995803833,11.579999923706056,11.779999732971191,552500,0.61,12.649999618530272,14.600000381469728,20.15999984741211,12.8143,15.1043,5.272633,15.611026,21.972198,21.915798,58.05,58.601656,10755.282083,28970.0,130353.0
2022-08-03,11.300000190734863,11.388999938964844,10.6899995803833,10.829999923706056,395400,0.699,11.779999732971191,13.279999732971191,18.290000915527344,12.4643,14.8557,5.272633,15.611026,21.972198,21.915798,58.05,58.601656,10755.282083,28970.0,130353.0
2022-08-04,10.5600004196167,11.109999656677246,10.5,10.81999969482422,282600,0.61,10.829999923706056,13.470000267028809,16.790000915527344,12.0857,14.6567,5.272633,15.611026,21.972198,21.915798,58.05,58.601656,10755.282083,28970.0,130353.0
2022-08-05,11.170000076293944,11.350000381469728,10.850000381469728,11.100000381469728,297000,0.5,10.81999969482422,13.3100004196167,17.579999923706055,11.77,14.4407,5.272633,15.611026,21.972198,21.915798,58.05,58.601656,10755.282083,28970.0,130353.0
2022-08-08,11.43000030517578,11.729999542236328,11.210000038146973,11.229999542236328,297500,0.52,11.100000381469728,12.789999961853027,16.899999618530273,11.5471,14.2517,5.272633,15.611026,21.972198,21.915798,58.05,58.601656,10755.282083,28970.0,130353.0
2022-08-09,11.34000015258789,11.720000267028809,11.34000015258789,11.5600004196167,287600,0.38,11.229999542236328,12.420000076293944,16.3700008392334,11.4243,14.0913,5.272633,15.611026,21.972198,21.915798,58.05,58.601656,10755.282083,28970.0,130353.0
2022-08-10,11.550000190734863,11.699999809265137,11.399999618530272,11.579999923706056,230800,0.3,11.5600004196167,12.649999618530272,16.030000686645508,11.2714,13.943,5.272633,15.611026,21.972198,21.915798,58.05,58.601656,10755.282083,28970.0,130353.0
2022-08-11,10.989999771118164,11.029999732971191,10.670000076293944,10.890000343322754,352200,0.36,11.579999923706056,11.779999732971191,16.729999542236328,11.1443,13.7483,5.272633,15.611026,21.972198,21.915798,58.05,58.601656,10755.282083,28970.0,130353.0
2022-08-12,10.399999618530272,10.574000358581545,10.25,10.539999961853027,309700,0.324,10.890000343322754,10.829999923706056,17.170000076293945,11.1029,13.5273,5.272633,15.611026,21.972198,21.915798,58.05,58.601656,10755.282083,28970.0,130353.0
2022-08-15,10.25,10.359999656677246,9.663000106811523,9.890000343322754,382100,0.697,10.539999961853027,10.81999969482422,17.110000610351562,10.97,13.2867,5.272633,15.611026,21.972198,21.915798,58.05,58.601656,10755.282083,28970.0,130353.0
2022-08-16,9.850000381469728,10.029999732971191,9.850000381469728,9.989999771118164,70000,0.18,9.890000343322754,11.100000381469728,15.899999618530272,10.8114,13.0897,5.272633,15.611026,21.972198,21.915798,58.05,58.601656,10755.282083,28970.0,130353.0
2022-08-17,9.81999969482422,10.0,9.640000343322754,9.770000457763672,92800,0.36,9.989999771118164,11.229999542236328,14.949999809265137,10.6029,12.917,5.272633,15.611026,21.972198,21.915798,58.05,58.601656,10755.282083,28970.0,130353.0
2022-08-18,9.3100004196167,9.460000038146973,9.260000228881836,9.420000076293944,256300,0.2,9.770000457763672,11.5600004196167,15.90999984741211,10.2971,12.7007,5.272633,15.611026,21.972198,21.915798,58.05,58.601656,10755.282083,28970.0,130353.0
2022-08-19,9.199999809265137,9.420000076293944,9.199999809265137,9.3100004196167,100600,0.22,9.420000076293944,11.579999923706056,15.289999961853027,9.9729,12.5013,5.272633,15.611026,21.972198,21.915798,58.05,58.601656,10755.282083,28970.0,130353.0
2022-08-22,9.15999984741211,9.260000228881836,9.04599952697754,9.210000038146973,129200,0.214,9.3100004196167,10.890000343322754,15.020000457763672,9.7329,12.3077,5.272633,15.611026,21.972198,21.915798,58.05,58.601656,10755.282083,28970.0,130353.0
2022-08-23,8.9399995803833,8.979999542236328,8.579999923706055,8.699999809265137,275500,0.4,9.210000038146973,10.539999961853027,13.859999656677246,9.47,12.1357,5.272633,15.611026,21.972198,21.915798,58.05,58.601656,10755.282083,28970.0,130353.0
2022-08-24,8.369999885559082,8.579999923706055,8.210000038146973,8.550000190734863,216300,0.37,8.699999809265137,9.890000343322754,14.479999542236328,9.2786,11.938,5.272633,15.611026,21.972198,21.915798,58.05,58.601656,10755.282083,28970.0,130353.0
2022-08-25,8.029999732971191,8.0600004196167,7.889999866485596,7.96999979019165,549600,0.17,8.550000190734863,9.989999771118164,15.18000030517578,8.99,11.6977,5.272633,15.611026,21.972198,21.915798,58.05,58.601656,10755.282083,28970.0,130353.0
2022-08-26,8.0,8.0,7.920000076293945,7.920000076293945,281900,0.08,7.96999979019165,9.770000457763672,15.989999771118164,8.7257,11.4287,5.272633,15.611026,21.972198,21.915798,58.05,58.601656,10755.282083,28970.0,130353.0
2022-08-29,7.900000095367432,8.069999694824219,7.813000202178955,7.860000133514404,449400,0.257,7.920000076293945,9.420000076293944,15.279999732971191,8.5029,11.1813,5.272633,15.611026,21.972198,21.915798,58.05,58.601656,10755.282083,28970.0,130353.0
2022-08-30,7.480000019073486,7.480000019073486,6.75,7.199999809265137,1201400,0.73,7.860000133514404,9.3100004196167,14.8100004196167,8.2014,10.9277,5.272633,15.611026,21.972198,21.915798,58.05,58.601656,10755.282083,28970.0,130353.0
2022-08-31,7.289999961853027,7.949999809265137,7.239999771118164,7.840000152587891,649500,0.71,7.199999809265137,9.210000038146973,14.539999961853027,8.0057,10.7043,5.272633,15.611026,21.972198,21.915798,58.05,58.601656,10755.282083,28970.0,130353.0
2022-09-01,8.479999542236328,8.845999717712402,8.399999618530273,8.729999542236328,997000,0.446,7.840000152587891,8.699999809265137,14.649999618530272,8.01,10.507,4.439956,13.66067,20.071445,20.045992,58.04,58.601656,10900.368,30240.0,127391.0
2022-09-02,9.020000457763672,9.039999961853027,8.75,8.779999732971191,403400,0.29,8.729999542236328,8.550000190734863,14.600000381469728,8.0429,10.313,4.439956,13.66067,20.071445,20.045992,58.04,58.601656,10900.368,30240.0,127391.0
2022-09-06,8.029999732971191,8.09000015258789,7.769999980926514,7.989999771118164,533600,0.32,8.779999732971191,7.96999979019165,13.279999732971191,8.0457,10.1367,4.439956,13.66067,20.071445,20.045992,58.04,58.601656,10900.368,30240.0,127391.0
2022-09-07,8.550000190734863,8.680000305175781,8.100000381469727,8.25,348300,0.58,7.989999771118164,7.920000076293945,13.470000267028809,8.0929,9.9627,4.439956,13.66067,20.071445,20.045992,58.04,58.601656,10900.368,30240.0,127391.0
2022-09-08,8.449999809265137,8.880000114440918,8.449999809265137,8.779999732971191,263800,0.43,8.25,7.860000133514404,13.3100004196167,8.2243,9.8117,4.439956,13.66067,20.071445,20.045992,58.04,58.601656,10900.368,30240.0,127391.0
2022-09-09,8.470000267028809,8.75,8.470000267028809,8.630000114440918,236600,0.28,8.779999732971191,7.199999809265137,12.789999961853027,8.4286,9.673,4.439956,13.66067,20.071445,20.045992,58.04,58.601656,10900.368,30240.0,127391.0
2022-09-12,9.130000114440918,9.640000343322754,9.130000114440918,9.550000190734863,519900,0.51,8.630000114440918,7.840000152587891,12.420000076293944,8.6729,9.5773,4.439956,13.66067,20.071445,20.045992,58.04,58.601656,10900.368,30240.0,127391.0
2022-09-13,9.800000190734863,9.90999984741211,9.65999984741211,9.75,346300,0.25,9.550000190734863,8.729999542236328,12.649999618530272,8.8186,9.4807,4.439956,13.66067,20.071445,20.045992,58.04,58.601656,10900.368,30240.0,127391.0
2022-09-14,9.579999923706056,9.649999618530272,9.15999984741211,9.390000343322754,472000,0.49,9.75,8.779999732971191,11.779999732971191,8.9057,9.401,4.439956,13.66067,20.071445,20.045992,58.04,58.601656,10900.368,30240.0,127391.0
2022-09-15,9.260000228881836,9.260000228881836,9.0,9.140000343322754,110300,0.26,9.390000343322754,7.989999771118164,10.829999923706056,9.07,9.3447,4.439956,13.66067,20.071445,20.045992,58.04,58.601656,10900.368,30240.0,127391.0
2022-09-16,8.859999656677246,9.09000015258789,8.6899995803833,9.06999969482422,228000,0.4,9.140000343322754,8.25,10.81999969482422,9.1871,9.2863,4.439956,13.66067,20.071445,20.045992,58.04,58.601656,10900.368,30240.0,127391.0
2022-09-19,9.06999969482422,9.260000228881836,9.06999969482422,9.18000030517578,131700,0.19,9.06999969482422,8.779999732971191,11.100000381469728,9.2443,9.2223,4.439956,13.66067,20.071445,20.045992,58.04,58.601656,10900.368,30240.0,127391.0
2022-09-20,10.199999809265137,10.5,10.164999961853027,10.25,500500,0.335,9.18000030517578,8.630000114440918,11.229999542236328,9.4757,9.1897,4.439956,13.66067,20.071445,20.045992,58.04,58.601656,10900.368,30240.0,127391.0
2022-09-21,10.100000381469728,10.149999618530272,9.739999771118164,10.050000190734863,246900,0.41,10.25,9.550000190734863,11.5600004196167,9.5471,9.1393,4.439956,13.66067,20.071445,20.045992,58.04,58.601656,10900.368,30240.0,127391.0
2022-09-22,9.859999656677246,10.09000015258789,9.859999656677246,9.9399995803833,127700,0.23,10.050000190734863,9.75,11.579999923706056,9.5743,9.0847,4.439956,13.66067,20.071445,20.045992,58.04,58.601656,10900.368,30240.0,127391.0
2022-09-23,10.25,10.470000267028809,10.119999885559082,10.270000457763672,804800,0.35,9.9399995803833,9.390000343322754,10.890000343322754,9.7,9.064,4.439956,13.66067,20.071445,20.045992,58.04,58.601656,10900.368,30240.0,127391.0
2022-09-26,9.989999771118164,10.199999809265137,9.989999771118164,10.050000190734863,182700,0.21,10.270000457763672,9.140000343322754,10.539999961853027,9.83,9.0477,4.439956,13.66067,20.071445,20.045992,58.04,58.601656,10900.368,30240.0,127391.0
2022-09-27,10.020000457763672,10.406999588012695,10.020000457763672,10.390000343322754,145500,0.387,10.050000190734863,9.06999969482422,9.890000343322754,10.0186,9.0643,4.439956,13.66067,20.071445,20.045992,58.04,58.601656,10900.368,30240.0,127391.0
2022-09-28,9.68000030517578,9.6850004196167,9.289999961853027,9.579999923706056,244200,0.395,10.390000343322754,9.18000030517578,9.989999771118164,10.0757,9.0507,4.439956,13.66067,20.071445,20.045992,58.04,58.601656,10900.368,30240.0,127391.0
2022-09-29,9.130000114440918,9.182000160217283,8.6899995803833,8.960000038146973,444000,0.492,9.579999923706056,10.25,9.770000457763672,9.8914,9.0237,4.439956,13.66067,20.071445,20.045992,58.04,58.601656,10900.368,30240.0,127391.0
2022-09-30,8.920000076293945,9.510000228881836,8.899999618530273,9.039999961853027,93600,0.61,8.960000038146973,10.050000190734863,9.420000076293944,9.7471,9.011,4.439956,13.66067,20.071445,20.045992,58.04,58.601656,10900.368,30240.0,127391.0
2022-10-03,9.079999923706056,9.260000228881836,8.972999572753906,9.140000343322754,205200,0.287,9.039999961853027,9.9399995803833,9.3100004196167,9.6329,9.0053,4.59445,10.973281,17.448885,17.643912,66.32,67.012718,11184.23175,29620.0,114917.0
2022-10-04,9.960000038146973,10.39900016784668,9.949999809265137,10.350000381469728,195700,0.449,9.140000343322754,10.270000457763672,9.210000038146973,9.6443,9.0433,4.59445,10.973281,17.448885,17.643912,66.32,67.012718,11184.23175,29620.0,114917.0
2022-10-05,10.079999923706056,10.229999542236328,9.960000038146973,10.100000381469728,172900,0.27,10.350000381469728,10.050000190734863,8.699999809265137,9.6514,9.09,4.59445,10.973281,17.448885,17.643912,66.32,67.012718,11184.23175,29620.0,114917.0
2022-10-06,9.729999542236328,9.93000030517578,9.550000190734863,9.6899995803833,212400,0.38,10.100000381469728,10.390000343322754,8.550000190734863,9.5514,9.128,4.59445,10.973281,17.448885,17.643912,66.32,67.012718,11184.23175,29620.0,114917.0
2022-10-07,9.550000190734863,9.81999969482422,9.550000190734863,9.699999809265137,98300,0.27,9.6899995803833,9.579999923706056,7.96999979019165,9.5686,9.1857,4.59445,10.973281,17.448885,17.643912,66.32,67.012718,11184.23175,29620.0,114917.0
2022-10-10,9.34000015258789,9.390000343322754,9.010000228881836,9.199999809265137,127500,0.38,9.699999809265137,8.960000038146973,7.920000076293945,9.6029,9.2283,4.59445,10.973281,17.448885,17.643912,66.32,67.012718,11184.23175,29620.0,114917.0
2022-10-11,9.350000381469728,9.479999542236328,9.145000457763672,9.34000015258789,197600,0.335,9.199999809265137,9.039999961853027,7.860000133514404,9.6457,9.2777,4.59445,10.973281,17.448885,17.643912,66.32,67.012718,11184.23175,29620.0,114917.0
2022-10-12,9.15999984741211,9.239999771118164,8.979999542236328,9.09000015258789,149000,0.26,9.34000015258789,9.140000343322754,7.199999809265137,9.6386,9.3407,4.59445,10.973281,17.448885,17.643912,66.32,67.012718,11184.23175,29620.0,114917.0
2022-10-13,8.869999885559082,8.890000343322754,8.670000076293945,8.6899995803833,155500,0.22,9.09000015258789,10.350000381469728,7.840000152587891,9.4014,9.369,4.59445,10.973281,17.448885,17.643912,66.32,67.012718,11184.23175,29620.0,114917.0
2022-10-14,9.1899995803833,9.350000381469728,9.041000366210938,9.210000038146973,373700,0.309,8.6899995803833,10.100000381469728,8.729999542236328,9.2743,9.385,4.59445,10.973281,17.448885,17.643912,66.32,67.012718,11184.23175,29620.0,114917.0
2022-10-17,8.989999771118164,9.029999732971191,8.800000190734863,8.829999923706055,212500,0.23,9.210000038146973,9.6899995803833,8.779999732971191,9.1514,9.3867,4.59445,10.973281,17.448885,17.643912,66.32,67.012718,11184.23175,29620.0,114917.0
2022-10-18,9.31999969482422,9.494000434875488,9.010000228881836,9.1899995803833,181100,0.484,8.829999923706055,9.699999809265137,7.989999771118164,9.0786,9.4267,4.59445,10.973281,17.448885,17.643912,66.32,67.012718,11184.23175,29620.0,114917.0
2022-10-19,9.100000381469728,9.210000038146973,8.649999618530273,8.949999809265137,145100,0.56,9.1899995803833,9.199999809265137,8.25,9.0429,9.45,4.59445,10.973281,17.448885,17.643912,66.32,67.012718,11184.23175,29620.0,114917.0
2022-10-20,8.880000114440918,8.890000343322754,8.65999984741211,8.710000038146973,113200,0.23,8.949999809265137,9.34000015258789,8.779999732971191,8.9529,9.4477,4.59445,10.973281,17.448885,17.643912,66.32,67.012718,11184.23175,29620.0,114917.0
2022-10-21,8.699999809265137,9.0,8.668000221252441,8.8100004196167,95300,0.332,8.710000038146973,9.09000015258789,8.630000114440918,8.9129,9.4537,4.59445,10.973281,17.448885,17.643912,66.32,67.012718,11184.23175,29620.0,114917.0
2022-10-24,8.729999542236328,8.8100004196167,8.42199993133545,8.479999542236328,117400,0.388,8.8100004196167,8.6899995803833,9.550000190734863,8.8829,9.418,4.59445,10.973281,17.448885,17.643912,66.32,67.012718,11184.23175,29620.0,114917.0
2022-10-25,8.359999656677246,8.449999809265137,8.25,8.350000381469727,120600,0.2,8.479999542236328,9.210000038146973,9.75,8.76,9.3713,4.59445,10.973281,17.448885,17.643912,66.32,67.012718,11184.23175,29620.0,114917.0
2022-10-26,8.09000015258789,8.1899995803833,7.940000057220459,8.09000015258789,191100,0.25,8.350000381469727,8.829999923706055,9.390000343322754,8.6543,9.328,4.59445,10.973281,17.448885,17.643912,66.32,67.012718,11184.23175,29620.0,114917.0
2022-10-27,7.820000171661377,7.900000095367432,7.639999866485596,7.75,148900,0.26,8.09000015258789,9.1899995803833,9.140000343322754,8.4486,9.2817,4.59445,10.973281,17.448885,17.643912,66.32,67.012718,11184.23175,29620.0,114917.0
2022-10-28,7.639999866485596,7.71999979019165,7.52400016784668,7.710000038146973,73500,0.196,7.75,8.949999809265137,9.06999969482422,8.2714,9.2363,4.59445,10.973281,17.448885,17.643912,66.32,67.012718,11184.23175,29620.0,114917.0
2022-10-31,7.090000152587891,7.130000114440918,6.934999942779541,7.099999904632568,433400,0.195,7.710000038146973,8.710000038146973,9.18000030517578,8.0414,9.167,4.59445,10.973281,17.448885,17.643912,66.32,67.012718,11184.23175,29620.0,114917.0
2022-11-01,7.21999979019165,7.449999809265137,7.210000038146973,7.409999847412109,112200,0.24,7.099999904632568,8.8100004196167,10.25,7.8414,9.0723,4.950967,12.421663,19.334815,19.298694,76.16,76.98649,11070.68625,31310.0,112815.0
2022-11-02,7.480000019073486,8.010000228881836,7.414999961853027,7.670000076293945,398200,0.595,7.409999847412109,8.479999542236328,10.050000190734863,7.7257,8.993,4.950967,12.421663,19.334815,19.298694,76.16,76.98649,11070.68625,31310.0,112815.0
2022-11-03,7.440000057220459,7.550000190734863,7.309999942779541,7.369999885559082,188200,0.24,7.670000076293945,8.350000381469727,9.9399995803833,7.5857,8.9073,4.950967,12.421663,19.334815,19.298694,76.16,76.98649,11070.68625,31310.0,112815.0
2022-11-04,7.710000038146973,7.925000190734863,7.660999774932861,7.71999979019165,262800,0.264,7.369999885559082,8.09000015258789,10.270000457763672,7.5329,8.8223,4.950967,12.421663,19.334815,19.298694,76.16,76.98649,11070.68625,31310.0,112815.0
2022-11-07,7.619999885559082,8.170000076293945,7.53000020980835,7.570000171661377,478900,0.64,7.71999979019165,7.75,10.050000190734863,7.5071,8.7397,4.950967,12.421663,19.334815,19.298694,76.16,76.98649,11070.68625,31310.0,112815.0
2022-11-08,7.599999904632568,7.789999961853027,7.599999904632568,7.699999809265137,204200,0.19,7.570000171661377,7.710000038146973,10.390000343322754,7.5057,8.65,4.950967,12.421663,19.334815,19.298694,76.16,76.98649,11070.68625,31310.0,112815.0
2022-11-09,7.760000228881836,7.96999979019165,7.760000228881836,7.900000095367432,191500,0.21,7.699999809265137,7.099999904632568,9.579999923706056,7.62,8.594,4.950967,12.421663,19.334815,19.298694,76.16,76.98649,11070.68625,31310.0,112815.0
2022-11-10,7.800000190734863,7.980000019073486,7.610000133514404,7.889999866485596,196900,0.37,7.900000095367432,7.409999847412109,8.960000038146973,7.6886,8.5583,4.950967,12.421663,19.334815,19.298694,76.16,76.98649,11070.68625,31310.0,112815.0
2022-11-11,8.119999885559082,8.289999961853027,8.109999656677246,8.199999809265137,228500,0.18,7.889999866485596,7.670000076293945,9.039999961853027,7.7643,8.5303,4.950967,12.421663,19.334815,19.298694,76.16,76.98649,11070.68625,31310.0,112815.0
2022-11-14,8.199999809265137,8.300000190734863,8.1899995803833,8.199999809265137,191700,0.11,8.199999809265137,7.369999885559082,9.140000343322754,7.8829,8.499,4.950967,12.421663,19.334815,19.298694,76.16,76.98649,11070.68625,31310.0,112815.0
2022-11-15,7.900000095367432,8.100000381469727,7.690000057220459,7.710000038146973,915800,0.41,8.199999809265137,7.71999979019165,10.350000381469728,7.8814,8.411,4.950967,12.421663,19.334815,19.298694,76.16,76.98649,11070.68625,31310.0,112815.0
2022-11-16,7.710000038146973,7.710000038146973,7.210000038146973,7.349999904632568,341200,0.5,7.710000038146973,7.570000171661377,10.100000381469728,7.85,8.3193,4.950967,12.421663,19.334815,19.298694,76.16,76.98649,11070.68625,31310.0,112815.0
2022-11-17,7.119999885559082,7.300000190734863,7.110000133514404,7.190000057220459,226000,0.19,7.349999904632568,7.699999809265137,9.6899995803833,7.7771,8.236,4.950967,12.421663,19.334815,19.298694,76.16,76.98649,11070.68625,31310.0,112815.0
2022-11-18,7.050000190734863,7.190000057220459,7.050000190734863,7.090000152587891,111000,0.14,7.190000057220459,7.900000095367432,9.699999809265137,7.6614,8.149,4.950967,12.421663,19.334815,19.298694,76.16,76.98649,11070.68625,31310.0,112815.0
2022-11-21,7.210000038146973,7.380000114440918,7.150000095367432,7.369999885559082,230200,0.23,7.090000152587891,7.889999866485596,9.199999809265137,7.5871,8.088,4.950967,12.421663,19.334815,19.298694,76.16,76.98649,11070.68625,31310.0,112815.0
2022-11-22,7.019999980926514,7.079999923706055,6.820000171661377,7.070000171661377,400500,0.26,7.369999885559082,8.199999809265137,9.34000015258789,7.4257,8.0123,4.950967,12.421663,19.334815,19.298694,76.16,76.98649,11070.68625,31310.0,112815.0
2022-11-23,7.190000057220459,7.420000076293945,7.190000057220459,7.380000114440918,316900,0.23,7.070000171661377,8.199999809265137,9.09000015258789,7.3086,7.9553,4.950967,12.421663,19.334815,19.298694,76.16,76.98649,11070.68625,31310.0,112815.0
2022-11-25,7.690000057220459,7.880000114440918,7.679999828338623,7.820000171661377,365500,0.2,7.380000114440918,7.710000038146973,8.6899995803833,7.3243,7.9263,4.950967,12.421663,19.334815,19.298694,76.16,76.98649,11070.68625,31310.0,112815.0
2022-11-28,7.730000019073486,7.800000190734863,7.519999980926514,7.659999847412109,547600,0.28,7.820000171661377,7.349999904632568,9.210000038146973,7.3686,7.8747,4.950967,12.421663,19.334815,19.298694,76.16,76.98649,11070.68625,31310.0,112815.0
2022-11-29,7.380000114440918,7.599999904632568,7.25,7.539999961853027,152300,0.35,7.659999847412109,7.190000057220459,8.829999923706055,7.4186,7.8317,4.950967,12.421663,19.334815,19.298694,76.16,76.98649,11070.68625,31310.0,112815.0
2022-11-30,7.730000019073486,7.940000057220459,7.722000122070312,7.860000133514404,217700,0.218,7.539999961853027,7.090000152587891,9.1899995803833,7.5286,7.7873,4.950967,12.421663,19.334815,19.298694,76.16,76.98649,11070.68625,31310.0,112815.0
2022-12-01,7.699999809265137,7.764999866485596,7.550000190734863,7.710000038146973,258600,0.215,7.860000133514404,7.369999885559082,8.949999809265137,7.5771,7.746,4.957453,10.975164,18.429727,18.429729,83.91,84.754082,12042.131083,35210.0,121195.0
2022-12-02,7.610000133514404,7.699999809265137,7.590000152587891,7.699999809265137,126700,0.11,7.710000038146973,7.070000171661377,8.710000038146973,7.6671,7.7123,4.957453,10.975164,18.429727,18.429729,83.91,84.754082,12042.131083,35210.0,121195.0
2022-12-05,7.880000114440918,8.0,7.880000114440918,7.96999979019165,526000,0.12,7.699999809265137,7.380000114440918,8.8100004196167,7.7514,7.6843,4.957453,10.975164,18.429727,18.429729,83.91,84.754082,12042.131083,35210.0,121195.0
2022-12-06,8.119999885559082,8.468999862670898,8.0600004196167,8.4399995803833,793600,0.409,7.96999979019165,7.820000171661377,8.479999542236328,7.84,7.683,4.957453,10.975164,18.429727,18.429729,83.91,84.754082,12042.131083,35210.0,121195.0
2022-12-07,8.25,8.449999809265137,8.25,8.399999618530273,155200,0.2,8.4399995803833,7.659999847412109,8.350000381469727,7.9457,7.6847,4.957453,10.975164,18.429727,18.429729,83.91,84.754082,12042.131083,35210.0,121195.0
2022-12-08,8.8100004196167,9.039999961853027,8.789999961853027,9.010000228881836,236200,0.25,8.399999618530273,7.539999961853027,8.09000015258789,8.1557,7.7153,4.957453,10.975164,18.429727,18.429729,83.91,84.754082,12042.131083,35210.0,121195.0
2022-12-09,9.079999923706056,9.31999969482422,9.079999923706056,9.1899995803833,183500,0.24,9.010000228881836,7.860000133514404,7.75,8.3457,7.7633,4.957453,10.975164,18.429727,18.429729,83.91,84.754082,12042.131083,35210.0,121195.0
2022-12-12,8.539999961853027,8.850000381469727,8.402000427246094,8.739999771118164,299900,0.448,9.1899995803833,7.710000038146973,7.710000038146973,8.4929,7.7977,4.957453,10.975164,18.429727,18.429729,83.91,84.754082,12042.131083,35210.0,121195.0
2022-12-13,9.039999961853027,9.350000381469728,9.039999961853027,9.289999961853027,426500,0.31,8.739999771118164,7.699999809265137,7.099999904632568,8.72,7.8707,4.957453,10.975164,18.429727,18.429729,83.91,84.754082,12042.131083,35210.0,121195.0
2022-12-14,9.649999618530272,9.840999603271484,9.649999618530272,9.81999969482422,275900,0.191,9.289999961853027,7.96999979019165,7.409999847412109,8.9843,7.951,4.957453,10.975164,18.429727,18.429729,83.91,84.754082,12042.131083,35210.0,121195.0
2022-12-15,10.06999969482422,10.220000267028809,9.6899995803833,9.760000228881836,507700,0.53,9.81999969482422,8.4399995803833,7.670000076293945,9.1729,8.0207,4.957453,10.975164,18.429727,18.429729,83.91,84.754082,12042.131083,35210.0,121195.0
2022-12-16,9.170000076293944,9.31999969482422,8.8100004196167,9.029999732971191,230300,0.51,9.760000228881836,8.399999618530273,7.369999885559082,9.2629,8.076,4.957453,10.975164,18.429727,18.429729,83.91,84.754082,12042.131083,35210.0,121195.0
2022-12-19,8.970000267028809,9.039999961853027,8.819999694824219,8.850000381469727,295800,0.22,9.029999732971191,9.010000228881836,7.71999979019165,9.24,8.1137,4.957453,10.975164,18.429727,18.429729,83.91,84.754082,12042.131083,35210.0,121195.0
2022-12-20,9.739999771118164,10.010000228881836,9.739999771118164,9.979999542236328,326400,0.27,8.850000381469727,9.1899995803833,7.570000171661377,9.3529,8.194,4.957453,10.975164,18.429727,18.429729,83.91,84.754082,12042.131083,35210.0,121195.0
2022-12-21,10.25,10.329999923706056,9.869999885559082,9.979999542236328,219600,0.46,9.979999542236328,8.739999771118164,7.699999809265137,9.53,8.27,4.957453,10.975164,18.429727,18.429729,83.91,84.754082,12042.131083,35210.0,121195.0
2022-12-22,9.510000228881836,9.84000015258789,9.487000465393066,9.739999771118164,204000,0.353,9.979999542236328,9.289999961853027,7.900000095367432,9.5943,8.3313,4.957453,10.975164,18.429727,18.429729,83.91,84.754082,12042.131083,35210.0,121195.0
2022-12-23,9.5600004196167,9.630000114440918,9.350000381469728,9.460000038146973,251400,0.28,9.739999771118164,9.81999969482422,7.889999866485596,9.5429,8.3837,4.957453,10.975164,18.429727,18.429729,83.91,84.754082,12042.131083,35210.0,121195.0
2022-12-27,9.489999771118164,9.699999809265137,9.420000076293944,9.5,465800,0.28,9.460000038146973,9.760000228881836,8.199999809265137,9.5057,8.427,4.957453,10.975164,18.429727,18.429729,83.91,84.754082,12042.131083,35210.0,121195.0
2022-12-28,9.420000076293944,9.60099983215332,9.359999656677246,9.449999809265137,102600,0.241,9.5,9.029999732971191,8.199999809265137,9.5657,8.4687,4.957453,10.975164,18.429727,18.429729,83.91,84.754082,12042.131083,35210.0,121195.0
2022-12-29,9.34000015258789,9.460000038146973,9.329999923706056,9.399999618530272,93000,0.13,9.449999809265137,8.850000381469727,7.710000038146973,9.6443,8.525,4.957453,10.975164,18.429727,18.429729,83.91,84.754082,12042.131083,35210.0,121195.0
2022-12-30,9.239999771118164,9.340999603271484,9.119999885559082,9.1899995803833,148000,0.221,9.399999618530272,9.979999542236328,7.349999904632568,9.5314,8.5863,4.957453,10.975164,18.429727,18.429729,83.91,84.754082,12042.131083,35210.0,121195.0
2023-01-03,9.010000228881836,9.18000030517578,8.75,8.819999694824219,75000,0.43,9.1899995803833,9.979999542236328,7.190000057220459,9.3657,8.6407,4.565247,9.132953,14.621359,14.62136,90.42,91.280698,12584.62625,35310.0,126162.0
2023-01-04,9.010000228881836,9.279999732971191,9.010000228881836,9.25,45200,0.27,8.819999694824219,9.739999771118164,7.090000152587891,9.2957,8.7127,4.565247,9.132953,14.621359,14.62136,90.42,91.280698,12584.62625,35310.0,126162.0
2023-01-05,9.373000144958496,9.55500030517578,9.361000061035156,9.510000228881836,56200,0.194,9.25,9.460000038146973,7.369999885559082,9.3029,8.784,4.565247,9.132953,14.621359,14.62136,90.42,91.280698,12584.62625,35310.0,126162.0
2023-01-06,9.670000076293944,10.279999732971191,9.5,10.039999961853027,83700,0.78,9.510000228881836,9.5,7.070000171661377,9.38,8.883,4.565247,9.132953,14.621359,14.62136,90.42,91.280698,12584.62625,35310.0,126162.0
2023-01-09,10.100000381469728,10.100000381469728,9.491000175476074,9.739999771118164,56100,0.609,10.039999961853027,9.449999809265137,7.380000114440918,9.4214,8.9617,4.565247,9.132953,14.621359,14.62136,90.42,91.280698,12584.62625,35310.0,126162.0
2023-01-10,9.149999618530272,9.18000030517578,9.010000228881836,9.119999885559082,48800,0.17,9.739999771118164,9.399999618530272,7.820000171661377,9.3814,9.005,4.565247,9.132953,14.621359,14.62136,90.42,91.280698,12584.62625,35310.0,126162.0
2023-01-11,9.079999923706056,9.170000076293944,8.970000267028809,8.979999542236328,44300,0.2,9.119999885559082,9.1899995803833,7.659999847412109,9.3514,9.049,4.565247,9.132953,14.621359,14.62136,90.42,91.280698,12584.62625,35310.0,126162.0
2023-01-12,9.079999923706056,9.30799961090088,8.942999839782715,9.09000015258789,53500,0.365,8.979999542236328,8.819999694824219,7.539999961853027,9.39,9.1007,4.565247,9.132953,14.621359,14.62136,90.42,91.280698,12584.62625,35310.0,126162.0
2023-01-13,9.220000267028809,9.4399995803833,9.220000267028809,9.359999656677246,115500,0.22,9.09000015258789,9.25,7.860000133514404,9.4057,9.1507,4.565247,9.132953,14.621359,14.62136,90.42,91.280698,12584.62625,35310.0,126162.0
2023-01-17,9.5,9.550000190734863,9.399999618530272,9.40999984741211,71100,0.15,9.359999656677246,9.510000228881836,7.710000038146973,9.3914,9.2073,4.565247,9.132953,14.621359,14.62136,90.42,91.280698,12584.62625,35310.0,126162.0
2023-01-18,9.09000015258789,9.279999732971191,8.880000114440918,8.9399995803833,65900,0.4,9.40999984741211,10.039999961853027,7.699999809265137,9.2343,9.2487,4.565247,9.132953,14.621359,14.62136,90.42,91.280698,12584.62625,35310.0,126162.0
2023-01-19,8.720000267028809,8.859000205993652,8.65999984741211,8.774999618530273,123200,0.199,8.9399995803833,9.739999771118164,7.96999979019165,9.0964,9.2755,4.565247,9.132953,14.621359,14.62136,90.42,91.280698,12584.62625,35310.0,126162.0
2023-01-20,8.951000213623047,9.149999618530272,8.885000228881836,8.949999809265137,72800,0.265,8.774999618530273,9.119999885559082,8.4399995803833,9.0721,9.2925,4.565247,9.132953,14.621359,14.62136,90.42,91.280698,12584.62625,35310.0,126162.0
2023-01-23,8.800000190734863,8.800000190734863,8.609999656677246,8.640000343322754,100700,0.19,8.949999809265137,8.979999542236328,8.399999618530273,9.0236,9.3005,4.565247,9.132953,14.621359,14.62136,90.42,91.280698,12584.62625,35310.0,126162.0
2023-01-24,8.569999694824219,8.630000114440918,8.399999618530273,8.4399995803833,44600,0.23,8.640000343322754,9.09000015258789,9.010000228881836,8.9307,9.2815,4.565247,9.132953,14.621359,14.62136,90.42,91.280698,12584.62625,35310.0,126162.0
2023-01-25,8.489999771118164,8.539999961853027,8.420000076293945,8.449999809265137,31200,0.12,8.4399995803833,9.359999656677246,9.1899995803833,8.8007,9.2568,4.565247,9.132953,14.621359,14.62136,90.42,91.280698,12584.62625,35310.0,126162.0
2023-01-26,8.239999771118164,8.239999771118164,8.100000381469727,8.119999885559082,134800,0.14,8.449999809265137,9.40999984741211,8.739999771118164,8.6164,9.2362,4.565247,9.132953,14.621359,14.62136,90.42,91.280698,12584.62625,35310.0,126162.0
2023-01-27,8.229999542236328,8.75,8.210000038146973,8.270000457763672,144100,0.54,8.119999885559082,8.9399995803833,9.289999961853027,8.5207,9.2022,4.565247,9.132953,14.621359,14.62136,90.42,91.280698,12584.62625,35310.0,126162.0
2023-01-30,8.029999732971191,8.170000076293945,7.900000095367432,8.0,283400,0.27,8.270000457763672,8.774999618530273,9.81999969482422,8.41,9.1415,4.565247,9.132953,14.621359,14.62136,90.42,91.280698,12584.62625,35310.0,126162.0
2023-01-31,7.730000019073486,7.980000019073486,7.659999847412109,7.800000190734863,208900,0.32,8.0,8.949999809265137,9.760000228881836,8.2457,9.0762,4.565247,9.132953,14.621359,14.62136,90.42,91.280698,12584.62625,35310.0,126162.0
2023-02-01,7.599999904632568,7.715000152587891,7.53000020980835,7.53000020980835,514600,0.185,7.800000190734863,8.640000343322754,9.029999732971191,8.0871,9.0262,4.075559,11.333428,18.129242,18.129244,86.38,87.37392,11695.1865,34420.0,117843.0
2023-02-02,7.460000038146973,7.539999961853027,7.300000190734863,7.309999942779541,486400,0.24,7.53000020980835,8.4399995803833,8.850000381469727,7.9257,8.9748,4.075559,11.333428,18.129242,18.129244,86.38,87.37392,11695.1865,34420.0,117843.0
2023-02-03,7.28000020980835,7.329999923706055,7.099999904632568,7.110000133514404,393400,0.23,7.309999942779541,8.449999809265137,9.979999542236328,7.7343,8.8792,4.075559,11.333428,18.129242,18.129244,86.38,87.37392,11695.1865,34420.0,117843.0
2023-02-06,6.900000095367432,7.039999961853027,6.75,6.800000190734863,630100,0.29,7.110000133514404,8.119999885559082,9.979999542236328,7.5457,8.7732,4.075559,11.333428,18.129242,18.129244,86.38,87.37392,11695.1865,34420.0,117843.0
2023-02-07,6.889999866485596,7.400000095367432,6.860000133514404,7.159999847412109,905500,0.54,6.800000190734863,8.270000457763672,9.739999771118164,7.3871,8.6872,4.075559,11.333428,18.129242,18.129244,86.38,87.37392,11695.1865,34420.0,117843.0
2023-02-08,7.5,7.800000190734863,7.440999984741211,7.619999885559082,752700,0.359,7.159999847412109,8.0,9.460000038146973,7.3329,8.6258,4.075559,11.333428,18.129242,18.129244,86.38,87.37392,11695.1865,34420.0,117843.0
2023-02-09,7.440000057220459,7.449999809265137,7.059999942779541,7.119999885559082,766500,0.39,7.619999885559082,7.800000190734863,9.5,7.2357,8.5465,4.075559,11.333428,18.129242,18.129244,86.38,87.37392,11695.1865,34420.0,117843.0
2023-02-10,7.199999809265137,7.383999824523926,7.199999809265137,7.230000019073486,276600,0.184,7.119999885559082,7.53000020980835,9.449999809265137,7.1929,8.4725,4.075559,11.333428,18.129242,18.129244,86.38,87.37392,11695.1865,34420.0,117843.0
2023-02-13,7.079999923706055,7.242000102996826,6.949999809265137,7.0,960500,0.292,7.230000019073486,7.309999942779541,9.399999618530272,7.1486,8.3925,4.075559,11.333428,18.129242,18.129244,86.38,87.37392,11695.1865,34420.0,117843.0
2023-02-14,6.75,7.0,6.71999979019165,6.730000019073486,842200,0.28,7.0,7.110000133514404,9.1899995803833,7.0943,8.3105,4.075559,11.333428,18.129242,18.129244,86.38,87.37392,11695.1865,34420.0,117843.0
2023-02-15,6.579999923706055,6.71999979019165,6.300000190734863,6.53000020980835,756000,0.42,6.730000019073486,6.800000190734863,8.819999694824219,7.0557,8.2342,4.075559,11.333428,18.129242,18.129244,86.38,87.37392,11695.1865,34420.0,117843.0
2023-02-16,6.619999885559082,6.849999904632568,6.579999923706055,6.75,840600,0.27,6.53000020980835,7.159999847412109,9.25,6.9971,8.1508,4.075559,11.333428,18.129242,18.129244,86.38,87.37392,11695.1865,34420.0,117843.0
2023-02-17,6.619999885559082,6.699999809265137,6.550000190734863,6.599999904632568,549000,0.15,6.75,7.619999885559082,9.510000228881836,6.8514,8.0538,4.075559,11.333428,18.129242,18.129244,86.38,87.37392,11695.1865,34420.0,117843.0
2023-02-21,7.090000152587891,7.150000095367432,7.010000228881836,7.059999942779541,1312000,0.14,6.599999904632568,7.119999885559082,10.039999961853027,6.8429,7.9545,4.075559,11.333428,18.129242,18.129244,86.38,87.37392,11695.1865,34420.0,117843.0
2023-02-22,7.269999980926514,7.364999771118164,7.25,7.289999961853027,958500,0.115,7.059999942779541,7.230000019073486,9.739999771118164,6.8514,7.8728,4.075559,11.333428,18.129242,18.129244,86.38,87.37392,11695.1865,34420.0,117843.0
2023-02-23,7.760000228881836,8.039999961853027,7.760000228881836,7.960000038146973,1597000,0.28,7.289999961853027,7.0,9.119999885559082,6.9886,7.8342,4.075559,11.333428,18.129242,18.129244,86.38,87.37392,11695.1865,34420.0,117843.0
2023-02-24,8.010000228881836,8.069999694824219,7.900000095367432,7.949999809265137,629900,0.17,7.960000038146973,6.730000019073486,8.979999542236328,7.1629,7.7998,4.075559,11.333428,18.129242,18.129244,86.38,87.37392,11695.1865,34420.0,117843.0
2023-02-27,7.989999771118164,8.149999618530273,7.901000022888184,8.149999618530273,574200,0.249,7.949999809265137,6.53000020980835,9.09000015258789,7.3943,7.7685,4.075559,11.333428,18.129242,18.129244,86.38,87.37392,11695.1865,34420.0,117843.0
2023-02-28,8.845000267028809,9.210000038146973,8.800000190734863,9.050000190734863,1039600,0.41,8.149999618530273,6.75,9.359999656677246,7.7229,7.7582,4.075559,11.333428,18.129242,18.129244,86.38,87.37392,11695.1865,34420.0,117843.0
2023-03-01,8.779999732971191,8.979999542236328,8.75,8.819999694824219,860200,0.23,9.050000190734863,6.599999904632568,9.40999984741211,8.04,7.7385,4.203826,12.749136,20.04538,20.045382,107.8,108.240706,12893.722333,37730.0,127521.0
2023-03-02,8.824999809265137,8.984999656677246,8.739999771118164,8.979999542236328,460900,0.245,8.819999694824219,7.059999942779541,8.9399995803833,8.3143,7.7398,4.203826,12.749136,20.04538,20.045382,107.8,108.240706,12893.722333,37730.0,127521.0
2023-03-03,9.34000015258789,9.399999618530272,9.289999961853027,9.390000343322754,406300,0.11,8.979999542236328,7.289999961853027,8.774999618530273,8.6143,7.7603,4.203826,12.749136,20.04538,20.045382,107.8,108.240706,12893.722333,37730.0,127521.0
2023-03-06,9.4399995803833,9.6899995803833,9.109999656677246,9.149999618530272,407600,0.58,9.390000343322754,7.960000038146973,8.949999809265137,8.7843,7.767,4.203826,12.749136,20.04538,20.045382,107.8,108.240706,12893.722333,37730.0,127521.0
2023-03-07,9.06999969482422,9.350000381469728,9.029999732971191,9.18000030517578,448100,0.32,9.149999618530272,7.949999809265137,8.640000343322754,8.96,7.785,4.203826,12.749136,20.04538,20.045382,107.8,108.240706,12893.722333,37730.0,127521.0
2023-03-08,9.460000038146973,9.68000030517578,9.460000038146973,9.600000381469728,407800,0.22,9.18000030517578,8.149999618530273,8.4399995803833,9.1671,7.8237,4.203826,12.749136,20.04538,20.045382,107.8,108.240706,12893.722333,37730.0,127521.0
2023-03-09,10.0,10.050000190734863,9.850000381469728,9.920000076293944,599200,0.2,9.600000381469728,9.050000190734863,8.449999809265137,9.2914,7.8727,4.203826,12.749136,20.04538,20.045382,107.8,108.240706,12893.722333,37730.0,127521.0
2023-03-10,10.039999961853027,10.270000457763672,10.039999961853027,10.1899995803833,414300,0.23,9.920000076293944,8.819999694824219,8.119999885559082,9.4871,7.9417,4.203826,12.749136,20.04538,20.045382,107.8,108.240706,12893.722333,37730.0,127521.0
2023-03-13,10.390000343322754,10.4399995803833,10.199999809265137,10.260000228881836,313500,0.24,10.1899995803833,8.979999542236328,8.270000457763672,9.67,8.008,4.203826,12.749136,20.04538,20.045382,107.8,108.240706,12893.722333,37730.0,127521.0
2023-03-14,10.520000457763672,10.720000267028809,10.460000038146973,10.56999969482422,400400,0.26,10.260000228881836,9.390000343322754,8.0,9.8386,8.0937,4.203826,12.749136,20.04538,20.045382,107.8,108.240706,12893.722333,37730.0,127521.0
2023-03-15,10.039999961853027,10.119999885559082,9.505000114440918,9.6899995803833,902500,0.615,10.56999969482422,9.149999618530272,7.800000190734863,9.9157,8.1567,4.203826,12.749136,20.04538,20.045382,107.8,108.240706,12893.722333,37730.0,127521.0
2023-03-16,9.699999809265137,9.979999542236328,9.649999618530272,9.979999542236328,330800,0.33,9.6899995803833,9.18000030517578,7.53000020980835,10.03,8.2383,4.203826,12.749136,20.04538,20.045382,107.8,108.240706,12893.722333,37730.0,127521.0
2023-03-17,9.9399995803833,10.0,9.795000076293944,9.970000267028809,288800,0.205,9.979999542236328,9.600000381469728,7.309999942779541,10.0829,8.327,4.203826,12.749136,20.04538,20.045382,107.8,108.240706,12893.722333,37730.0,127521.0
2023-03-20,9.68000030517578,9.710000038146973,9.44200038909912,9.5,456200,0.268,9.970000267028809,9.920000076293944,7.110000133514404,10.0229,8.4067,4.203826,12.749136,20.04538,20.045382,107.8,108.240706,12893.722333,37730.0,127521.0
2023-03-21,9.239999771118164,9.329999923706056,9.119999885559082,9.3100004196167,362200,0.21,9.5,10.1899995803833,6.800000190734863,9.8971,8.4903,4.203826,12.749136,20.04538,20.045382,107.8,108.240706,12893.722333,37730.0,127521.0
2023-03-22,9.100000381469728,9.539999961853027,9.100000381469728,9.489999771118164,291800,0.44,9.3100004196167,10.260000228881836,7.159999847412109,9.7871,8.568,4.203826,12.749136,20.04538,20.045382,107.8,108.240706,12893.722333,37730.0,127521.0
2023-03-23,9.890000343322754,10.199999809265137,9.880000114440918,10.1899995803833,293800,0.32,9.489999771118164,10.56999969482422,7.619999885559082,9.7329,8.6537,4.203826,12.749136,20.04538,20.045382,107.8,108.240706,12893.722333,37730.0,127521.0
2023-03-24,9.779999732971191,9.880000114440918,9.60099983215332,9.760000228881836,259600,0.279,10.1899995803833,9.6899995803833,7.119999885559082,9.7429,8.7417,4.203826,12.749136,20.04538,20.045382,107.8,108.240706,12893.722333,37730.0,127521.0
2023-03-27,9.5,9.619999885559082,9.43000030517578,9.449999809265137,152900,0.19,9.760000228881836,9.979999542236328,7.230000019073486,9.6671,8.8157,4.203826,12.749136,20.04538,20.045382,107.8,108.240706,12893.722333,37730.0,127521.0
2023-03-28,9.289999961853027,9.515000343322754,9.239999771118164,9.460000038146973,132900,0.275,9.449999809265137,9.970000267028809,7.0,9.5943,8.8977,4.203826,12.749136,20.04538,20.045382,107.8,108.240706,12893.722333,37730.0,127521.0
2023-03-29,9.859999656677246,10.09000015258789,9.859999656677246,10.020000457763672,277000,0.23,9.460000038146973,9.5,6.730000019073486,9.6686,9.0073,4.203826,12.749136,20.04538,20.045382,107.8,108.240706,12893.722333,37730.0,127521.0
2023-03-30,9.710000038146973,9.9399995803833,9.56999969482422,9.649999618530272,195400,0.37,10.020000457763672,9.3100004196167,6.53000020980835,9.7171,9.1113,4.203826,12.749136,20.04538,20.045382,107.8,108.240706,12893.722333,37730.0,127521.0
2023-03-31,9.829999923706056,10.100000381469728,9.829999923706056,10.100000381469728,136200,0.27,9.649999618530272,9.489999771118164,6.75,9.8043,9.223,4.203826,12.749136,20.04538,20.045382,107.8,108.240706,12893.722333,37730.0,127521.0
2023-04-03,10.020000457763672,10.100000381469728,9.93000030517578,10.010000228881836,148900,0.17,10.100000381469728,10.1899995803833,6.599999904632568,9.7786,9.3367,4.59358,13.331276,20.260609,20.26624,73.25,74.080828,12111.569413,36720.0,130579.0
2023-04-04,10.199999809265137,10.350000381469728,10.199999809265137,10.3100004196167,196600,0.15,10.010000228881836,9.760000228881836,7.059999942779541,9.8571,9.445,4.59358,13.331276,20.260609,20.26624,73.25,74.080828,12111.569413,36720.0,130579.0
2023-04-05,10.300000190734863,10.300000190734863,10.020000457763672,10.020000457763672,80400,0.28,10.3100004196167,9.449999809265137,7.289999961853027,9.9386,9.536,4.59358,13.331276,20.260609,20.26624,73.25,74.080828,12111.569413,36720.0,130579.0
2023-04-06,9.84000015258789,9.864999771118164,9.68000030517578,9.8100004196167,524800,0.185,10.020000457763672,9.460000038146973,7.960000038146973,9.9886,9.5977,4.59358,13.331276,20.260609,20.26624,73.25,74.080828,12111.569413,36720.0,130579.0
2023-04-10,9.699999809265137,10.0,9.68000030517578,9.90999984741211,298000,0.32,9.8100004196167,10.020000457763672,7.949999809265137,9.9729,9.663,4.59358,13.331276,20.260609,20.26624,73.25,74.080828,12111.569413,36720.0,130579.0
2023-04-11,9.539999961853027,9.539999961853027,9.210000038146973,9.279999732971191,366200,0.33,9.90999984741211,9.649999618530272,8.149999618530273,9.92,9.7007,4.59358,13.331276,20.260609,20.26624,73.25,74.080828,12111.569413,36720.0,130579.0
2023-04-12,9.350000381469728,9.470000267028809,9.21500015258789,9.40999984741211,358100,0.255,9.279999732971191,10.100000381469728,9.050000190734863,9.8214,9.7127,4.59358,13.331276,20.260609,20.26624,73.25,74.080828,12111.569413,36720.0,130579.0
2023-04-13,9.210000038146973,9.399999618530272,9.130000114440918,9.369999885559082,162100,0.27,9.40999984741211,10.010000228881836,8.819999694824219,9.73,9.731,4.59358,13.331276,20.260609,20.26624,73.25,74.080828,12111.569413,36720.0,130579.0
2023-04-14,9.34000015258789,9.359999656677246,9.170000076293944,9.1899995803833,493500,0.19,9.369999885559082,10.3100004196167,8.979999542236328,9.57,9.738,4.59358,13.331276,20.260609,20.26624,73.25,74.080828,12111.569413,36720.0,130579.0
2023-04-17,9.100000381469728,9.109999656677246,8.949999809265137,8.960000038146973,377100,0.16,9.1899995803833,10.020000457763672,9.390000343322754,9.4186,9.7237,4.59358,13.331276,20.260609,20.26624,73.25,74.080828,12111.569413,36720.0,130579.0
2023-04-18,8.770000457763672,8.770000457763672,8.34000015258789,8.619999885559082,700500,0.43,8.960000038146973,9.8100004196167,9.149999618530272,9.2486,9.706,4.59358,13.331276,20.260609,20.26624,73.25,74.080828,12111.569413,36720.0,130579.0
2023-04-19,9.0,9.199999809265137,9.0,9.15999984741211,194800,0.2,8.619999885559082,9.90999984741211,9.18000030517578,9.1414,9.7053,4.59358,13.331276,20.260609,20.26624,73.25,74.080828,12111.569413,36720.0,130579.0
2023-04-20,9.199999809265137,9.300000190734863,9.170000076293944,9.25,65100,0.13,9.15999984741211,9.279999732971191,9.600000381469728,9.1371,9.6937,4.59358,13.331276,20.260609,20.26624,73.25,74.080828,12111.569413,36720.0,130579.0
2023-04-21,9.270000457763672,9.270000457763672,9.100000381469728,9.15999984741211,56300,0.17,9.25,9.40999984741211,9.920000076293944,9.1014,9.6683,4.59358,13.331276,20.260609,20.26624,73.25,74.080828,12111.569413,36720.0,130579.0
2023-04-24,8.850000381469727,8.850000381469727,8.720000267028809,8.779999732971191,177500,0.13,9.15999984741211,9.369999885559082,10.1899995803833,9.0171,9.6213,4.59358,13.331276,20.260609,20.26624,73.25,74.080828,12111.569413,36720.0,130579.0
2023-04-25,8.800000190734863,8.800000190734863,8.699999809265137,8.760000228881836,222500,0.1,8.779999732971191,9.1899995803833,10.260000228881836,8.9557,9.5713,4.59358,13.331276,20.260609,20.26624,73.25,74.080828,12111.569413,36720.0,130579.0
2023-04-26,8.770000457763672,8.854000091552734,8.770000457763672,8.819999694824219,108500,0.084,8.760000228881836,8.960000038146973,10.56999969482422,8.9357,9.513,4.59358,13.331276,20.260609,20.26624,73.25,74.080828,12111.569413,36720.0,130579.0
2023-04-27,9.06999969482422,9.074999809265137,8.789999961853027,8.850000381469727,157800,0.285,8.819999694824219,8.619999885559082,9.6899995803833,8.9686,9.485,4.59358,13.331276,20.260609,20.26624,73.25,74.080828,12111.569413,36720.0,130579.0
2023-04-28,8.789999961853027,8.789999961853027,8.654999732971191,8.760000228881836,127400,0.135,8.850000381469727,9.15999984741211,9.979999542236328,8.9114,9.4443,4.59358,13.331276,20.260609,20.26624,73.25,74.080828,12111.569413,36720.0,130579.0
2023-05-01,8.880000114440918,9.050000190734863,8.710000038146973,8.779999732971191,124300,0.34,8.760000228881836,9.25,9.970000267028809,8.8443,9.4047,5.379297,20.096384,28.401836,28.400128,76.18,77.161268,12369.979521,36539.0,135563.9
2023-05-02,8.520000457763672,8.520000457763672,8.229999542236328,8.279999732971191,286200,0.29,8.779999732971191,9.15999984741211,9.5,8.7186,9.364,5.379297,20.096384,28.401836,28.400128,76.18,77.161268,12369.979521,36539.0,135563.9
2023-05-03,8.319999694824219,8.5,8.319999694824219,8.449999809265137,231100,0.18,8.279999732971191,8.779999732971191,9.3100004196167,8.6714,9.3353,5.379297,20.096384,28.401836,28.400128,76.18,77.161268,12369.979521,36539.0,135563.9
2023-05-04,8.130000114440918,8.130000114440918,7.804999828338623,7.929999828338623,563400,0.325,8.449999809265137,8.760000228881836,9.489999771118164,8.5529,9.2833,5.379297,20.096384,28.401836,28.400128,76.18,77.161268,12369.979521,36539.0,135563.9
2023-05-05,8.239999771118164,8.319999694824219,8.180000305175781,8.300000190734863,69700,0.14,7.929999828338623,8.819999694824219,10.1899995803833,8.4786,9.2203,5.379297,20.096384,28.401836,28.400128,76.18,77.161268,12369.979521,36539.0,135563.9
2023-05-08,8.390000343322754,8.399999618530273,8.300000190734863,8.350000381469727,233200,0.1,8.300000190734863,8.850000381469727,9.760000228881836,8.4071,9.1733,5.379297,20.096384,28.401836,28.400128,76.18,77.161268,12369.979521,36539.0,135563.9
2023-05-09,8.949999809265137,8.989999771118164,8.881999969482422,8.989999771118164,233100,0.108,8.350000381469727,8.760000228881836,9.449999809265137,8.44,9.158,5.379297,20.096384,28.401836,28.400128,76.18,77.161268,12369.979521,36539.0,135563.9
2023-05-10,8.539999961853027,8.75,8.510000228881836,8.600000381469727,87500,0.24,8.989999771118164,8.779999732971191,9.460000038146973,8.4143,9.1293,5.379297,20.096384,28.401836,28.400128,76.18,77.161268,12369.979521,36539.0,135563.9
2023-05-11,8.069999694824219,8.15999984741211,8.010000228881836,8.09000015258789,191800,0.15,8.600000381469727,8.279999732971191,10.020000457763672,8.3871,9.065,5.379297,20.096384,28.401836,28.400128,76.18,77.161268,12369.979521,36539.0,135563.9
2023-05-12,7.71999979019165,7.741000175476074,7.650000095367432,7.71999979019165,280900,0.091,8.09000015258789,8.449999809265137,9.649999618530272,8.2829,9.0007,5.379297,20.096384,28.401836,28.400128,76.18,77.161268,12369.979521,36539.0,135563.9
2023-05-15,7.400000095367432,7.400000095367432,7.093999862670898,7.289999961853027,364400,0.306,7.71999979019165,7.929999828338623,10.100000381469728,8.1914,8.907,5.379297,20.096384,28.401836,28.400128,76.18,77.161268,12369.979521,36539.0,135563.9
2023-05-16,7.360000133514404,7.409999847412109,7.199999809265137,7.21999979019165,188900,0.21,7.289999961853027,8.300000190734863,10.010000228881836,8.0371,8.814,5.379297,20.096384,28.401836,28.400128,76.18,77.161268,12369.979521,36539.0,135563.9
2023-05-17,7.150000095367432,7.269999980926514,7.070000171661377,7.21999979019165,311400,0.2,7.21999979019165,8.350000381469727,10.3100004196167,7.8757,8.711,5.379297,20.096384,28.401836,28.400128,76.18,77.161268,12369.979521,36539.0,135563.9
2023-05-18,7.460000038146973,7.519999980926514,7.400000095367432,7.489999771118164,132000,0.12,7.21999979019165,8.989999771118164,10.020000457763672,7.6614,8.6267,5.379297,20.096384,28.401836,28.400128,76.18,77.161268,12369.979521,36539.0,135563.9
2023-05-19,7.309999942779541,7.440000057220459,7.309999942779541,7.409999847412109,62800,0.13,7.489999771118164,8.600000381469727,9.8100004196167,7.4914,8.5467,5.379297,20.096384,28.401836,28.400128,76.18,77.161268,12369.979521,36539.0,135563.9
2023-05-22,7.389999866485596,7.400000095367432,7.28000020980835,7.389999866485596,100000,0.12,7.409999847412109,8.09000015258789,9.90999984741211,7.3914,8.4627,5.379297,20.096384,28.401836,28.400128,76.18,77.161268,12369.979521,36539.0,135563.9
2023-05-23,7.130000114440918,7.150000095367432,7.050000190734863,7.090000152587891,181100,0.1,7.389999866485596,7.71999979019165,9.279999732971191,7.3014,8.3897,5.379297,20.096384,28.401836,28.400128,76.18,77.161268,12369.979521,36539.0,135563.9
2023-05-24,6.639999866485596,6.639999866485596,6.489999771118164,6.559999942779541,668100,0.15,7.090000152587891,7.289999961853027,9.40999984741211,7.1971,8.2947,5.379297,20.096384,28.401836,28.400128,76.18,77.161268,12369.979521,36539.0,135563.9
2023-05-25,6.230000019073486,6.480000019073486,6.150000095367432,6.440000057220459,494800,0.33,6.559999942779541,7.21999979019165,9.369999885559082,7.0857,8.197,5.379297,20.096384,28.401836,28.400128,76.18,77.161268,12369.979521,36539.0,135563.9
2023-05-26,6.440000057220459,6.607999801635742,6.440000057220459,6.570000171661377,204900,0.168,6.440000057220459,7.21999979019165,9.1899995803833,6.9929,8.1097,5.379297,20.096384,28.401836,28.400128,76.18,77.161268,12369.979521,36539.0,135563.9
2023-05-30,6.28000020980835,6.309999942779541,6.039999961853027,6.079999923706055,515800,0.27,6.570000171661377,7.489999771118164,8.960000038146973,6.7914,8.0137,5.379297,20.096384,28.401836,28.400128,76.18,77.161268,12369.979521,36539.0,135563.9
2023-05-31,5.630000114440918,5.789999961853027,5.579999923706055,5.78000020980835,841400,0.21,6.079999923706055,7.409999847412109,8.619999885559082,6.5586,7.919,5.379297,20.096384,28.401836,28.400128,76.18,77.161268,12369.979521,36539.0,135563.9
2023-06-01,5.829999923706055,5.849999904632568,5.789999961853027,5.840000152587891,314300,0.06,5.78000020980835,7.389999866485596,9.15999984741211,6.3371,7.8083,5.618817,15.234174,23.294422,23.294155,73.93,74.606757,12178.980746,37110.0,139930.66
2023-06-02,6.099999904632568,6.190000057220459,6.090000152587891,6.139999866485596,295800,0.1,5.840000152587891,7.090000152587891,9.25,6.2014,7.7047,5.618817,15.234174,23.294422,23.294155,73.93,74.606757,12178.980746,37110.0,139930.66
2023-06-05,6.579999923706055,6.614999771118164,6.449999809265137,6.550000190734863,192000,0.165,6.139999866485596,6.559999942779541,9.15999984741211,6.2,7.6177,5.618817,15.234174,23.294422,23.294155,73.93,74.606757,12178.980746,37110.0,139930.66
2023-06-06,6.650000095367432,6.660999774932861,6.5,6.550000190734863,242700,0.161,6.550000190734863,6.440000057220459,8.779999732971191,6.2157,7.5433,5.618817,15.234174,23.294422,23.294155,73.93,74.606757,12178.980746,37110.0,139930.66
2023-06-07,6.150000095367432,6.159999847412109,6.065000057220459,6.139999866485596,320900,0.095,6.550000190734863,6.570000171661377,8.760000228881836,6.1543,7.456,5.618817,15.234174,23.294422,23.294155,73.93,74.606757,12178.980746,37110.0,139930.66
2023-06-08,6.199999809265137,6.429999828338623,6.170000076293945,6.369999885559082,315300,0.26,6.139999866485596,6.079999923706055,8.819999694824219,6.1957,7.3743,5.618817,15.234174,23.294422,23.294155,73.93,74.606757,12178.980746,37110.0,139930.66
2023-06-09,6.349999904632568,6.380000114440918,6.291999816894531,6.329999923706055,141500,0.088,6.369999885559082,5.78000020980835,8.850000381469727,6.2743,7.2903,5.618817,15.234174,23.294422,23.294155,73.93,74.606757,12178.980746,37110.0,139930.66
2023-06-12,6.090000152587891,6.230000019073486,6.039999961853027,6.190000057220459,205400,0.19,6.329999923706055,5.840000152587891,8.760000228881836,6.3243,7.2047,5.618817,15.234174,23.294422,23.294155,73.93,74.606757,12178.980746,37110.0,139930.66
2023-06-13,6.329999923706055,6.380000114440918,6.2210001945495605,6.300000190734863,309600,0.159,6.190000057220459,6.139999866485596,8.779999732971191,6.3471,7.122,5.618817,15.234174,23.294422,23.294155,73.93,74.606757,12178.980746,37110.0,139930.66
2023-06-14,6.460000038146973,6.480000019073486,6.369999885559082,6.400000095367432,258100,0.11,6.300000190734863,6.550000190734863,8.279999732971191,6.3257,7.0593,5.618817,15.234174,23.294422,23.294155,73.93,74.606757,12178.980746,37110.0,139930.66
2023-06-15,6.400000095367432,6.619999885559082,6.25,6.340000152587891,274300,0.37,6.400000095367432,6.550000190734863,8.449999809265137,6.2957,6.989,5.618817,15.234174,23.294422,23.294155,73.93,74.606757,12178.980746,37110.0,139930.66
2023-06-16,6.170000076293945,6.170000076293945,6.050000190734863,6.139999866485596,408700,0.12,6.340000152587891,6.139999866485596,7.929999828338623,6.2957,6.9293,5.618817,15.234174,23.294422,23.294155,73.93,74.606757,12178.980746,37110.0,139930.66
2023-06-20,6.079999923706055,6.159999847412109,5.988999843597412,6.159999847412109,268500,0.171,6.139999866485596,6.369999885559082,8.300000190734863,6.2657,6.858,5.618817,15.234174,23.294422,23.294155,73.93,74.606757,12178.980746,37110.0,139930.66
2023-06-21,6.119999885559082,6.179999828338623,6.019999980926514,6.119999885559082,339800,0.16,6.159999847412109,6.329999923706055,8.350000381469727,6.2357,6.7837,5.618817,15.234174,23.294422,23.294155,73.93,74.606757,12178.980746,37110.0,139930.66
2023-06-22,6.190000057220459,6.210999965667725,6.159999847412109,6.170000076293945,164200,0.051,6.119999885559082,6.190000057220459,8.989999771118164,6.2329,6.6897,5.618817,15.234174,23.294422,23.294155,73.93,74.606757,12178.980746,37110.0,139930.66
2023-06-23,6.159999847412109,6.178999900817871,6.054999828338623,6.159999847412109,131600,0.124,6.170000076293945,6.300000190734863,8.600000381469727,6.2129,6.6083,5.618817,15.234174,23.294422,23.294155,73.93,74.606757,12178.980746,37110.0,139930.66
2023-06-26,5.980000019073486,6.0,5.849999904632568,5.920000076293945,291700,0.15,6.159999847412109,6.400000095367432,8.09000015258789,6.1443,6.536,5.618817,15.234174,23.294422,23.294155,73.93,74.606757,12178.980746,37110.0,139930.66
2023-06-27,5.650000095367432,5.71999979019165,5.579999923706055,5.659999847412109,544400,0.14,5.920000076293945,6.340000152587891,7.71999979019165,6.0471,6.4673,5.618817,15.234174,23.294422,23.294155,73.93,74.606757,12178.980746,37110.0,139930.66
2023-06-28,5.599999904632568,5.599999904632568,5.480999946594238,5.570000171661377,299100,0.119,5.659999847412109,6.139999866485596,7.289999961853027,5.9657,6.41,5.618817,15.234174,23.294422,23.294155,73.93,74.606757,12178.980746,37110.0,139930.66
2023-06-29,5.570000171661377,5.710000038146973,5.560999870300293,5.610000133514404,385200,0.149,5.570000171661377,6.159999847412109,7.21999979019165,5.8871,6.3563,5.618817,15.234174,23.294422,23.294155,73.93,74.606757,12178.980746,37110.0,139930.66
2023-06-30,5.610000133514404,5.610000133514404,5.539999961853027,5.550000190734863,721200,0.07,5.610000133514404,6.119999885559082,7.21999979019165,5.8057,6.3007,5.618817,15.234174,23.294422,23.294155,73.93,74.606757,12178.980746,37110.0,139930.66
2023-07-03,5.309999942779541,5.309999942779541,5.170000076293945,5.170000076293945,375900,0.14,5.550000190734863,6.170000076293945,7.489999771118164,5.6629,6.2233,5.300289,12.056221,19.123845,19.118567,69.58,70.249061,12313.803411,31810.0,138996.04
2023-07-05,4.949999809265137,5.079999923706055,4.880000114440918,5.050000190734863,654900,0.2,5.170000076293945,6.159999847412109,7.409999847412109,5.5043,6.1447,5.300289,12.056221,19.123845,19.118567,69.58,70.249061,12313.803411,31810.0,138996.04
2023-07-06,5.099999904632568,5.329999923706055,4.949999809265137,5.199999809265137,459100,0.38,5.050000190734863,5.920000076293945,7.389999866485596,5.4014,6.0717,5.300289,12.056221,19.123845,19.118567,69.58,70.249061,12313.803411,31810.0,138996.04
2023-07-07,5.070000171661377,5.079999923706055,5.0,5.010000228881836,231500,0.08,5.199999809265137,5.659999847412109,7.090000152587891,5.3086,6.0023,5.300289,12.056221,19.123845,19.118567,69.58,70.249061,12313.803411,31810.0,138996.04
2023-07-10,5.099999904632568,5.130000114440918,4.949999809265137,5.039999961853027,301200,0.18,5.010000228881836,5.570000171661377,6.559999942779541,5.2329,5.9517,5.300289,12.056221,19.123845,19.118567,69.58,70.249061,12313.803411,31810.0,138996.04
2023-07-11,5.199999809265137,5.289999961853027,4.949999809265137,5.21999979019165,228000,0.34,5.039999961853027,5.610000133514404,6.440000057220459,5.1771,5.911,5.300289,12.056221,19.123845,19.118567,69.58,70.249061,12313.803411,31810.0,138996.04
2023-07-12,5.400000095367432,5.480000019073486,5.28000020980835,5.369999885559082,452400,0.2,5.21999979019165,5.550000190734863,6.570000171661377,5.1514,5.871,5.300289,12.056221,19.123845,19.118567,69.58,70.249061,12313.803411,31810.0,138996.04
2023-07-13,5.210000038146973,5.210000038146973,5.144999980926514,5.170000076293945,370600,0.065,5.369999885559082,5.170000076293945,6.079999923706055,5.1514,5.8407,5.300289,12.056221,19.123845,19.118567,69.58,70.249061,12313.803411,31810.0,138996.04
2023-07-14,5.150000095367432,5.150000095367432,5.050000190734863,5.079999923706055,141900,0.1,5.170000076293945,5.050000190734863,5.78000020980835,5.1557,5.8173,5.300289,12.056221,19.123845,19.118567,69.58,70.249061,12313.803411,31810.0,138996.04
2023-07-17,4.869999885559082,4.934000015258789,4.809999942779541,4.840000152587891,696400,0.124,5.079999923706055,5.199999809265137,5.840000152587891,5.1043,5.784,5.300289,12.056221,19.123845,19.118567,69.58,70.249061,12313.803411,31810.0,138996.04
2023-07-18,4.760000228881836,4.78000020980835,4.585000038146973,4.610000133514404,632300,0.195,4.840000152587891,5.010000228881836,6.139999866485596,5.0471,5.733,5.300289,12.056221,19.123845,19.118567,69.58,70.249061,12313.803411,31810.0,138996.04
2023-07-19,4.599999904632568,4.599999904632568,4.480000019073486,4.5,631000,0.12,4.610000133514404,5.039999961853027,6.550000190734863,4.97,5.6647,5.300289,12.056221,19.123845,19.118567,69.58,70.249061,12313.803411,31810.0,138996.04
2023-07-20,4.630000114440918,4.78000020980835,4.559999942779541,4.730000019073486,1202700,0.22,4.5,5.21999979019165,6.550000190734863,4.9,5.604,5.300289,12.056221,19.123845,19.118567,69.58,70.249061,12313.803411,31810.0,138996.04
2023-07-21,4.75,4.769999980926514,4.710000038146973,4.730000019073486,537400,0.06,4.730000019073486,5.369999885559082,6.139999866485596,4.8086,5.557,5.300289,12.056221,19.123845,19.118567,69.58,70.249061,12313.803411,31810.0,138996.04
2023-07-24,4.659999847412109,4.670000076293945,4.489999771118164,4.559999942779541,564100,0.18,4.730000019073486,5.170000076293945,6.369999885559082,4.7214,5.4967,5.300289,12.056221,19.123845,19.118567,69.58,70.249061,12313.803411,31810.0,138996.04
2023-07-25,4.599999904632568,4.829999923706055,4.599999904632568,4.789999961853027,875300,0.23,4.559999942779541,5.079999923706055,6.329999923706055,4.68,5.4453,5.300289,12.056221,19.123845,19.118567,69.58,70.249061,12313.803411,31810.0,138996.04
2023-07-26,4.949999809265137,5.0,4.869999885559082,4.869999885559082,834400,0.13,4.789999961853027,4.840000152587891,6.190000057220459,4.6843,5.4013,5.300289,12.056221,19.123845,19.118567,69.58,70.249061,12313.803411,31810.0,138996.04
2023-07-27,4.880000114440918,4.949999809265137,4.730000019073486,4.800000190734863,338800,0.22,4.869999885559082,4.610000133514404,6.300000190734863,4.7114,5.3513,5.300289,12.056221,19.123845,19.118567,69.58,70.249061,12313.803411,31810.0,138996.04
2023-07-28,4.71999979019165,4.800000190734863,4.699999809265137,4.760000228881836,296700,0.1,4.800000190734863,4.5,6.400000095367432,4.7486,5.2967,5.300289,12.056221,19.123845,19.118567,69.58,70.249061,12313.803411,31810.0,138996.04
2023-07-31,4.909999847412109,4.949999809265137,4.889999866485596,4.949999809265137,325200,0.06,4.760000228881836,4.730000019073486,6.340000152587891,4.78,5.2503,5.300289,12.056221,19.123845,19.118567,69.58,70.249061,12313.803411,31810.0,138996.04
2023-08-01,4.949999809265137,5.039999961853027,4.929999828338623,4.949999809265137,289700,0.11,4.949999809265137,4.730000019073486,6.139999866485596,4.8114,5.2107,4.697449,12.3241,19.380505,19.380693,67.76,68.370744,12785.682739,34557.0,151659.89
2023-08-02,4.909999847412109,4.909999847412109,4.769999980926514,4.820000171661377,384300,0.14,4.949999809265137,4.559999942779541,6.159999847412109,4.8486,5.166,4.697449,12.3241,19.380505,19.380693,67.76,68.370744,12785.682739,34557.0,151659.89
2023-08-03,4.849999904632568,4.900000095367432,4.849999904632568,4.889999866485596,91200,0.05,4.820000171661377,4.789999961853027,6.119999885559082,4.8629,5.125,4.697449,12.3241,19.380505,19.380693,67.76,68.370744,12785.682739,34557.0,151659.89
2023-08-04,4.889999866485596,4.90500020980835,4.843999862670898,4.889999866485596,228400,0.061,4.889999866485596,4.869999885559082,6.170000076293945,4.8657,5.0823,4.697449,12.3241,19.380505,19.380693,67.76,68.370744,12785.682739,34557.0,151659.89
2023-08-07,4.920000076293945,5.25,4.915999889373779,5.210000038146973,491500,0.334,4.889999866485596,4.800000190734863,6.159999847412109,4.9243,5.0507,4.697449,12.3241,19.380505,19.380693,67.76,68.370744,12785.682739,34557.0,151659.89
2023-08-08,5.130000114440918,5.130000114440918,4.989999771118164,5.070000171661377,289800,0.14,5.210000038146973,4.760000228881836,5.920000076293945,4.9686,5.0223,4.697449,12.3241,19.380505,19.380693,67.76,68.370744,12785.682739,34557.0,151659.89
2023-08-09,5.110000133514404,5.110000133514404,5.03000020980835,5.059999942779541,112700,0.08,5.070000171661377,4.949999809265137,5.659999847412109,4.9843,5.0023,4.697449,12.3241,19.380505,19.380693,67.76,68.370744,12785.682739,34557.0,151659.89
2023-08-10,5.130000114440918,5.239999771118164,5.130000114440918,5.21999979019165,245700,0.11,5.059999942779541,4.949999809265137,5.570000171661377,5.0229,4.9907,4.697449,12.3241,19.380505,19.380693,67.76,68.370744,12785.682739,34557.0,151659.89
2023-08-11,5.28000020980835,5.369999885559082,5.230999946594238,5.329999923706055,195400,0.139,5.21999979019165,4.820000171661377,5.610000133514404,5.0957,4.9813,4.697449,12.3241,19.380505,19.380693,67.76,68.370744,12785.682739,34557.0,151659.89
2023-08-14,5.300000190734863,5.380000114440918,5.300000190734863,5.340000152587891,173400,0.08,5.329999923706055,4.889999866485596,5.550000190734863,5.16,4.9743,4.697449,12.3241,19.380505,19.380693,67.76,68.370744,12785.682739,34557.0,151659.89
2023-08-15,5.53000020980835,5.609000205993652,5.53000020980835,5.590000152587891,545700,0.079,5.340000152587891,4.889999866485596,5.170000076293945,5.26,4.9883,4.697449,12.3241,19.380505,19.380693,67.76,68.370744,12785.682739,34557.0,151659.89
2023-08-16,5.889999866485596,5.889999866485596,5.610000133514404,5.659999847412109,808000,0.28,5.590000152587891,5.210000038146973,5.050000190734863,5.3243,5.0087,4.697449,12.3241,19.380505,19.380693,67.76,68.370744,12785.682739,34557.0,151659.89
2023-08-17,5.599999904632568,5.599999904632568,5.429999828338623,5.449999809265137,388800,0.17,5.659999847412109,5.070000171661377,5.199999809265137,5.3786,5.017,4.697449,12.3241,19.380505,19.380693,67.76,68.370744,12785.682739,34557.0,151659.89
2023-08-18,5.329999923706055,5.349999904632568,5.25,5.329999923706055,328200,0.1,5.449999809265137,5.059999942779541,5.010000228881836,5.4171,5.0277,4.697449,12.3241,19.380505,19.380693,67.76,68.370744,12785.682739,34557.0,151659.89
2023-08-21,5.170000076293945,5.170000076293945,5.019999980926514,5.090000152587891,408900,0.15,5.329999923706055,5.21999979019165,5.039999961853027,5.3986,5.0293,4.697449,12.3241,19.380505,19.380693,67.76,68.370744,12785.682739,34557.0,151659.89
2023-08-22,4.989999771118164,4.989999771118164,4.920000076293945,4.940000057220459,189900,0.07,5.090000152587891,5.329999923706055,5.21999979019165,5.3429,5.02,4.697449,12.3241,19.380505,19.380693,67.76,68.370744,12785.682739,34557.0,151659.89
2023-08-23,4.860000133514404,4.889999866485596,4.760000228881836,4.829999923706055,359000,0.13,4.940000057220459,5.340000152587891,5.369999885559082,5.27,5.002,4.697449,12.3241,19.380505,19.380693,67.76,68.370744,12785.682739,34557.0,151659.89
2023-08-24,5.0,5.059999942779541,4.980000019073486,5.059999942779541,222400,0.08,4.829999923706055,5.590000152587891,5.170000076293945,5.1943,4.9983,4.697449,12.3241,19.380505,19.380693,67.76,68.370744,12785.682739,34557.0,151659.89
2023-08-25,5.019999980926514,5.019999980926514,4.900000095367432,4.940000057220459,171300,0.12,5.059999942779541,5.659999847412109,5.079999923706055,5.0914,4.9937,4.697449,12.3241,19.380505,19.380693,67.76,68.370744,12785.682739,34557.0,151659.89
2023-08-28,4.940000057220459,5.050000190734863,4.940000057220459,4.96999979019165,93000,0.11,4.940000057220459,5.449999809265137,4.840000152587891,5.0229,4.998,4.697449,12.3241,19.380505,19.380693,67.76,68.370744,12785.682739,34557.0,151659.89
2023-08-29,5.199999809265137,5.230000019073486,5.050000190734863,5.050000190734863,181400,0.18,4.96999979019165,5.329999923706055,4.610000133514404,4.9829,5.0127,4.697449,12.3241,19.380505,19.380693,67.76,68.370744,12785.682739,34557.0,151659.89
2023-08-30,4.96999979019165,4.96999979019165,4.869999885559082,4.880000114440918,231600,0.1,5.050000190734863,5.090000152587891,4.5,4.9529,5.0253,4.697449,12.3241,19.380505,19.380693,67.76,68.370744,12785.682739,34557.0,151659.89
2023-08-31,4.880000114440918,4.929999828338623,4.880000114440918,4.889999866485596,150200,0.05,4.880000114440918,4.940000057220459,4.730000019073486,4.9457,5.0307,4.697449,12.3241,19.380505,19.380693,67.76,68.370744,12785.682739,34557.0,151659.89
2023-09-01,4.849999904632568,4.889999866485596,4.849999904632568,4.860000133514404,171000,0.04,4.889999866485596,4.829999923706055,4.730000019073486,4.95,5.035,3.804732,12.978364,19.186685,19.22619,67.27,67.919948,12695.800962,31759.0,140495.48
2023-09-05,4.869999885559082,4.940000057220459,4.860000133514404,4.900000095367432,149700,0.08,4.860000133514404,5.059999942779541,4.559999942779541,4.9271,5.0463,3.804732,12.978364,19.186685,19.22619,67.27,67.919948,12695.800962,31759.0,140495.48
2023-09-06,5.0,5.0879998207092285,4.974999904632568,5.070000171661377,143900,0.113,4.900000095367432,4.940000057220459,4.789999961853027,4.9457,5.0557,3.804732,12.978364,19.186685,19.22619,67.27,67.919948,12695.800962,31759.0,140495.48
2023-09-07,5.21999979019165,5.329999923706055,5.150000095367432,5.239999771118164,243400,0.18,5.070000171661377,4.96999979019165,4.869999885559082,4.9843,5.068,3.804732,12.978364,19.186685,19.22619,67.27,67.919948,12695.800962,31759.0,140495.48
2023-09-08,5.380000114440918,5.380000114440918,5.28000020980835,5.300000190734863,159300,0.1,5.239999771118164,5.050000190734863,4.800000190734863,5.02,5.0847,3.804732,12.978364,19.186685,19.22619,67.27,67.919948,12695.800962,31759.0,140495.48
2023-09-11,5.190000057220459,5.190000057220459,5.070000171661377,5.099999904632568,298800,0.12,5.300000190734863,4.880000114440918,4.760000228881836,5.0514,5.096,3.804732,12.978364,19.186685,19.22619,67.27,67.919948,12695.800962,31759.0,140495.48
2023-09-12,5.260000228881836,5.295000076293945,5.21999979019165,5.269999980926514,199700,0.075,5.099999904632568,4.889999866485596,4.949999809265137,5.1057,5.1067,3.804732,12.978364,19.186685,19.22619,67.27,67.919948,12695.800962,31759.0,140495.48
2023-09-13,5.360000133514404,5.380000114440918,5.28000020980835,5.300000190734863,287000,0.1,5.269999980926514,4.860000133514404,4.949999809265137,5.1686,5.1183,3.804732,12.978364,19.186685,19.22619,67.27,67.919948,12695.800962,31759.0,140495.48
2023-09-14,5.380000114440918,5.460000038146973,5.36299991607666,5.460000038146973,204600,0.097,5.300000190734863,4.900000095367432,4.820000171661377,5.2486,5.1397,3.804732,12.978364,19.186685,19.22619,67.27,67.919948,12695.800962,31759.0,140495.48
2023-09-15,5.510000228881836,5.53000020980835,5.449999809265137,5.480000019073486,111100,0.08,5.460000038146973,5.070000171661377,4.889999866485596,5.3071,5.1593,3.804732,12.978364,19.186685,19.22619,67.27,67.919948,12695.800962,31759.0,140495.48
2023-09-18,5.639999866485596,5.695000171661377,5.629000186920166,5.670000076293945,308800,0.066,5.480000019073486,5.239999771118164,4.889999866485596,5.3686,5.1853,3.804732,12.978364,19.186685,19.22619,67.27,67.919948,12695.800962,31759.0,140495.48
2023-09-19,5.75,5.820000171661377,5.690000057220459,5.699999809265137,746900,0.13,5.670000076293945,5.300000190734863,5.210000038146973,5.4257,5.2017,3.804732,12.978364,19.186685,19.22619,67.27,67.919948,12695.800962,31759.0,140495.48
2023-09-20,5.570000171661377,5.570000171661377,5.420000076293945,5.460000038146973,225500,0.15,5.699999809265137,5.099999904632568,5.070000171661377,5.4771,5.2147,3.804732,12.978364,19.186685,19.22619,67.27,67.919948,12695.800962,31759.0,140495.48
2023-09-21,5.409999847412109,5.409999847412109,5.340000152587891,5.369999885559082,242000,0.07,5.460000038146973,5.269999980926514,5.059999942779541,5.4914,5.225,3.804732,12.978364,19.186685,19.22619,67.27,67.919948,12695.800962,31759.0,140495.48
2023-09-22,5.539999961853027,5.599999904632568,5.519999980926514,5.53000020980835,174700,0.08,5.369999885559082,5.300000190734863,5.21999979019165,5.5243,5.2353,3.804732,12.978364,19.186685,19.22619,67.27,67.919948,12695.800962,31759.0,140495.48
2023-09-25,5.610000133514404,5.650000095367432,5.554999828338623,5.590000152587891,195400,0.095,5.53000020980835,5.460000038146973,5.329999923706055,5.5429,5.244,3.804732,12.978364,19.186685,19.22619,67.27,67.919948,12695.800962,31759.0,140495.48
2023-09-26,5.599999904632568,5.650000095367432,5.519999980926514,5.539999961853027,152200,0.13,5.590000152587891,5.480000019073486,5.340000152587891,5.5514,5.2507,3.804732,12.978364,19.186685,19.22619,67.27,67.919948,12695.800962,31759.0,140495.48
2023-09-27,5.5,5.650000095367432,5.46999979019165,5.53000020980835,733200,0.18,5.539999961853027,5.670000076293945,5.590000152587891,5.5314,5.2487,3.804732,12.978364,19.186685,19.22619,67.27,67.919948,12695.800962,31759.0,140495.48
2023-09-28,5.329999923706055,5.369999885559082,5.230000019073486,5.369999885559082,295000,0.14,5.53000020980835,5.699999809265137,5.659999847412109,5.4843,5.239,3.804732,12.978364,19.186685,19.22619,67.27,67.919948,12695.800962,31759.0,140495.48
2023-09-29,5.489999771118164,5.489999771118164,5.420000076293945,5.489999771118164,184600,0.07,5.369999885559082,5.460000038146973,5.449999809265137,5.4886,5.2403,3.804732,12.978364,19.186685,19.22619,67.27,67.919948,12695.800962,31759.0,140495.48
2023-10-02,5.619999885559082,5.639999866485596,5.570000171661377,5.630000114440918,580600,0.07,5.489999771118164,5.369999885559082,5.329999923706055,5.5257,5.2503,4.683765,20.176987,26.713392,26.713392,78.57,79.340116,12808.153183,34740.0,138949.26
2023-10-03,5.690000057220459,5.710000038146973,5.550000190734863,5.590000152587891,353800,0.16,5.630000114440918,5.53000020980835,5.090000152587891,5.5343,5.267,4.683765,20.176987,26.713392,26.713392,78.57,79.340116,12808.153183,34740.0,138949.26
2023-10-04,5.539999961853027,5.650000095367432,5.489999771118164,5.550000190734863,238200,0.16,5.590000152587891,5.590000152587891,4.940000057220459,5.5286,5.2873,4.683765,20.176987,26.713392,26.713392,78.57,79.340116,12808.153183,34740.0,138949.26
2023-10-05,5.690000057220459,5.75,5.670000076293945,5.75,299200,0.08,5.550000190734863,5.539999961853027,4.829999923706055,5.5586,5.318,4.683765,20.176987,26.713392,26.713392,78.57,79.340116,12808.153183,34740.0,138949.26
2023-10-06,5.849999904632568,5.980000019073486,5.809999942779541,5.909999847412109,553900,0.17,5.75,5.53000020980835,5.059999942779541,5.6129,5.3463,4.683765,20.176987,26.713392,26.713392,78.57,79.340116,12808.153183,34740.0,138949.26
2023-10-09,6.050000190734863,6.079999923706055,5.920000076293945,5.96999979019165,238000,0.16,5.909999847412109,5.369999885559082,4.940000057220459,5.6986,5.3807,4.683765,20.176987,26.713392,26.713392,78.57,79.340116,12808.153183,34740.0,138949.26
2023-10-10,5.739999771118164,5.78000020980835,5.579999923706055,5.670000076293945,237200,0.2,5.96999979019165,5.489999771118164,4.96999979019165,5.7243,5.404,4.683765,20.176987,26.713392,26.713392,78.57,79.340116,12808.153183,34740.0,138949.26
2023-10-11,5.659999847412109,5.78000020980835,5.639999866485596,5.78000020980835,254900,0.14,5.670000076293945,5.630000114440918,5.050000190734863,5.7457,5.4283,4.683765,20.176987,26.713392,26.713392,78.57,79.340116,12808.153183,34740.0,138949.26
2023-10-12,5.659999847412109,5.684999942779541,5.570000171661377,5.599999904632568,272000,0.115,5.78000020980835,5.590000152587891,4.880000114440918,5.7471,5.4523,4.683765,20.176987,26.713392,26.713392,78.57,79.340116,12808.153183,34740.0,138949.26
2023-10-13,5.599999904632568,5.875,5.599999904632568,5.869999885559082,498100,0.275,5.599999904632568,5.550000190734863,4.889999866485596,5.7929,5.485,4.683765,20.176987,26.713392,26.713392,78.57,79.340116,12808.153183,34740.0,138949.26
2023-10-16,5.869999885559082,5.869999885559082,5.769999980926514,5.809999942779541,140700,0.1,5.869999885559082,5.75,4.860000133514404,5.8014,5.5167,4.683765,20.176987,26.713392,26.713392,78.57,79.340116,12808.153183,34740.0,138949.26
2023-10-17,5.96999979019165,6.090000152587891,5.96999979019165,6.090000152587891,347300,0.12,5.809999942779541,5.909999847412109,4.900000095367432,5.8271,5.5563,4.683765,20.176987,26.713392,26.713392,78.57,79.340116,12808.153183,34740.0,138949.26
2023-10-18,5.949999809265137,5.949999809265137,5.809999942779541,5.829999923706055,165900,0.14,6.090000152587891,5.96999979019165,5.070000171661377,5.8071,5.5817,4.683765,20.176987,26.713392,26.713392,78.57,79.340116,12808.153183,34740.0,138949.26
2023-10-19,5.690000057220459,5.730000019073486,5.599999904632568,5.670000076293945,288300,0.13,5.829999923706055,5.670000076293945,5.239999771118164,5.8071,5.596,4.683765,20.176987,26.713392,26.713392,78.57,79.340116,12808.153183,34740.0,138949.26
2023-10-20,5.75,5.78000020980835,5.710000038146973,5.760000228881836,198500,0.07,5.670000076293945,5.78000020980835,5.300000190734863,5.8043,5.6113,4.683765,20.176987,26.713392,26.713392,78.57,79.340116,12808.153183,34740.0,138949.26
2023-10-23,5.599999904632568,5.650000095367432,5.46999979019165,5.539999961853027,766600,0.18,5.760000228881836,5.599999904632568,5.099999904632568,5.7957,5.626,4.683765,20.176987,26.713392,26.713392,78.57,79.340116,12808.153183,34740.0,138949.26
2023-10-24,5.449999809265137,5.449999809265137,5.320000171661377,5.409999847412109,425700,0.13,5.539999961853027,5.869999885559082,5.269999980926514,5.73,5.6307,4.683765,20.176987,26.713392,26.713392,78.57,79.340116,12808.153183,34740.0,138949.26
2023-10-25,5.300000190734863,5.369999885559082,5.25,5.289999961853027,327200,0.12,5.409999847412109,5.809999942779541,5.300000190734863,5.6557,5.6303,4.683765,20.176987,26.713392,26.713392,78.57,79.340116,12808.153183,34740.0,138949.26
2023-10-26,5.099999904632568,5.239999771118164,5.074999809265137,5.179999828338623,393700,0.165,5.289999961853027,6.090000152587891,5.460000038146973,5.5257,5.621,4.683765,20.176987,26.713392,26.713392,78.57,79.340116,12808.153183,34740.0,138949.26
2023-10-27,5.070000171661377,5.119999885559082,5.039999961853027,5.059999942779541,128500,0.08,5.179999828338623,5.829999923706055,5.480000019073486,5.4157,5.607,4.683765,20.176987,26.713392,26.713392,78.57,79.340116,12808.153183,34740.0,138949.26
2023-10-30,4.980000019073486,4.980000019073486,4.860000133514404,4.940000057220459,245100,0.12,5.059999942779541,5.670000076293945,5.670000076293945,5.3114,5.5827,4.683765,20.176987,26.713392,26.713392,78.57,79.340116,12808.153183,34740.0,138949.26
2023-10-31,5.0,5.090000152587891,4.960000038146973,5.010000228881836,143000,0.13,4.940000057220459,5.760000228881836,5.699999809265137,5.2043,5.5597,4.683765,20.176987,26.713392,26.713392,78.57,79.340116,12808.153183,34740.0,138949.26
2023-11-01,4.860000133514404,4.860000133514404,4.789999961853027,4.800000190734863,175000,0.07,5.010000228881836,5.539999961853027,5.460000038146973,5.0986,5.5377,4.865021,16.847873,23.737427,23.737541,84.56,85.350731,12223.921634,30290.0,119644.09
2023-11-02,5.0,5.090000152587891,4.940000057220459,5.010000228881836,237500,0.15,4.800000190734863,5.409999847412109,5.369999885559082,5.0414,5.5257,4.865021,16.847873,23.737427,23.737541,84.56,85.350731,12223.921634,30290.0,119644.09
2023-11-03,5.170000076293945,5.230000019073486,5.130000114440918,5.150000095367432,132800,0.1,5.010000228881836,5.289999961853027,5.53000020980835,5.0214,5.513,4.865021,16.847873,23.737427,23.737541,84.56,85.350731,12223.921634,30290.0,119644.09
2023-11-06,5.260000228881836,5.28000020980835,5.190000057220459,5.269999980926514,100400,0.09,5.150000095367432,5.179999828338623,5.590000152587891,5.0343,5.5023,4.865021,16.847873,23.737427,23.737541,84.56,85.350731,12223.921634,30290.0,119644.09
2023-11-07,5.199999809265137,5.230000019073486,5.159999847412109,5.199999809265137,75800,0.07,5.269999980926514,5.059999942779541,5.539999961853027,5.0543,5.491,4.865021,16.847873,23.737427,23.737541,84.56,85.350731,12223.921634,30290.0,119644.09
2023-11-08,5.28000020980835,5.400000095367432,5.275000095367432,5.400000095367432,273600,0.125,5.199999809265137,4.940000057220459,5.53000020980835,5.12,5.4867,4.865021,16.847873,23.737427,23.737541,84.56,85.350731,12223.921634,30290.0,119644.09
2023-11-09,5.579999923706055,5.800000190734863,5.579999923706055,5.800000190734863,442500,0.22,5.400000095367432,5.010000228881836,5.369999885559082,5.2329,5.501,4.865021,16.847873,23.737427,23.737541,84.56,85.350731,12223.921634,30290.0,119644.09
2023-11-10,5.800000190734863,5.800000190734863,5.668000221252441,5.699999809265137,62200,0.132,5.800000190734863,4.800000190734863,5.489999771118164,5.3614,5.508,4.865021,16.847873,23.737427,23.737541,84.56,85.350731,12223.921634,30290.0,119644.09
2023-11-13,5.809999942779541,5.980000019073486,5.809999942779541,5.949999809265137,413200,0.17,5.699999809265137,5.010000228881836,5.630000114440918,5.4957,5.5187,4.865021,16.847873,23.737427,23.737541,84.56,85.350731,12223.921634,30290.0,119644.09
2023-11-14,5.96999979019165,5.96999979019165,5.909999847412109,5.929999828338623,122300,0.06,5.949999809265137,5.150000095367432,5.590000152587891,5.6071,5.53,4.865021,16.847873,23.737427,23.737541,84.56,85.350731,12223.921634,30290.0,119644.09
2023-11-15,6.119999885559082,6.210000038146973,6.070000171661377,6.150000095367432,301900,0.14,5.929999828338623,5.269999980926514,5.550000190734863,5.7329,5.55,4.865021,16.847873,23.737427,23.737541,84.56,85.350731,12223.921634,30290.0,119644.09
2023-11-16,6.429999828338623,6.4679999351501465,6.349999904632568,6.440000057220459,449300,0.118,6.150000095367432,5.199999809265137,5.75,5.91,5.573,4.865021,16.847873,23.737427,23.737541,84.56,85.350731,12223.921634,30290.0,119644.09
2023-11-17,6.449999809265137,6.460000038146973,6.389999866485596,6.420000076293945,87000,0.07,6.440000057220459,5.400000095367432,5.909999847412109,6.0557,5.59,4.865021,16.847873,23.737427,23.737541,84.56,85.350731,12223.921634,30290.0,119644.09
2023-11-20,6.409999847412109,6.460000038146973,6.400000095367432,6.420000076293945,129000,0.06,6.420000076293945,5.800000190734863,5.96999979019165,6.1443,5.605,4.865021,16.847873,23.737427,23.737541,84.56,85.350731,12223.921634,30290.0,119644.09
2023-11-21,6.5,6.639999866485596,6.449999809265137,6.550000190734863,252900,0.19,6.420000076293945,5.699999809265137,5.670000076293945,6.2657,5.6343,4.865021,16.847873,23.737427,23.737541,84.56,85.350731,12223.921634,30290.0,119644.09
2023-11-22,6.599999904632568,6.679999828338623,6.539999961853027,6.619999885559082,111800,0.14,6.550000190734863,5.949999809265137,5.78000020980835,6.3614,5.6623,4.865021,16.847873,23.737427,23.737541,84.56,85.350731,12223.921634,30290.0,119644.09
2023-11-24,7.260000228881836,7.599999904632568,7.019999980926514,7.519999980926514,870300,0.58,6.619999885559082,5.929999828338623,5.599999904632568,6.5886,5.7263,4.865021,16.847873,23.737427,23.737541,84.56,85.350731,12223.921634,30290.0,119644.09
2023-11-27,7.710000038146973,7.849999904632568,7.650000095367432,7.769999980926514,442000,0.2,7.519999980926514,6.150000095367432,5.869999885559082,6.82,5.7897,4.865021,16.847873,23.737427,23.737541,84.56,85.350731,12223.921634,30290.0,119644.09
2023-11-28,7.829999923706055,7.849999904632568,7.659999847412109,7.800000190734863,325100,0.19,7.769999980926514,6.440000057220459,5.809999942779541,7.0143,5.856,4.865021,16.847873,23.737427,23.737541,84.56,85.350731,12223.921634,30290.0,119644.09
2023-11-29,8.300000190734863,8.75,8.255000114440918,8.710000038146973,570400,0.495,7.800000190734863,6.420000076293945,6.090000152587891,7.3414,5.9433,4.865021,16.847873,23.737427,23.737541,84.56,85.350731,12223.921634,30290.0,119644.09
2023-11-30,9.479999542236328,9.479999542236328,8.899999618530273,9.329999923706056,840400,0.58,8.710000038146973,6.420000076293945,5.829999923706055,7.7571,6.06,4.865021,16.847873,23.737427,23.737541,84.56,85.350731,12223.921634,30290.0,119644.09
2023-12-01,9.619999885559082,10.149999618530272,9.619999885559082,10.039999961853027,928000,0.53,9.329999923706056,6.550000190734863,5.670000076293945,8.2557,6.2057,4.749519,16.167828,22.975879,22.975882,92.99,93.840724,13089.033735,35790.0,123174.64
2023-12-04,9.619999885559082,9.720000267028809,8.970000267028809,9.34000015258789,1482400,0.75,10.039999961853027,6.619999885559082,5.760000228881836,8.6443,6.325,4.749519,16.167828,22.975879,22.975882,92.99,93.840724,13089.033735,35790.0,123174.64
2023-12-05,7.559999942779541,8.489999771118164,7.269999980926514,8.300000190734863,813100,1.22,9.34000015258789,7.519999980926514,5.539999961853027,8.7557,6.417,4.749519,16.167828,22.975879,22.975882,92.99,93.840724,13089.033735,35790.0,123174.64
2023-12-06,7.909999847412109,8.350000381469727,7.820000171661377,8.229999542236328,394800,0.53,8.300000190734863,7.769999980926514,5.409999847412109,8.8214,6.511,4.749519,16.167828,22.975879,22.975882,92.99,93.840724,13089.033735,35790.0,123174.64
2023-12-07,7.900000095367432,8.5,7.820000171661377,8.34000015258789,305500,0.68,8.229999542236328,7.800000190734863,5.289999961853027,8.8986,6.6127,4.749519,16.167828,22.975879,22.975882,92.99,93.840724,13089.033735,35790.0,123174.64
2023-12-08,8.65999984741211,8.699999809265137,8.581000328063965,8.699999809265137,202600,0.119,8.34000015258789,8.710000038146973,5.179999828338623,8.8971,6.73,4.749519,16.167828,22.975879,22.975882,92.99,93.840724,13089.033735,35790.0,123174.64
2023-12-11,8.800000190734863,8.800000190734863,8.510000228881836,8.600000381469727,180000,0.29,8.699999809265137,9.329999923706056,5.059999942779541,8.7929,6.848,4.749519,16.167828,22.975879,22.975882,92.99,93.840724,13089.033735,35790.0,123174.64
2023-12-12,8.770000457763672,9.489999771118164,8.699999809265137,9.4399995803833,547900,0.79,8.600000381469727,10.039999961853027,4.940000057220459,8.7071,6.998,4.749519,16.167828,22.975879,22.975882,92.99,93.840724,13089.033735,35790.0,123174.64
2023-12-13,8.850000381469727,8.989999771118164,8.807999610900879,8.869999885559082,139300,0.182,9.4399995803833,9.34000015258789,5.010000228881836,8.64,7.1267,4.749519,16.167828,22.975879,22.975882,92.99,93.840724,13089.033735,35790.0,123174.64
2023-12-14,9.170000076293944,9.25,9.109999656677246,9.239999771118164,230100,0.14,8.869999885559082,8.300000190734863,4.800000190734863,8.7743,7.2747,4.749519,16.167828,22.975879,22.975882,92.99,93.840724,13089.033735,35790.0,123174.64
2023-12-15,9.470000267028809,9.989999771118164,9.470000267028809,9.920000076293944,351300,0.52,9.239999771118164,8.229999542236328,5.010000228881836,9.0157,7.4383,4.749519,16.167828,22.975879,22.975882,92.99,93.840724,13089.033735,35790.0,123174.64
2023-12-18,10.390000343322754,10.729999542236328,10.31999969482422,10.600000381469728,456000,0.41,9.920000076293944,8.34000015258789,5.150000095367432,9.3386,7.62,4.749519,16.167828,22.975879,22.975882,92.99,93.840724,13089.033735,35790.0,123174.64
2023-12-19,10.300000190734863,10.300000190734863,9.510000228881836,9.779999732971191,319300,0.79,10.600000381469728,8.699999809265137,5.269999980926514,9.4929,7.7703,4.749519,16.167828,22.975879,22.975882,92.99,93.840724,13089.033735,35790.0,123174.64
2023-12-20,9.890000343322754,10.119000434875488,9.809000015258787,10.039999961853027,173900,0.31,9.779999732971191,8.600000381469727,5.199999809265137,9.6986,7.9317,4.749519,16.167828,22.975879,22.975882,92.99,93.840724,13089.033735,35790.0,123174.64
2023-12-21,10.15999984741211,10.15999984741211,9.90999984741211,9.970000267028809,263200,0.25,10.039999961853027,9.4399995803833,5.400000095367432,9.7743,8.084,4.749519,16.167828,22.975879,22.975882,92.99,93.840724,13089.033735,35790.0,123174.64
2023-12-22,10.149999618530272,10.609999656677246,10.09000015258789,10.4399995803833,317500,0.52,9.970000267028809,8.869999885559082,5.800000190734863,9.9986,8.2387,4.749519,16.167828,22.975879,22.975882,92.99,93.840724,13089.033735,35790.0,123174.64
2023-12-26,10.420000076293944,10.470000267028809,10.350000381469728,10.399999618530272,193000,0.12,10.4399995803833,9.239999771118164,5.699999809265137,10.1643,8.3953,4.749519,16.167828,22.975879,22.975882,92.99,93.840724,13089.033735,35790.0,123174.64
2023-12-27,10.630000114440918,10.93000030517578,10.630000114440918,10.869999885559082,267300,0.3,10.399999618530272,9.920000076293944,5.949999809265137,10.3,8.5593,4.749519,16.167828,22.975879,22.975882,92.99,93.840724,13089.033735,35790.0,123174.64
2023-12-28,11.100000381469728,11.6899995803833,11.09000015258789,11.649999618530272,343500,0.6,10.869999885559082,10.600000381469728,5.929999828338623,10.45,8.75,4.749519,16.167828,22.975879,22.975882,92.99,93.840724,13089.033735,35790.0,123174.64
2023-12-29,11.729999542236328,11.779999732971191,11.550000190734863,11.5600004196167,169000,0.23,11.649999618530272,9.779999732971191,6.150000095367432,10.7043,8.9303,4.749519,16.167828,22.975879,22.975882,92.99,93.840724,13089.033735,35790.0,123174.64
2024-01-02,11.399999618530272,11.399999618530272,10.354999542236328,10.619999885559082,485700,1.045,11.5600004196167,10.039999961853027,6.440000057220459,10.7871,9.0697,4.59392,14.642635,21.400196,21.400199,100.07,100.978329,13729.441394,37290.0,133834.55
2024-01-03,10.600000381469728,10.600000381469728,9.93000030517578,10.140000343322754,366400,0.67,10.619999885559082,9.970000267028809,6.420000076293945,10.8114,9.1937,4.59392,14.642635,21.400196,21.400199,100.07,100.978329,13729.441394,37290.0,133834.55
2024-01-04,10.479999542236328,11.0,10.414999961853027,10.899999618530272,209500,0.585,10.140000343322754,10.4399995803833,6.420000076293945,10.8771,9.343,4.59392,14.642635,21.400196,21.400199,100.07,100.978329,13729.441394,37290.0,133834.55
2024-01-05,10.800000190734863,10.829999923706056,10.520000457763672,10.609999656677246,124400,0.31,10.899999618530272,10.399999618530272,6.550000190734863,10.9071,9.4783,4.59392,14.642635,21.400196,21.400199,100.07,100.978329,13729.441394,37290.0,133834.55
2024-01-08,9.75,9.878000259399414,9.58199977874756,9.609999656677246,250800,0.296,10.609999656677246,10.869999885559082,6.619999885559082,10.7271,9.578,4.59392,14.642635,21.400196,21.400199,100.07,100.978329,13729.441394,37290.0,133834.55
2024-01-09,9.109999656677246,9.175999641418455,9.0,9.0,436400,0.176,9.609999656677246,11.649999618530272,7.519999980926514,10.3486,9.6273,4.59392,14.642635,21.400196,21.400199,100.07,100.978329,13729.441394,37290.0,133834.55
2024-01-10,9.260000228881836,9.609999656677246,9.260000228881836,9.550000190734863,221800,0.35,9.0,11.5600004196167,7.769999980926514,10.0614,9.6867,4.59392,14.642635,21.400196,21.400199,100.07,100.978329,13729.441394,37290.0,133834.55
2024-01-11,9.43000030517578,9.5,9.3100004196167,9.4399995803833,199600,0.19,9.550000190734863,10.619999885559082,7.800000190734863,9.8929,9.7413,4.59392,14.642635,21.400196,21.400199,100.07,100.978329,13729.441394,37290.0,133834.55
2024-01-12,9.56999969482422,9.600000381469728,9.43000030517578,9.5,85800,0.17,9.4399995803833,10.140000343322754,8.710000038146973,9.8014,9.7677,4.59392,14.642635,21.400196,21.400199,100.07,100.978329,13729.441394,37290.0,133834.55
2024-01-16,9.579999923706056,9.899999618530272,9.539999961853027,9.770000457763672,224900,0.36,9.5,10.899999618530272,9.329999923706056,9.64,9.7823,4.59392,14.642635,21.400196,21.400199,100.07,100.978329,13729.441394,37290.0,133834.55
2024-01-17,10.0,10.32699966430664,9.949999809265137,10.0600004196167,279900,0.377,9.770000457763672,10.609999656677246,10.039999961853027,9.5614,9.783,4.59392,14.642635,21.400196,21.400199,100.07,100.978329,13729.441394,37290.0,133834.55
2024-01-18,10.880000114440918,11.300000190734863,10.760000228881836,11.1899995803833,336700,0.54,10.0600004196167,9.609999656677246,9.34000015258789,9.7871,9.8447,4.59392,14.642635,21.400196,21.400199,100.07,100.978329,13729.441394,37290.0,133834.55
2024-01-19,11.109999656677246,11.23799991607666,11.010000228881836,11.050000190734863,163800,0.228,11.1899995803833,9.0,8.300000190734863,10.08,9.9363,4.59392,14.642635,21.400196,21.400199,100.07,100.978329,13729.441394,37290.0,133834.55
2024-01-22,10.8100004196167,10.8100004196167,10.43000030517578,10.43000030517578,209200,0.38,11.050000190734863,9.550000190734863,8.229999542236328,10.2057,10.0097,4.59392,14.642635,21.400196,21.400199,100.07,100.978329,13729.441394,37290.0,133834.55
2024-01-23,10.449999809265137,10.779999732971191,10.449999809265137,10.720000267028809,200100,0.33,10.43000030517578,9.4399995803833,8.34000015258789,10.3886,10.089,4.59392,14.642635,21.400196,21.400199,100.07,100.978329,13729.441394,37290.0,133834.55
2024-01-24,11.140000343322754,11.869999885559082,11.140000343322754,11.75,413200,0.73,10.720000267028809,9.5,8.699999809265137,10.71,10.1907,4.59392,14.642635,21.400196,21.400199,100.07,100.978329,13729.441394,37290.0,133834.55
2024-01-25,11.289999961853027,11.413999557495115,11.100000381469728,11.100000381469728,211900,0.314,11.75,9.770000457763672,8.600000381469727,10.9,10.274,4.59392,14.642635,21.400196,21.400199,100.07,100.978329,13729.441394,37290.0,133834.55
2024-01-26,11.0600004196167,11.210000038146973,11.050000190734863,11.0600004196167,101400,0.16,11.100000381469728,10.0600004196167,9.4399995803833,11.0429,10.328,4.59392,14.642635,21.400196,21.400199,100.07,100.978329,13729.441394,37290.0,133834.55
2024-01-29,10.68000030517578,10.949999809265137,10.630000114440918,10.75,364300,0.32,11.0600004196167,11.1899995803833,8.869999885559082,10.98,10.3907,4.59392,14.642635,21.400196,21.400199,100.07,100.978329,13729.441394,37290.0,133834.55
2024-01-30,10.850000381469728,11.0600004196167,10.8100004196167,10.979999542236328,193900,0.25,10.75,11.050000190734863,9.239999771118164,10.97,10.4487,4.59392,14.642635,21.400196,21.400199,100.07,100.978329,13729.441394,37290.0,133834.55
2024-01-31,11.100000381469728,11.300000190734863,11.0,11.239999771118164,134900,0.3,10.979999542236328,10.43000030517578,9.920000076293944,11.0857,10.4927,4.59392,14.642635,21.400196,21.400199,100.07,100.978329,13729.441394,37290.0,133834.55
2024-02-01,11.0600004196167,11.25,11.0,11.109999656677246,137800,0.25,11.239999771118164,10.720000267028809,10.600000381469728,11.1414,10.5097,4.999274,14.272257,21.649899,21.782965,96.6,97.522226,12841.858849,37970.0,127792.34
2024-02-02,11.119999885559082,11.279999732971191,11.119999885559082,11.170000076293944,65500,0.16,11.109999656677246,11.75,9.779999732971191,11.0586,10.556,4.999274,14.272257,21.649899,21.782965,96.6,97.522226,12841.858849,37970.0,127792.34
2024-02-05,11.789999961853027,11.970000267028809,11.770000457763672,11.8100004196167,223000,0.2,11.170000076293944,11.100000381469728,10.039999961853027,11.16,10.615,4.999274,14.272257,21.649899,21.782965,96.6,97.522226,12841.858849,37970.0,127792.34
2024-02-06,12.5,12.65999984741211,12.460000038146973,12.640000343322754,251500,0.2,11.8100004196167,11.0600004196167,9.970000267028809,11.3857,10.704,4.999274,14.272257,21.649899,21.782965,96.6,97.522226,12841.858849,37970.0,127792.34
2024-02-07,12.1899995803833,12.199999809265137,11.649999618530272,11.800000190734863,275300,0.55,12.640000343322754,10.75,10.4399995803833,11.5357,10.7493,4.999274,14.272257,21.649899,21.782965,96.6,97.522226,12841.858849,37970.0,127792.34
2024-02-08,12.270000457763672,12.640000343322754,12.199999809265137,12.550000190734863,414900,0.44,11.800000190734863,10.979999542236328,10.399999618530272,11.76,10.821,4.999274,14.272257,21.649899,21.782965,96.6,97.522226,12841.858849,37970.0,127792.34
2024-02-09,12.68000030517578,12.770000457763672,12.260000228881836,12.350000381469728,139100,0.51,12.550000190734863,11.239999771118164,10.869999885559082,11.9186,10.8703,4.999274,14.272257,21.649899,21.782965,96.6,97.522226,12841.858849,37970.0,127792.34
2024-02-12,12.449999809265137,12.5,12.229999542236328,12.5,84600,0.27,12.350000381469728,11.109999656677246,11.649999618530272,12.1171,10.8987,4.999274,14.272257,21.649899,21.782965,96.6,97.522226,12841.858849,37970.0,127792.34
2024-02-13,12.770000457763672,12.770000457763672,12.204999923706056,12.260000228881836,90200,0.565,12.5,11.170000076293944,11.5600004196167,12.2729,10.922,4.999274,14.272257,21.649899,21.782965,96.6,97.522226,12841.858849,37970.0,127792.34
2024-02-14,12.5,12.960000038146973,12.45400047302246,12.75,129600,0.506,12.260000228881836,11.8100004196167,10.619999885559082,12.4071,10.993,4.999274,14.272257,21.649899,21.782965,96.6,97.522226,12841.858849,37970.0,127792.34
2024-02-15,12.739999771118164,12.899999618530272,12.739999771118164,12.789999961853027,80500,0.16,12.75,12.640000343322754,10.140000343322754,12.4286,11.0813,4.999274,14.272257,21.649899,21.782965,96.6,97.522226,12841.858849,37970.0,127792.34
2024-02-16,12.949999809265137,12.949999809265137,12.800000190734863,12.81999969482422,48300,0.15,12.789999961853027,11.800000190734863,10.899999618530272,12.5743,11.1453,4.999274,14.272257,21.649899,21.782965,96.6,97.522226,12841.858849,37970.0,127792.34
2024-02-20,12.760000228881836,12.760000228881836,12.5,12.5,85400,0.26,12.81999969482422,12.550000190734863,10.609999656677246,12.5671,11.2083,4.999274,14.272257,21.649899,21.782965,96.6,97.522226,12841.858849,37970.0,127792.34
2024-02-21,12.899999618530272,13.050000190734863,12.800000190734863,12.949999809265137,113400,0.25,12.5,12.350000381469728,9.609999656677246,12.6529,11.3197,4.999274,14.272257,21.649899,21.782965,96.6,97.522226,12841.858849,37970.0,127792.34
2024-02-22,13.34000015258789,13.800000190734863,13.34000015258789,13.510000228881836,191600,0.46,12.949999809265137,12.5,9.0,12.7971,11.47,4.999274,14.272257,21.649899,21.782965,96.6,97.522226,12841.858849,37970.0,127792.34
2024-02-23,14.119999885559082,14.399999618530272,14.020000457763672,14.336999893188477,189500,0.38,13.510000228881836,12.260000228881836,9.550000190734863,13.0939,11.6296,4.999274,14.272257,21.649899,21.782965,96.6,97.522226,12841.858849,37970.0,127792.34
2024-02-26,13.93000030517578,13.93000030517578,13.56999969482422,13.732999801635742,220300,0.36,14.336999893188477,12.75,9.4399995803833,13.2343,11.7727,4.999274,14.272257,21.649899,21.782965,96.6,97.522226,12841.858849,37970.0,127792.34
2024-02-27,14.1899995803833,14.5,14.1899995803833,14.449999809265137,136200,0.31,13.732999801635742,12.789999961853027,9.5,13.4714,11.9377,4.999274,14.272257,21.649899,21.782965,96.6,97.522226,12841.858849,37970.0,127792.34
2024-02-28,15.109999656677246,15.300000190734863,14.93000030517578,15.029999732971191,183100,0.37,14.449999809265137,12.81999969482422,9.770000457763672,13.7871,12.113,4.999274,14.272257,21.649899,21.782965,96.6,97.522226,12841.858849,37970.0,127792.34
2024-02-29,15.239999771118164,15.270000457763672,14.979999542236328,15.25,189600,0.29,15.029999732971191,12.5,10.0600004196167,14.18,12.286,4.999274,14.272257,21.649899,21.782965,96.6,97.522226,12841.858849,37970.0,127792.34
2024-03-01,15.9399995803833,16.299999237060547,15.600000381469728,16.100000381469727,263700,0.7,15.25,12.949999809265137,11.1899995803833,14.63,12.4497,4.832099,15.397265,22.284399,22.332367,116.68,117.808051,13942.910614,41960.0,139163.34
2024-03-04,16.489999771118164,16.5,16.100000381469727,16.229999542236328,215900,0.4,16.100000381469727,13.510000228881836,11.050000190734863,15.0186,12.6223,4.832099,15.397265,22.284399,22.332367,116.68,117.808051,13942.910614,41960.0,139163.34
2024-03-05,15.579999923706056,15.75,15.199999809265137,15.75,392400,0.55,16.229999542236328,14.336999893188477,10.43000030517578,15.2204,12.7997,4.832099,15.397265,22.284399,22.332367,116.68,117.808051,13942.910614,41960.0,139163.34
2024-03-06,15.0,15.68000030517578,14.850000381469728,15.56999969482422,273300,0.83,15.75,13.732999801635742,10.720000267028809,15.4829,12.9613,4.832099,15.397265,22.284399,22.332367,116.68,117.808051,13942.910614,41960.0,139163.34
2024-03-07,16.3799991607666,16.450000762939453,16.079999923706055,16.43000030517578,171400,0.37,15.56999969482422,14.449999809265137,11.75,15.7657,13.1173,4.832099,15.397265,22.284399,22.332367,116.68,117.808051,13942.910614,41960.0,139163.34
2024-03-08,16.700000762939453,16.989999771118164,16.649999618530273,16.84000015258789,141000,0.34,16.43000030517578,15.029999732971191,11.100000381469728,16.0243,13.3087,4.832099,15.397265,22.284399,22.332367,116.68,117.808051,13942.910614,41960.0,139163.34
2024-03-11,16.299999237060547,16.450000762939453,15.800999641418455,16.040000915527344,151600,0.649,16.84000015258789,15.25,11.0600004196167,16.1371,13.4747,4.832099,15.397265,22.284399,22.332367,116.68,117.808051,13942.910614,41960.0,139163.34
2024-03-12,16.43000030517578,16.610000610351562,16.224000930786133,16.479999542236328,228800,0.386,16.040000915527344,16.100000381469727,10.75,16.1914,13.6657,4.832099,15.397265,22.284399,22.332367,116.68,117.808051,13942.910614,41960.0,139163.34
2024-03-13,16.639999389648438,16.649999618530273,16.1200008392334,16.25,121700,0.53,16.479999542236328,16.229999542236328,10.979999542236328,16.1943,13.8413,4.832099,15.397265,22.284399,22.332367,116.68,117.808051,13942.910614,41960.0,139163.34
2024-03-14,16.139999389648438,16.270000457763672,15.899999618530272,16.059999465942383,163000,0.37,16.25,15.75,11.239999771118164,16.2386,14.002,4.832099,15.397265,22.284399,22.332367,116.68,117.808051,13942.910614,41960.0,139163.34
2024-03-15,16.100000381469727,16.100000381469727,15.5600004196167,15.6899995803833,204500,0.54,16.059999465942383,15.56999969482422,11.109999656677246,16.2557,14.1547,4.832099,15.397265,22.284399,22.332367,116.68,117.808051,13942.910614,41960.0,139163.34
2024-03-18,16.549999237060547,16.799999237060547,16.1200008392334,16.190000534057617,262300,0.68,15.6899995803833,16.43000030517578,11.170000076293944,16.2214,14.322,4.832099,15.397265,22.284399,22.332367,116.68,117.808051,13942.910614,41960.0,139163.34
2024-03-19,15.729999542236328,15.81999969482422,15.050000190734863,15.489999771118164,732100,0.77,16.190000534057617,16.84000015258789,11.8100004196167,16.0286,14.4447,4.832099,15.397265,22.284399,22.332367,116.68,117.808051,13942.910614,41960.0,139163.34
2024-03-20,14.859999656677246,14.859999656677246,14.420000076293944,14.68000030517578,599700,0.44,15.489999771118164,16.040000915527344,12.640000343322754,15.8343,14.5127,4.832099,15.397265,22.284399,22.332367,116.68,117.808051,13942.910614,41960.0,139163.34
2024-03-21,15.390000343322754,15.470000267028809,15.079999923706056,15.270000457763672,513800,0.39,14.68000030517578,16.479999542236328,11.800000190734863,15.6614,14.6283,4.832099,15.397265,22.284399,22.332367,116.68,117.808051,13942.910614,41960.0,139163.34
2024-03-22,15.0,15.010000228881836,14.710000038146973,14.729999542236328,190400,0.3,15.270000457763672,16.25,12.550000190734863,15.4443,14.701,4.832099,15.397265,22.284399,22.332367,116.68,117.808051,13942.910614,41960.0,139163.34
2024-03-25,13.989999771118164,14.100000381469728,13.880999565124512,14.06999969482422,311400,0.219,14.729999542236328,16.059999465942383,12.350000381469728,15.16,14.7583,4.832099,15.397265,22.284399,22.332367,116.68,117.808051,13942.910614,41960.0,139163.34
2024-03-26,13.109999656677246,13.380000114440918,12.859999656677246,13.380000114440918,859000,0.52,14.06999969482422,15.6899995803833,12.5,14.83,14.7877,4.832099,15.397265,22.284399,22.332367,116.68,117.808051,13942.910614,41960.0,139163.34
2024-03-27,12.949999809265137,13.489999771118164,12.920000076293944,13.350000381469728,384400,0.57,13.380000114440918,16.190000534057617,12.260000228881836,14.4243,14.824,4.832099,15.397265,22.284399,22.332367,116.68,117.808051,13942.910614,41960.0,139163.34
2024-03-28,13.760000228881836,13.880000114440918,13.614999771118164,13.859999656677246,476300,0.265,13.350000381469728,15.489999771118164,12.75,14.1914,14.861,4.832099,15.397265,22.284399,22.332367,116.68,117.808051,13942.910614,41960.0,139163.34
2024-04-01,13.9399995803833,14.045000076293944,13.760000228881836,13.890000343322754,241700,0.285,13.859999656677246,14.68000030517578,12.789999961853027,14.0786,14.8977,5.166711,15.474541,22.727292,22.892015,78.71,79.415249,13257.562067,36940.0,144253.98
2024-04-02,12.899999618530272,12.970000267028809,12.640000343322754,12.699999809265137,241800,0.33,13.890000343322754,15.270000457763672,12.81999969482422,13.7114,14.8937,5.166711,15.474541,22.727292,22.892015,78.71,79.415249,13257.562067,36940.0,144253.98
2024-04-03,13.329999923706056,13.460000038146973,13.170000076293944,13.31999969482422,215900,0.29,12.699999809265137,14.729999542236328,12.5,13.51,14.921,5.166711,15.474541,22.727292,22.892015,78.71,79.415249,13257.562067,36940.0,144253.98
2024-04-04,13.079999923706056,13.079999923706056,12.380000114440918,12.710000038146973,165400,0.7,13.31999969482422,14.06999969482422,12.949999809265137,13.3157,14.913,5.166711,15.474541,22.727292,22.892015,78.71,79.415249,13257.562067,36940.0,144253.98
2024-04-05,12.6899995803833,12.90999984741211,12.5600004196167,12.850000381469728,114400,0.35,12.710000038146973,13.380000114440918,13.510000228881836,13.24,14.891,5.166711,15.474541,22.727292,22.892015,78.71,79.415249,13257.562067,36940.0,144253.98
2024-04-08,12.84000015258789,12.84000015258789,12.31999969482422,12.510000228881836,169800,0.52,12.850000381469728,13.350000381469728,14.336999893188477,13.12,14.8301,5.166711,15.474541,22.727292,22.892015,78.71,79.415249,13257.562067,36940.0,144253.98
2024-04-09,12.670000076293944,12.899999618530272,12.40999984741211,12.779999732971191,296500,0.49,12.510000228881836,13.859999656677246,13.732999801635742,12.9657,14.7983,5.166711,15.474541,22.727292,22.892015,78.71,79.415249,13257.562067,36940.0,144253.98
2024-04-10,13.300000190734863,13.609999656677246,13.300000190734863,13.5,337900,0.31,12.779999732971191,13.890000343322754,14.449999809265137,12.91,14.7667,5.166711,15.474541,22.727292,22.892015,78.71,79.415249,13257.562067,36940.0,144253.98
2024-04-11,13.800000190734863,14.0,13.5,13.539999961853027,160200,0.5,13.5,12.699999809265137,15.029999732971191,13.03,14.717,5.166711,15.474541,22.727292,22.892015,78.71,79.415249,13257.562067,36940.0,144253.98
2024-04-12,13.699999809265137,13.770000457763672,13.510000228881836,13.670000076293944,132200,0.26,13.539999961853027,13.31999969482422,15.25,13.08,14.6643,5.166711,15.474541,22.727292,22.892015,78.71,79.415249,13257.562067,36940.0,144253.98
2024-04-15,13.489999771118164,13.6899995803833,13.199999809265137,13.5600004196167,125800,0.49,13.670000076293944,12.710000038146973,16.100000381469727,13.2014,14.5797,5.166711,15.474541,22.727292,22.892015,78.71,79.415249,13257.562067,36940.0,144253.98
2024-04-16,13.600000381469728,13.739999771118164,13.359999656677246,13.399999618530272,84200,0.38,13.5600004196167,12.850000381469728,16.229999542236328,13.28,14.4853,5.166711,15.474541,22.727292,22.892015,78.71,79.415249,13257.562067,36940.0,144253.98
2024-04-17,13.920000076293944,13.920000076293944,13.779999732971191,13.8100004196167,128500,0.14,13.399999618530272,12.510000228881836,15.75,13.4657,14.4207,5.166711,15.474541,22.727292,22.892015,78.71,79.415249,13257.562067,36940.0,144253.98
2024-04-18,13.699999809265137,13.699999809265137,13.399999618530272,13.43000030517578,135300,0.3,13.8100004196167,12.779999732971191,15.56999969482422,13.5586,14.3493,5.166711,15.474541,22.727292,22.892015,78.71,79.415249,13257.562067,36940.0,144253.98
2024-04-19,13.5,13.699000358581545,13.5,13.609999656677246,89200,0.199,13.43000030517578,13.5,16.43000030517578,13.5743,14.2553,5.166711,15.474541,22.727292,22.892015,78.71,79.415249,13257.562067,36940.0,144253.98
2024-04-22,13.15999984741211,13.395000457763672,12.899999618530272,13.029999732971191,594900,0.495,13.609999656677246,13.539999961853027,16.84000015258789,13.5014,14.1283,5.166711,15.474541,22.727292,22.892015,78.71,79.415249,13257.562067,36940.0,144253.98
2024-04-23,13.039999961853027,13.399999618530272,13.039999961853027,13.399999618530272,180500,0.36,13.029999732971191,13.670000076293944,16.040000915527344,13.4629,14.0403,5.166711,15.474541,22.727292,22.892015,78.71,79.415249,13257.562067,36940.0,144253.98
2024-04-24,13.100000381469728,13.260000228881836,12.869999885559082,13.15999984741211,423400,0.39,13.399999618530272,13.5600004196167,16.479999542236328,13.4057,13.9297,5.166711,15.474541,22.727292,22.892015,78.71,79.415249,13257.562067,36940.0,144253.98
2024-04-25,12.829999923706056,13.114999771118164,12.770000457763672,13.020000457763672,149800,0.345,13.15999984741211,13.399999618530272,16.25,13.3514,13.822,5.166711,15.474541,22.727292,22.892015,78.71,79.415249,13257.562067,36940.0,144253.98
2024-04-26,12.81999969482422,12.918999671936035,12.65999984741211,12.81999969482422,119300,0.259,13.020000457763672,13.8100004196167,16.059999465942383,13.21,13.714,5.166711,15.474541,22.727292,22.892015,78.71,79.415249,13257.562067,36940.0,144253.98
2024-04-29,12.5,12.649999618530272,12.43000030517578,12.600000381469728,147700,0.22,12.81999969482422,13.43000030517578,15.6899995803833,13.0914,13.611,5.166711,15.474541,22.727292,22.892015,78.71,79.415249,13257.562067,36940.0,144253.98
2024-04-30,12.960000038146973,12.960000038146973,12.640000343322754,12.710000038146973,289000,0.32,12.600000381469728,13.609999656677246,16.190000534057617,12.9629,13.495,5.166711,15.474541,22.727292,22.892015,78.71,79.415249,13257.562067,36940.0,144253.98
2024-05-01,12.550000190734863,12.770000457763672,12.510000228881836,12.6899995803833,77900,0.26,12.710000038146973,13.029999732971191,15.489999771118164,12.9143,13.4017,5.269456,17.799459,25.477445,25.503365,83.96,84.749669,13459.796064,36386.0,156315.94
2024-05-02,13.100000381469728,13.510000228881836,13.079999923706056,13.460000038146973,227000,0.43,12.6899995803833,13.399999618530272,14.68000030517578,12.9229,13.361,5.269456,17.799459,25.477445,25.503365,83.96,84.749669,13459.796064,36386.0,156315.94
2024-05-03,13.520000457763672,13.75,13.420000076293944,13.449999809265137,77900,0.33,13.460000038146973,13.15999984741211,15.270000457763672,12.9643,13.3003,5.269456,17.799459,25.477445,25.503365,83.96,84.749669,13459.796064,36386.0,156315.94
2024-05-06,13.529999732971191,13.75,13.510000228881836,13.56999969482422,67500,0.24,13.449999809265137,13.020000457763672,14.729999542236328,13.0429,13.2617,5.269456,17.799459,25.477445,25.503365,83.96,84.749669,13459.796064,36386.0,156315.94
2024-05-07,14.210000038146973,14.600000381469728,14.149999618530272,14.600000381469728,209500,0.45,13.56999969482422,12.81999969482422,14.06999969482422,13.2971,13.2793,5.269456,17.799459,25.477445,25.503365,83.96,84.749669,13459.796064,36386.0,156315.94
2024-05-08,14.210000038146973,14.239999771118164,13.760000228881836,13.93000030517578,255300,0.48,14.600000381469728,12.600000381469728,13.380000114440918,13.4871,13.2977,5.269456,17.799459,25.477445,25.503365,83.96,84.749669,13459.796064,36386.0,156315.94
2024-05-09,13.720000267028809,13.8100004196167,13.538999557495115,13.65999984741211,157700,0.271,13.93000030517578,12.710000038146973,13.350000381469728,13.6229,13.308,5.269456,17.799459,25.477445,25.503365,83.96,84.749669,13459.796064,36386.0,156315.94
2024-05-10,13.59000015258789,13.8100004196167,13.59000015258789,13.739999771118164,52400,0.22,13.65999984741211,12.6899995803833,13.859999656677246,13.7729,13.304,5.269456,17.799459,25.477445,25.503365,83.96,84.749669,13459.796064,36386.0,156315.94
2024-05-13,13.329999923706056,13.329999923706056,13.050000190734863,13.270000457763672,155500,0.28,13.739999771118164,13.460000038146973,13.890000343322754,13.7457,13.2833,5.269456,17.799459,25.477445,25.503365,83.96,84.749669,13459.796064,36386.0,156315.94
2024-05-14,12.859999656677246,13.0,12.699999809265137,12.949999809265137,389200,0.3,13.270000457763672,13.449999809265137,12.699999809265137,13.6743,13.2917,5.269456,17.799459,25.477445,25.503365,83.96,84.749669,13459.796064,36386.0,156315.94
2024-05-15,12.5600004196167,12.619999885559082,12.40999984741211,12.619999885559082,366800,0.21,12.949999809265137,13.56999969482422,13.31999969482422,13.5386,13.2683,5.269456,17.799459,25.477445,25.503365,83.96,84.749669,13459.796064,36386.0,156315.94
2024-05-16,12.6899995803833,12.84000015258789,12.619999885559082,12.75,189200,0.22,12.619999885559082,14.600000381469728,12.710000038146973,13.2743,13.2697,5.269456,17.799459,25.477445,25.503365,83.96,84.749669,13459.796064,36386.0,156315.94
2024-05-17,12.960000038146973,12.960000038146973,12.649999618530272,12.729999542236328,525700,0.31,12.75,13.93000030517578,12.850000381469728,13.1029,13.2657,5.269456,17.799459,25.477445,25.503365,83.96,84.749669,13459.796064,36386.0,156315.94
2024-05-20,12.729999542236328,12.850000381469728,12.640000343322754,12.829999923706056,90100,0.21,12.729999542236328,13.65999984741211,12.510000228881836,12.9843,13.2763,5.269456,17.799459,25.477445,25.503365,83.96,84.749669,13459.796064,36386.0,156315.94
2024-05-21,12.800000190734863,12.800000190734863,12.3100004196167,12.380000114440918,506700,0.49,12.829999923706056,13.739999771118164,12.779999732971191,12.79,13.263,5.269456,17.799459,25.477445,25.503365,83.96,84.749669,13459.796064,36386.0,156315.94
2024-05-22,12.289999961853027,12.29300022125244,12.0,12.140000343322754,357600,0.293,12.380000114440918,13.270000457763672,13.5,12.6286,13.2177,5.269456,17.799459,25.477445,25.503365,83.96,84.749669,13459.796064,36386.0,156315.94
2024-05-23,12.270000457763672,12.390000343322754,12.100000381469728,12.100000381469728,111500,0.29,12.140000343322754,12.949999809265137,13.539999961853027,12.5071,13.1697,5.269456,17.799459,25.477445,25.503365,83.96,84.749669,13459.796064,36386.0,156315.94
2024-05-24,12.390000343322754,12.390000343322754,12.210000038146973,12.260000228881836,71200,0.18,12.100000381469728,12.619999885559082,13.670000076293944,12.4557,13.1227,5.269456,17.799459,25.477445,25.503365,83.96,84.749669,13459.796064,36386.0,156315.94
2024-05-28,12.039999961853027,12.18000030517578,11.989999771118164,12.0,63000,0.19,12.260000228881836,12.75,13.5600004196167,12.3486,13.0707,5.269456,17.799459,25.477445,25.503365,83.96,84.749669,13459.796064,36386.0,156315.94
2024-05-29,12.010000228881836,12.289999961853027,11.899999618530272,12.079999923706056,42200,0.39,12.0,12.729999542236328,13.399999618530272,12.2557,13.0267,5.269456,17.799459,25.477445,25.503365,83.96,84.749669,13459.796064,36386.0,156315.94
2024-05-30,12.199999809265137,12.300000190734863,12.010000228881836,12.15999984741211,43200,0.29,12.079999923706056,12.829999923706056,13.8100004196167,12.16,12.9717,5.269456,17.799459,25.477445,25.503365,83.96,84.749669,13459.796064,36386.0,156315.94
2024-05-31,12.350000381469728,12.350000381469728,11.9399995803833,11.9399995803833,28800,0.41,12.15999984741211,12.380000114440918,13.43000030517578,12.0971,12.922,5.269456,17.799459,25.477445,25.503365,83.96,84.749669,13459.796064,36386.0,156315.94
2024-06-03,12.260000228881836,12.260000228881836,12.020000457763672,12.119999885559082,108900,0.24,11.9399995803833,12.140000343322754,13.609999656677246,12.0943,12.8723,5.385576,13.933824,21.60752,21.607739,84.73,85.576129,13212.621178,38000.0,152386.31
2024-06-04,12.010000228881836,12.260000228881836,11.989999771118164,12.25,34700,0.27,12.119999885559082,12.100000381469728,13.029999732971191,12.1157,12.8463,5.385576,13.933824,21.60752,21.607739,84.73,85.576129,13212.621178,38000.0,152386.31
2024-06-05,12.3100004196167,12.329999923706056,12.010000228881836,12.0600004196167,62000,0.32,12.25,12.260000228881836,13.399999618530272,12.0871,12.8017,5.385576,13.933824,21.60752,21.607739,84.73,85.576129,13212.621178,38000.0,152386.31
2024-06-06,12.220000267028809,12.220000267028809,12.0600004196167,12.0600004196167,28300,0.16,12.0600004196167,12.0,13.15999984741211,12.0957,12.765,5.385576,13.933824,21.60752,21.607739,84.73,85.576129,13212.621178,38000.0,152386.31
2024-06-07,11.800000190734863,11.949999809265137,11.800000190734863,11.84000015258789,37800,0.15,12.0600004196167,12.079999923706056,13.020000457763672,12.0614,12.7257,5.385576,13.933824,21.60752,21.607739,84.73,85.576129,13212.621178,38000.0,152386.31
2024-06-10,11.579999923706056,11.800000190734863,11.460000038146973,11.460000038146973,264000,0.34,11.84000015258789,12.15999984741211,12.81999969482422,11.9614,12.6803,5.385576,13.933824,21.60752,21.607739,84.73,85.576129,13212.621178,38000.0,152386.31
2024-06-11,11.350000381469728,11.600000381469728,11.289999961853027,11.420000076293944,120700,0.31,11.460000038146973,11.9399995803833,12.600000381469728,11.8871,12.641,5.385576,13.933824,21.60752,21.607739,84.73,85.576129,13212.621178,38000.0,152386.31
2024-06-12,11.90999984741211,12.0,11.84000015258789,11.9399995803833,75400,0.16,11.420000076293944,12.119999885559082,12.710000038146973,11.8614,12.6153,5.385576,13.933824,21.60752,21.607739,84.73,85.576129,13212.621178,38000.0,152386.31
2024-06-13,12.100000381469728,12.300000190734863,11.934000015258787,12.119999885559082,41500,0.366,11.9399995803833,12.25,12.6899995803833,11.8429,12.5963,5.385576,13.933824,21.60752,21.607739,84.73,85.576129,13212.621178,38000.0,152386.31
2024-06-14,11.960000038146973,11.960000038146973,11.710000038146973,11.770000457763672,41500,0.25,12.119999885559082,12.0600004196167,13.460000038146973,11.8014,12.54,5.385576,13.933824,21.60752,21.607739,84.73,85.576129,13212.621178,38000.0,152386.31
2024-06-17,11.81999969482422,11.979999542236328,11.770000457763672,11.960000038146973,45800,0.21,11.770000457763672,12.0600004196167,13.449999809265137,11.7871,12.4903,5.385576,13.933824,21.60752,21.607739,84.73,85.576129,13212.621178,38000.0,152386.31
2024-06-18,11.68000030517578,11.869999885559082,11.68000030517578,11.869999885559082,36900,0.19,11.960000038146973,11.84000015258789,13.56999969482422,11.7914,12.4337,5.385576,13.933824,21.60752,21.607739,84.73,85.576129,13212.621178,38000.0,152386.31
2024-06-20,11.8100004196167,12.109999656677246,11.8100004196167,11.920000076293944,46900,0.3,11.869999885559082,11.460000038146973,14.600000381469728,11.8571,12.3443,5.385576,13.933824,21.60752,21.607739,84.73,85.576129,13212.621178,38000.0,152386.31
2024-06-21,11.920000076293944,12.0,11.779999732971191,11.779999732971191,19500,0.22,11.920000076293944,11.420000076293944,13.93000030517578,11.9086,12.2727,5.385576,13.933824,21.60752,21.607739,84.73,85.576129,13212.621178,38000.0,152386.31
2024-06-24,11.529999732971191,11.585000038146973,11.43000030517578,11.4399995803833,76200,0.155,11.779999732971191,11.9399995803833,13.65999984741211,11.8371,12.1987,5.385576,13.933824,21.60752,21.607739,84.73,85.576129,13212.621178,38000.0,152386.31
2024-06-25,11.199999809265137,11.461999893188477,11.199999809265137,11.399999618530272,26200,0.262,11.4399995803833,12.119999885559082,13.739999771118164,11.7343,12.1207,5.385576,13.933824,21.60752,21.607739,84.73,85.576129,13212.621178,38000.0,152386.31
2024-06-26,11.800000190734863,11.968000411987305,11.729999542236328,11.800000190734863,61900,0.238,11.399999618530272,11.770000457763672,13.270000457763672,11.7386,12.0717,5.385576,13.933824,21.60752,21.607739,84.73,85.576129,13212.621178,38000.0,152386.31
2024-06-27,12.0,12.039999961853027,11.850000381469728,11.920000076293944,84000,0.19,11.800000190734863,11.960000038146973,12.949999809265137,11.7329,12.0373,5.385576,13.933824,21.60752,21.607739,84.73,85.576129,13212.621178,38000.0,152386.31
2024-06-28,11.949999809265137,12.300000190734863,11.949999809265137,12.239999771118164,76400,0.35,11.920000076293944,11.869999885559082,12.619999885559082,11.7857,12.0247,5.385576,13.933824,21.60752,21.607739,84.73,85.576129,13212.621178,38000.0,152386.31
2024-07-01,12.479999542236328,12.5,12.33199977874756,12.5,125600,0.168,12.239999771118164,11.920000076293944,12.75,11.8686,12.0163,4.920332,14.810698,22.29425,22.296869,74.01,74.681889,13302.502955,33512.0,150436.28
2024-07-02,12.050000190734863,12.1899995803833,11.710000038146973,11.859999656677246,81500,0.48,12.5,11.779999732971191,12.729999542236328,11.88,11.9873,4.920332,14.810698,22.29425,22.296869,74.01,74.681889,13302.502955,33512.0,150436.28
2024-07-03,11.5,12.001999855041504,11.489999771118164,12.0,27700,0.512,11.859999656677246,11.4399995803833,12.829999923706056,11.96,11.9597,4.920332,14.810698,22.29425,22.296869,74.01,74.681889,13302.502955,33512.0,150436.28
2024-07-05,11.5600004196167,11.5600004196167,11.300000190734863,11.329999923706056,37800,0.26,12.0,11.399999618530272,12.380000114440918,11.95,11.9247,4.920332,14.810698,22.29425,22.296869,74.01,74.681889,13302.502955,33512.0,150436.28
2024-07-08,11.350000381469728,11.626999855041504,11.350000381469728,11.520000457763672,54900,0.277,11.329999923706056,11.800000190734863,12.140000343322754,11.91,11.904,4.920332,14.810698,22.29425,22.296869,74.01,74.681889,13302.502955,33512.0,150436.28
2024-07-09,11.460000038146973,11.65999984741211,11.460000038146973,11.65999984741211,19100,0.2,11.520000457763672,11.920000076293944,12.100000381469728,11.8729,11.8893,4.920332,14.810698,22.29425,22.296869,74.01,74.681889,13302.502955,33512.0,150436.28
2024-07-10,11.770000457763672,12.0,11.770000457763672,11.979999542236328,44300,0.23,11.65999984741211,12.239999771118164,12.260000228881836,11.8357,11.88,4.920332,14.810698,22.29425,22.296869,74.01,74.681889,13302.502955,33512.0,150436.28
2024-07-11,11.859999656677246,12.045000076293944,11.859999656677246,11.9399995803833,20400,0.185,11.979999542236328,12.5,12.0,11.7557,11.878,4.920332,14.810698,22.29425,22.296869,74.01,74.681889,13302.502955,33512.0,150436.28
2024-07-12,12.029999732971191,12.289999961853027,12.020000457763672,12.079999923706056,19200,0.27,11.9399995803833,11.859999656677246,12.079999923706056,11.7871,11.878,4.920332,14.810698,22.29425,22.296869,74.01,74.681889,13302.502955,33512.0,150436.28
2024-07-15,11.800000190734863,11.869999885559082,11.65999984741211,11.720000267028809,60900,0.21,12.079999923706056,12.0,12.15999984741211,11.7471,11.8633,4.920332,14.810698,22.29425,22.296869,74.01,74.681889,13302.502955,33512.0,150436.28
2024-07-16,11.710000038146973,11.710000038146973,11.460000038146973,11.600000381469728,23400,0.25,11.720000267028809,11.329999923706056,11.9399995803833,11.7857,11.852,4.920332,14.810698,22.29425,22.296869,74.01,74.681889,13302.502955,33512.0,150436.28
2024-07-17,11.630000114440918,11.850000381469728,11.609999656677246,11.6899995803833,39900,0.24,11.600000381469728,11.520000457763672,12.119999885559082,11.81,11.8377,4.920332,14.810698,22.29425,22.296869,74.01,74.681889,13302.502955,33512.0,150436.28
2024-07-18,11.789999961853027,11.84000015258789,11.710000038146973,11.800000190734863,34100,0.13,11.6899995803833,11.65999984741211,12.25,11.83,11.8227,4.920332,14.810698,22.29425,22.296869,74.01,74.681889,13302.502955,33512.0,150436.28
2024-07-19,11.850000381469728,11.850000381469728,11.710000038146973,11.760000228881836,26300,0.14,11.800000190734863,11.979999542236328,12.0600004196167,11.7986,11.8127,4.920332,14.810698,22.29425,22.296869,74.01,74.681889,13302.502955,33512.0,150436.28
2024-07-22,11.760000228881836,11.8149995803833,11.699999809265137,11.770000457763672,35200,0.115,11.760000228881836,11.9399995803833,12.0600004196167,11.7743,11.803,4.920332,14.810698,22.29425,22.296869,74.01,74.681889,13302.502955,33512.0,150436.28
2024-07-23,11.590999603271484,11.765000343322754,11.489999771118164,11.489999771118164,28800,0.275,11.770000457763672,12.079999923706056,11.84000015258789,11.69,11.7913,4.920332,14.810698,22.29425,22.296869,74.01,74.681889,13302.502955,33512.0,150436.28
2024-07-24,11.68000030517578,11.93000030517578,11.579999923706056,11.640000343322754,19100,0.35,11.489999771118164,11.720000267028809,11.460000038146973,11.6786,11.7973,4.920332,14.810698,22.29425,22.296869,74.01,74.681889,13302.502955,33512.0,150436.28
2024-07-25,11.460000038146973,11.475000381469728,11.300000190734863,11.359999656677246,23200,0.175,11.640000343322754,11.600000381469728,11.420000076293944,11.6443,11.7953,4.920332,14.810698,22.29425,22.296869,74.01,74.681889,13302.502955,33512.0,150436.28
2024-07-26,11.199999809265137,11.260000228881836,11.010000228881836,11.0600004196167,105500,0.25,11.359999656677246,11.6899995803833,11.9399995803833,11.5543,11.766,4.920332,14.810698,22.29425,22.296869,74.01,74.681889,13302.502955,33512.0,150436.28
2024-07-29,11.140000343322754,11.510000228881836,11.109999656677246,11.229999542236328,39500,0.4,11.0600004196167,11.800000190734863,12.119999885559082,11.4729,11.7363,4.920332,14.810698,22.29425,22.296869,74.01,74.681889,13302.502955,33512.0,150436.28
2024-07-30,10.899999618530272,10.989999771118164,10.779999732971191,10.829999923706056,58500,0.21,11.229999542236328,11.760000228881836,11.770000457763672,11.34,11.705,4.920332,14.810698,22.29425,22.296869,74.01,74.681889,13302.502955,33512.0,150436.28
2024-07-31,11.0,11.010000228881836,10.699999809265137,10.720000267028809,10900,0.31,10.829999923706056,11.770000457763672,11.960000038146973,11.19,11.6637,4.920332,14.810698,22.29425,22.296869,74.01,74.681889,13302.502955,33512.0,150436.28
2024-08-01,11.0,11.039999961853027,10.699999809265137,10.890000343322754,164100,0.34,10.720000267028809,11.489999771118164,11.869999885559082,11.1043,11.631,5.392932,13.900866,21.090729,21.090104,62.63,63.261721,13246.326844,33760.0,144216.75
2024-08-02,11.010000228881836,11.010000228881836,10.760000228881836,10.9399995803833,347100,0.25,10.890000343322754,11.640000343322754,11.920000076293944,11.0043,11.5983,5.392932,13.900866,21.090729,21.090104,62.63,63.261721,13246.326844,33760.0,144216.75
2024-08-05,11.0,11.0,10.600000381469728,10.770000457763672,47400,0.4,10.9399995803833,11.359999656677246,11.779999732971191,10.92,11.5647,5.392932,13.900866,21.090729,21.090104,62.63,63.261721,13246.326844,33760.0,144216.75
2024-08-06,10.9399995803833,10.979999542236328,10.904999732971191,10.979999542236328,14700,0.075,10.770000457763672,11.0600004196167,11.4399995803833,10.9086,11.5493,5.392932,13.900866,21.090729,21.090104,62.63,63.261721,13246.326844,33760.0,144216.75
2024-08-07,10.770000457763672,10.890000343322754,10.75,10.770000457763672,37000,0.14,10.979999542236328,11.229999542236328,11.399999618530272,10.8429,11.5283,5.392932,13.900866,21.090729,21.090104,62.63,63.261721,13246.326844,33760.0,144216.75
2024-08-08,10.779999732971191,10.899999618530272,10.765000343322754,10.899999618530272,5900,0.135,10.770000457763672,10.829999923706056,11.800000190734863,10.8529,11.4983,5.392932,13.900866,21.090729,21.090104,62.63,63.261721,13246.326844,33760.0,144216.75
2024-08-09,10.899999618530272,10.899999618530272,10.65999984741211,10.710000038146973,7000,0.24,10.899999618530272,10.720000267028809,11.920000076293944,10.8514,11.458,5.392932,13.900866,21.090729,21.090104,62.63,63.261721,13246.326844,33760.0,144216.75
2024-08-12,10.460000038146973,10.619999885559082,10.460000038146973,10.579999923706056,14800,0.16,10.710000038146973,10.890000343322754,12.239999771118164,10.8071,11.4027,5.392932,13.900866,21.090729,21.090104,62.63,63.261721,13246.326844,33760.0,144216.75
2024-08-13,10.732000350952148,10.899999618530272,10.732000350952148,10.829999923706056,28600,0.168,10.579999923706056,10.9399995803833,12.5,10.7914,11.347,5.392932,13.900866,21.090729,21.090104,62.63,63.261721,13246.326844,33760.0,144216.75
2024-08-14,10.899999618530272,11.06999969482422,10.899999618530272,10.899999618530272,11300,0.17,10.829999923706056,10.770000457763672,11.859999656677246,10.81,11.315,5.392932,13.900866,21.090729,21.090104,62.63,63.261721,13246.326844,33760.0,144216.75
2024-08-15,10.81999969482422,10.81999969482422,10.60099983215332,10.770000457763672,15700,0.219,10.899999618530272,10.979999542236328,12.0,10.78,11.274,5.392932,13.900866,21.090729,21.090104,62.63,63.261721,13246.326844,33760.0,144216.75
2024-08-16,10.829999923706056,10.829999923706056,10.649999618530272,10.6899995803833,23100,0.18,10.770000457763672,10.770000457763672,11.329999923706056,10.7686,11.2527,5.392932,13.900866,21.090729,21.090104,62.63,63.261721,13246.326844,33760.0,144216.75
2024-08-19,10.5600004196167,10.720000267028809,10.420000076293944,10.449999809265137,24400,0.3,10.6899995803833,10.899999618530272,11.520000457763672,10.7043,11.217,5.392932,13.900866,21.090729,21.090104,62.63,63.261721,13246.326844,33760.0,144216.75
2024-08-20,10.699999809265137,10.779999732971191,10.609999656677246,10.6899995803833,12100,0.17,10.449999809265137,10.710000038146973,11.65999984741211,10.7014,11.1847,5.392932,13.900866,21.090729,21.090104,62.63,63.261721,13246.326844,33760.0,144216.75
2024-08-21,10.8149995803833,10.8149995803833,10.699999809265137,10.800000190734863,22000,0.115,10.6899995803833,10.579999923706056,11.979999542236328,10.7329,11.1453,5.392932,13.900866,21.090729,21.090104,62.63,63.261721,13246.326844,33760.0,144216.75
2024-08-22,10.739999771118164,10.739999771118164,10.479999542236328,10.592000007629396,4200,0.26,10.800000190734863,10.829999923706056,11.9399995803833,10.6989,11.1004,5.392932,13.900866,21.090729,21.090104,62.63,63.261721,13246.326844,33760.0,144216.75
2024-08-23,10.600000381469728,10.609999656677246,10.40999984741211,10.40999984741211,10100,0.2,10.592000007629396,10.899999618530272,12.079999923706056,10.6289,11.0447,5.392932,13.900866,21.090729,21.090104,62.63,63.261721,13246.326844,33760.0,144216.75
2024-08-26,10.40999984741211,10.65999984741211,10.40999984741211,10.65999984741211,11700,0.25,10.40999984741211,10.770000457763672,11.720000267028809,10.6131,11.0094,5.392932,13.900866,21.090729,21.090104,62.63,63.261721,13246.326844,33760.0,144216.75
2024-08-27,10.479999542236328,10.75,10.479999542236328,10.6899995803833,13900,0.27,10.65999984741211,10.6899995803833,11.600000381469728,10.6131,10.9791,5.392932,13.900866,21.090729,21.090104,62.63,63.261721,13246.326844,33760.0,144216.75
2024-08-28,10.8100004196167,10.8100004196167,10.630000114440918,10.69499969482422,8800,0.18,10.6899995803833,10.449999809265137,11.6899995803833,10.6481,10.9459,5.392932,13.900866,21.090729,21.090104,62.63,63.261721,13246.326844,33760.0,144216.75
2024-08-29,10.829999923706056,11.16800022125244,10.829999923706056,11.140000343322754,15900,0.338,10.69499969482422,10.6899995803833,11.800000190734863,10.7124,10.9239,5.392932,13.900866,21.090729,21.090104,62.63,63.261721,13246.326844,33760.0,144216.75
2024-08-30,11.130000114440918,11.145000457763672,10.880000114440918,11.109999656677246,16600,0.265,11.140000343322754,10.800000190734863,11.760000228881836,10.7567,10.9022,5.392932,13.900866,21.090729,21.090104,62.63,63.261721,13246.326844,33760.0,144216.75
2024-09-03,10.9399995803833,10.9399995803833,10.489999771118164,10.5,19700,0.45,11.109999656677246,10.592000007629396,11.770000457763672,10.7436,10.8599,4.038405,12.63366,18.688178,18.687124,68.9,69.497734,13077.798513,34052.0,141367.4
2024-09-04,10.5,10.699999809265137,10.5,10.619999885559082,36300,0.2,10.5,10.40999984741211,11.489999771118164,10.7736,10.8309,4.038405,12.63366,18.688178,18.687124,68.9,69.497734,13077.798513,34052.0,141367.4
2024-09-05,10.72599983215332,10.800000190734863,10.710000038146973,10.739999771118164,23900,0.09,10.619999885559082,10.65999984741211,11.640000343322754,10.785,10.8009,4.038405,12.63366,18.688178,18.687124,68.9,69.497734,13077.798513,34052.0,141367.4
2024-09-06,10.75,10.885000228881836,10.6899995803833,10.739999771118164,20500,0.195,10.739999771118164,10.6899995803833,11.359999656677246,10.7921,10.7802,4.038405,12.63366,18.688178,18.687124,68.9,69.497734,13077.798513,34052.0,141367.4
2024-09-09,10.5600004196167,10.729999542236328,10.541000366210938,10.56999969482422,8900,0.189,10.739999771118164,10.69499969482422,11.0600004196167,10.7743,10.7639,4.038405,12.63366,18.688178,18.687124,68.9,69.497734,13077.798513,34052.0,141367.4
2024-09-10,10.3100004196167,10.600000381469728,10.3100004196167,10.5600004196167,5500,0.29,10.56999969482422,11.140000343322754,11.229999542236328,10.6914,10.7416,4.038405,12.63366,18.688178,18.687124,68.9,69.497734,13077.798513,34052.0,141367.4
2024-09-11,10.619999885559082,10.75,10.619999885559082,10.75,20000,0.13,10.5600004196167,11.109999656677246,10.829999923706056,10.64,10.7389,4.038405,12.63366,18.688178,18.687124,68.9,69.497734,13077.798513,34052.0,141367.4
2024-09-12,10.579999923706056,10.654999732971191,10.574999809265137,10.619999885559082,7200,0.08,10.75,10.5,10.720000267028809,10.6571,10.7356,4.038405,12.63366,18.688178,18.687124,68.9,69.497734,13077.798513,34052.0,141367.4
2024-09-13,10.31999969482422,10.449999809265137,10.25,10.270000457763672,18900,0.2,10.619999885559082,10.619999885559082,10.890000343322754,10.6071,10.7149,4.038405,12.63366,18.688178,18.687124,68.9,69.497734,13077.798513,34052.0,141367.4
2024-09-16,10.270000457763672,10.56999969482422,10.270000457763672,10.369999885559082,3800,0.3,10.270000457763672,10.739999771118164,10.9399995803833,10.5543,10.6959,4.038405,12.63366,18.688178,18.687124,68.9,69.497734,13077.798513,34052.0,141367.4
2024-09-17,10.300000190734863,10.43000030517578,10.300000190734863,10.350000381469728,7800,0.13,10.369999885559082,10.739999771118164,10.770000457763672,10.4986,10.6819,4.038405,12.63366,18.688178,18.687124,68.9,69.497734,13077.798513,34052.0,141367.4
2024-09-18,10.4399995803833,10.699999809265137,10.420000076293944,10.68000030517578,29200,0.28,10.350000381469728,10.56999969482422,10.979999542236328,10.5143,10.6719,4.038405,12.63366,18.688178,18.687124,68.9,69.497734,13077.798513,34052.0,141367.4
2024-09-19,10.710000038146973,10.81999969482422,10.529999732971191,10.56999969482422,24200,0.29,10.68000030517578,10.5600004196167,10.770000457763672,10.5157,10.6652,4.038405,12.63366,18.688178,18.687124,68.9,69.497734,13077.798513,34052.0,141367.4
2024-09-20,10.630000114440918,10.630000114440918,10.369999885559082,10.399999618530272,2900,0.26,10.56999969482422,10.75,10.899999618530272,10.4657,10.6486,4.038405,12.63366,18.688178,18.687124,68.9,69.497734,13077.798513,34052.0,141367.4
2024-09-23,10.489999771118164,10.68000030517578,10.489999771118164,10.619999885559082,24000,0.19,10.399999618530272,10.619999885559082,10.710000038146973,10.4657,10.6456,4.038405,12.63366,18.688178,18.687124,68.9,69.497734,13077.798513,34052.0,141367.4
2024-09-24,10.770000457763672,10.800000190734863,10.460000038146973,10.739999771118164,30100,0.34,10.619999885559082,10.270000457763672,10.579999923706056,10.5329,10.6509,4.038405,12.63366,18.688178,18.687124,68.9,69.497734,13077.798513,34052.0,141367.4
2024-09-25,10.65999984741211,10.65999984741211,10.479999542236328,10.649999618530272,28400,0.18,10.739999771118164,10.369999885559082,10.829999923706056,10.5729,10.6449,4.038405,12.63366,18.688178,18.687124,68.9,69.497734,13077.798513,34052.0,141367.4
2024-09-26,10.6899995803833,10.770000457763672,10.59000015258789,10.720000267028809,41800,0.18,10.649999618530272,10.350000381469728,10.899999618530272,10.6257,10.6389,4.038405,12.63366,18.688178,18.687124,68.9,69.497734,13077.798513,34052.0,141367.4
2024-09-27,10.56999969482422,10.56999969482422,10.43000030517578,10.449999809265137,27000,0.14,10.720000267028809,10.68000030517578,10.770000457763672,10.5929,10.6282,4.038405,12.63366,18.688178,18.687124,68.9,69.497734,13077.798513,34052.0,141367.4
2024-09-30,10.649999618530272,10.920000076293944,10.640000343322754,10.739999771118164,48900,0.28,10.449999809265137,10.56999969482422,10.6899995803833,10.6171,10.6299,4.038405,12.63366,18.688178,18.687124,68.9,69.497734,13077.798513,34052.0,141367.4
2024-10-01,10.279999732971191,10.369999885559082,10.109999656677246,10.1899995803833,252800,0.26,10.739999771118164,10.399999618530272,10.449999809265137,10.5871,10.6212,4.126972,13.74505,20.244765,20.242699,84.62,85.425863,13515.972175,35840.0,140471.42
2024-10-02,10.199999809265137,10.239999771118164,10.020000457763672,10.079999923706056,34400,0.22,10.1899995803833,10.619999885559082,10.6899995803833,10.51,10.6009,4.126972,13.74505,20.244765,20.242699,84.62,85.425863,13515.972175,35840.0,140471.42
2024-10-03,10.142999649047852,10.350000381469728,10.109999656677246,10.350000381469728,60600,0.24,10.079999923706056,10.739999771118164,10.800000190734863,10.4543,10.5859,4.126972,13.74505,20.244765,20.242699,84.62,85.425863,13515.972175,35840.0,140471.42
2024-10-04,10.380000114440918,10.449999809265137,10.220000267028809,10.260000228881836,14100,0.23,10.350000381469728,10.649999618530272,10.592000007629396,10.3986,10.5748,4.126972,13.74505,20.244765,20.242699,84.62,85.425863,13515.972175,35840.0,140471.42
2024-10-07,10.0600004196167,10.300000190734863,10.0600004196167,10.220000267028809,16900,0.24,10.260000228881836,10.720000267028809,10.40999984741211,10.3271,10.5685,4.126972,13.74505,20.244765,20.242699,84.62,85.425863,13515.972175,35840.0,140471.42
2024-10-08,9.920000076293944,9.920000076293944,9.619999885559082,9.789999961853027,51600,0.3,10.220000267028809,10.449999809265137,10.65999984741211,10.2329,10.5395,4.126972,13.74505,20.244765,20.242699,84.62,85.425863,13515.972175,35840.0,140471.42
2024-10-09,9.5,9.529999732971191,9.329999923706056,9.329999923706056,107200,0.2,9.789999961853027,10.739999771118164,10.6899995803833,10.0314,10.4942,4.126972,13.74505,20.244765,20.242699,84.62,85.425863,13515.972175,35840.0,140471.42
2024-10-10,9.420000076293944,9.619999885559082,9.399999618530272,9.539999961853027,147700,0.22,9.329999923706056,10.1899995803833,10.69499969482422,9.9386,10.4557,4.126972,13.74505,20.244765,20.242699,84.62,85.425863,13515.972175,35840.0,140471.42
2024-10-11,9.460000038146973,9.56999969482422,9.40999984741211,9.40999984741211,16900,0.16,9.539999961853027,10.079999923706056,11.140000343322754,9.8429,10.398,4.126972,13.74505,20.244765,20.242699,84.62,85.425863,13515.972175,35840.0,140471.42
2024-10-14,9.279999732971191,9.279999732971191,8.989999771118164,9.039999961853027,25200,0.29,9.40999984741211,10.350000381469728,11.109999656677246,9.6557,10.329,4.126972,13.74505,20.244765,20.242699,84.62,85.425863,13515.972175,35840.0,140471.42
2024-10-15,8.699999809265137,8.699999809265137,8.420000076293945,8.520000457763672,57600,0.28,9.039999961853027,10.260000228881836,10.5,9.4071,10.263,4.126972,13.74505,20.244765,20.242699,84.62,85.425863,13515.972175,35840.0,140471.42
2024-10-16,8.010000228881836,8.1899995803833,8.010000228881836,8.100000381469727,80000,0.18,8.520000457763672,10.220000267028809,10.619999885559082,9.1043,10.179,4.126972,13.74505,20.244765,20.242699,84.62,85.425863,13515.972175,35840.0,140471.42
2024-10-17,8.270000457763672,8.59000015258789,8.204000473022461,8.420000076293945,254000,0.386,8.100000381469727,9.789999961853027,10.739999771118164,8.9086,10.1017,4.126972,13.74505,20.244765,20.242699,84.62,85.425863,13515.972175,35840.0,140471.42
2024-10-18,8.345000267028809,8.45300006866455,8.201000213623047,8.220000267028809,20600,0.252,8.420000076293945,9.329999923706056,10.739999771118164,8.75,10.0177,4.126972,13.74505,20.244765,20.242699,84.62,85.425863,13515.972175,35840.0,140471.42
2024-10-21,8.0,8.020000457763672,7.909999847412109,7.929999828338623,286600,0.11,8.220000267028809,9.539999961853027,10.56999969482422,8.52,9.9297,4.126972,13.74505,20.244765,20.242699,84.62,85.425863,13515.972175,35840.0,140471.42
2024-10-22,7.815000057220459,8.029999732971191,7.775000095367432,7.929999828338623,66400,0.255,7.929999828338623,9.40999984741211,10.5600004196167,8.3086,9.842,4.126972,13.74505,20.244765,20.242699,84.62,85.425863,13515.972175,35840.0,140471.42
2024-10-23,7.96999979019165,8.100000381469727,7.965000152587891,8.0600004196167,30200,0.135,7.929999828338623,9.039999961853027,10.75,8.1686,9.7523,4.126972,13.74505,20.244765,20.242699,84.62,85.425863,13515.972175,35840.0,140471.42
2024-10-24,7.880000114440918,7.967999935150146,7.829999923706055,7.929999828338623,49100,0.138,8.0600004196167,8.520000457763672,10.619999885559082,8.0843,9.6627,4.126972,13.74505,20.244765,20.242699,84.62,85.425863,13515.972175,35840.0,140471.42
2024-10-25,7.760000228881836,7.900000095367432,7.760000228881836,7.809999942779541,29800,0.14,7.929999828338623,8.100000381469727,10.270000457763672,8.0429,9.5807,4.126972,13.74505,20.244765,20.242699,84.62,85.425863,13515.972175,35840.0,140471.42
2024-10-28,7.630000114440918,7.639999866485596,7.5,7.53000020980835,38200,0.14,7.809999942779541,8.420000076293945,10.369999885559082,7.9157,9.486,4.126972,13.74505,20.244765,20.242699,84.62,85.425863,13515.972175,35840.0,140471.42
2024-10-29,7.900000095367432,7.920000076293945,7.75,7.869999885559082,32400,0.17,7.53000020980835,8.220000267028809,10.350000381469728,7.8657,9.4033,4.126972,13.74505,20.244765,20.242699,84.62,85.425863,13515.972175,35840.0,140471.42
2024-10-30,7.539999961853027,7.699999809265137,7.420000076293945,7.480000019073486,74900,0.28,7.869999885559082,7.929999828338623,10.68000030517578,7.8014,9.2967,4.126972,13.74505,20.244765,20.242699,84.62,85.425863,13515.972175,35840.0,140471.42
2024-10-31,7.599999904632568,7.630000114440918,7.440000057220459,7.480000019073486,66600,0.19,7.480000019073486,7.929999828338623,10.56999969482422,7.7371,9.1937,4.126972,13.74505,20.244765,20.242699,84.62,85.425863,13515.972175,35840.0,140471.42
2024-11-01,7.400000095367432,7.53000020980835,7.400000095367432,7.46999979019165,23400,0.13,7.480000019073486,8.0600004196167,10.399999618530272,7.6529,9.096,4.623462,12.459142,19.34638,19.346381,90.81,91.586744,13212.621178,33830.0,124505.72
2024-11-04,7.519999980926514,7.789999961853027,7.519999980926514,7.78000020980835,46000,0.27,7.46999979019165,7.929999828338623,10.619999885559082,7.6314,9.0013,4.623462,12.459142,19.34638,19.346381,90.81,91.586744,13212.621178,33830.0,124505.72
2024-11-05,7.800000190734863,8.0600004196167,7.760000228881836,7.849999904632568,68200,0.3,7.78000020980835,7.809999942779541,10.739999771118164,7.6371,8.905,4.623462,12.459142,19.34638,19.346381,90.81,91.586744,13212.621178,33830.0,124505.72
2024-11-06,7.769999980926514,7.769999980926514,7.650000095367432,7.650000095367432,33800,0.12,7.849999904632568,7.53000020980835,10.649999618530272,7.6543,8.805,4.623462,12.459142,19.34638,19.346381,90.81,91.586744,13212.621178,33830.0,124505.72
2024-11-07,7.800000190734863,7.915999889373779,7.800000190734863,7.889999866485596,32600,0.116,7.650000095367432,7.869999885559082,10.720000267028809,7.6571,8.7107,4.623462,12.459142,19.34638,19.346381,90.81,91.586744,13212.621178,33830.0,124505.72
2024-11-08,8.100000381469727,8.180000305175781,8.020000457763672,8.149999618530273,49700,0.16,7.889999866485596,7.480000019073486,10.449999809265137,7.7529,8.634,4.623462,12.459142,19.34638,19.346381,90.81,91.586744,13212.621178,33830.0,124505.72
2024-11-11,8.5,8.609999656677246,8.430000305175781,8.460000038146973,97200,0.18,8.149999618530273,7.480000019073486,10.739999771118164,7.8929,8.558,4.623462,12.459142,19.34638,19.346381,90.81,91.586744,13212.621178,33830.0,124505.72
2024-11-12,8.550000190734863,8.649999618530273,8.279999732971191,8.300000190734863,132400,0.37,8.460000038146973,7.46999979019165,10.1899995803833,8.0114,8.495,4.623462,12.459142,19.34638,19.346381,90.81,91.586744,13212.621178,33830.0,124505.72
2024-11-13,8.350000381469727,8.510000228881836,8.350000381469727,8.489999771118164,25800,0.16,8.300000190734863,7.78000020980835,10.079999923706056,8.1129,8.442,4.623462,12.459142,19.34638,19.346381,90.81,91.586744,13212.621178,33830.0,124505.72
2024-11-14,8.5,8.5,8.270000457763672,8.449999809265137,44000,0.23,8.489999771118164,7.849999904632568,10.350000381469728,8.1986,8.3787,4.623462,12.459142,19.34638,19.346381,90.81,91.586744,13212.621178,33830.0,124505.72
2024-11-15,8.390000343322754,8.550000190734863,8.350000381469727,8.5,38100,0.2,8.449999809265137,7.650000095367432,10.260000228881836,8.32,8.32,4.623462,12.459142,19.34638,19.346381,90.81,91.586744,13212.621178,33830.0,124505.72
2024-11-18,8.020000457763672,8.104999542236328,7.880000114440918,7.989999771118164,149100,0.225,8.5,7.889999866485596,10.220000267028809,8.3343,8.2457,4.623462,12.459142,19.34638,19.346381,90.81,91.586744,13212.621178,33830.0,124505.72
2024-11-19,7.699999809265137,7.820000171661377,7.5,7.800000190734863,102400,0.32,7.989999771118164,8.149999618530273,9.789999961853027,8.2843,8.1793,4.623462,12.459142,19.34638,19.346381,90.81,91.586744,13212.621178,33830.0,124505.72
2024-11-20,7.75,7.75,7.657000064849853,7.664000034332275,28600,0.093,7.800000190734863,8.460000038146973,9.329999923706056,8.1706,8.1238,4.623462,12.459142,19.34638,19.346381,90.81,91.586744,13212.621178,33830.0,124505.72
2024-11-21,7.5,7.570000171661377,7.409999847412109,7.5,77500,0.16,7.664000034332275,8.300000190734863,9.539999961853027,8.0563,8.0558,4.623462,12.459142,19.34638,19.346381,90.81,91.586744,13212.621178,33830.0,124505.72
2024-11-22,7.320000171661377,7.320000171661377,7.199999809265137,7.230000019073486,359200,0.12,7.5,8.489999771118164,9.40999984741211,7.8763,7.9831,4.623462,12.459142,19.34638,19.346381,90.81,91.586744,13212.621178,33830.0,124505.72
2024-11-25,7.25,7.5,7.25,7.451000213623047,72800,0.25,7.230000019073486,8.449999809265137,9.039999961853027,7.7336,7.9302,4.623462,12.459142,19.34638,19.346381,90.81,91.586744,13212.621178,33830.0,124505.72
2024-11-26,7.25,7.409999847412109,7.25,7.409999847412109,31900,0.16,7.451000213623047,8.5,8.520000457763672,7.5779,7.8932,4.623462,12.459142,19.34638,19.346381,90.81,91.586744,13212.621178,33830.0,124505.72
2024-11-27,6.989999771118164,6.989999771118164,6.699999809265137,6.800000190734863,428300,0.29,7.409999847412109,7.989999771118164,8.100000381469727,7.4079,7.8498,4.623462,12.459142,19.34638,19.346381,90.81,91.586744,13212.621178,33830.0,124505.72
2024-11-29,6.570000171661377,6.690000057220459,6.510000228881836,6.650000095367432,205700,0.18,6.800000190734863,7.800000190734863,8.420000076293945,7.2436,7.7908,4.623462,12.459142,19.34638,19.346381,90.81,91.586744,13212.621178,33830.0,124505.72
2024-12-02,6.400000095367432,6.440000057220459,6.263999938964844,6.349999904632568,214500,0.176,6.650000095367432,7.664000034332275,8.220000267028809,7.0559,7.7285,3.534744,9.839147,15.809959,15.809963,97.94,98.874614,14302.437721,38170.0,130399.37
2024-12-03,6.269999980926514,6.460000038146973,6.224999904632568,6.349999904632568,192300,0.235,6.349999904632568,7.5,7.929999828338623,6.8916,7.6758,3.534744,9.839147,15.809959,15.809963,97.94,98.874614,14302.437721,38170.0,130399.37
2024-12-04,6.349999904632568,6.46999979019165,6.306000232696533,6.440000057220459,195600,0.164,6.349999904632568,7.230000019073486,7.929999828338623,6.7787,7.6262,3.534744,9.839147,15.809959,15.809963,97.94,98.874614,14302.437721,38170.0,130399.37
2024-12-05,6.53000020980835,6.690000057220459,6.53000020980835,6.619999885559082,120900,0.16,6.440000057220459,7.451000213623047,8.0600004196167,6.66,7.5782,3.534744,9.839147,15.809959,15.809963,97.94,98.874614,14302.437721,38170.0,130399.37
2024-12-06,6.480000019073486,6.510000228881836,6.460000038146973,6.489999771118164,58400,0.05,6.619999885559082,7.409999847412109,7.929999828338623,6.5286,7.5302,3.534744,9.839147,15.809959,15.809963,97.94,98.874614,14302.437721,38170.0,130399.37
2024-12-09,6.21999979019165,6.28000020980835,6.199999809265137,6.199999809265137,266200,0.08,6.489999771118164,6.800000190734863,7.809999942779541,6.4429,7.4765,3.534744,9.839147,15.809959,15.809963,97.94,98.874614,14302.437721,38170.0,130399.37
2024-12-10,6.150000095367432,6.150000095367432,6.005000114440918,6.019999980926514,101500,0.145,6.199999809265137,6.650000095367432,7.53000020980835,6.3529,7.4262,3.534744,9.839147,15.809959,15.809963,97.94,98.874614,14302.437721,38170.0,130399.37
2024-12-11,5.889999866485596,5.889999866485596,5.710000038146973,5.710000038146973,484200,0.18,6.019999980926514,6.349999904632568,7.869999885559082,6.2614,7.3542,3.534744,9.839147,15.809959,15.809963,97.94,98.874614,14302.437721,38170.0,130399.37
2024-12-12,5.710000038146973,5.929999828338623,5.710000038146973,5.900000095367432,520800,0.22,5.710000038146973,6.349999904632568,7.480000019073486,6.1971,7.3015,3.534744,9.839147,15.809959,15.809963,97.94,98.874614,14302.437721,38170.0,130399.37
2024-12-13,6.0,6.138999938964844,6.0,6.099999904632568,149400,0.139,5.900000095367432,6.440000057220459,7.480000019073486,6.1486,7.2555,3.534744,9.839147,15.809959,15.809963,97.94,98.874614,14302.437721,38170.0,130399.37
2024-12-16,6.199999809265137,6.25,6.050000190734863,6.070000171661377,161500,0.2,6.099999904632568,6.619999885559082,7.46999979019165,6.07,7.2088,3.534744,9.839147,15.809959,15.809963,97.94,98.874614,14302.437721,38170.0,130399.37
2024-12-17,5.900000095367432,5.96999979019165,5.775000095367432,5.849999904632568,211300,0.195,6.070000171661377,6.489999771118164,7.78000020980835,5.9786,7.1445,3.534744,9.839147,15.809959,15.809963,97.94,98.874614,14302.437721,38170.0,130399.37
2024-12-18,5.940000057220459,6.110000133514404,5.940000057220459,6.059999942779541,89800,0.17,5.849999904632568,6.199999809265137,7.849999904632568,5.9586,7.0848,3.534744,9.839147,15.809959,15.809963,97.94,98.874614,14302.437721,38170.0,130399.37
2024-12-19,6.010000228881836,6.03000020980835,5.989999771118164,6.010000228881836,56400,0.04,6.059999942779541,6.019999980926514,7.650000095367432,5.9571,7.0302,3.534744,9.839147,15.809959,15.809963,97.94,98.874614,14302.437721,38170.0,130399.37
2024-12-20,6.059999942779541,6.260000228881836,6.059999942779541,6.21999979019165,103200,0.2,6.010000228881836,5.710000038146973,7.889999866485596,6.03,6.9745,3.534744,9.839147,15.809959,15.809963,97.94,98.874614,14302.437721,38170.0,130399.37
2024-12-23,6.289999961853027,6.320000171661377,6.223999977111816,6.25,121800,0.096,6.21999979019165,5.900000095367432,8.149999618530273,6.08,6.9112,3.534744,9.839147,15.809959,15.809963,97.94,98.874614,14302.437721,38170.0,130399.37
2024-12-24,6.190000057220459,6.190000057220459,6.119999885559082,6.130000114440918,77300,0.07,6.25,6.099999904632568,8.460000038146973,6.0843,6.8335,3.534744,9.839147,15.809959,15.809963,97.94,98.874614,14302.437721,38170.0,130399.37
2024-12-26,6.099999904632568,6.130000114440918,6.050000190734863,6.065000057220459,72900,0.08,6.130000114440918,6.070000171661377,8.300000190734863,6.0836,6.759,3.534744,9.839147,15.809959,15.809963,97.94,98.874614,14302.437721,38170.0,130399.37
2024-12-27,6.076000213623047,6.099999904632568,6.050000190734863,6.099999904632568,37000,0.05,6.065000057220459,5.849999904632568,8.489999771118164,6.1193,6.6793,3.534744,9.839147,15.809959,15.809963,97.94,98.874614,14302.437721,38170.0,130399.37
2024-12-30,5.960000038146973,5.989999771118164,5.880000114440918,5.920000076293945,71700,0.11,6.099999904632568,6.059999942779541,8.449999809265137,6.0993,6.595,3.534744,9.839147,15.809959,15.809963,97.94,98.874614,14302.437721,38170.0,130399.37
2024-12-31,5.949999809265137,6.119999885559082,5.949999809265137,6.079999923706055,32600,0.17,5.920000076293945,6.010000228881836,8.5,6.1093,6.5143,3.534744,9.839147,15.809959,15.809963,97.94,98.874614,14302.437721,38170.0,130399.37
2025-01-02,6.210000038146973,6.269999980926514,6.119999885559082,6.25,44200,0.15,6.079999923706055,6.21999979019165,7.989999771118164,6.1136,6.4563,5.840195,14.346885,22.575391,22.575393,104.59,105.411158,14617.023939,42080.0,137499.05
2025-01-03,6.28000020980835,6.380000114440918,6.260000228881836,6.260000228881836,123000,0.12,6.25,6.25,7.800000190734863,6.115,6.405,5.840195,14.346885,22.575391,22.575393,104.59,105.411158,14617.023939,42080.0,137499.05
2025-01-06,5.989999771118164,6.0,5.699999809265137,5.820000171661377,393300,0.3,6.260000228881836,6.130000114440918,7.664000034332275,6.0707,6.3435,5.840195,14.346885,22.575391,22.575393,104.59,105.411158,14617.023939,42080.0,137499.05
2025-01-07,5.679999828338623,5.71999979019165,5.5,5.630000114440918,380100,0.22,5.820000171661377,6.065000057220459,7.5,6.0086,6.2812,5.840195,14.346885,22.575391,22.575393,104.59,105.411158,14617.023939,42080.0,137499.05
2025-01-08,5.599999904632568,5.630000114440918,5.5,5.550000190734863,181500,0.13,5.630000114440918,6.099999904632568,7.230000019073486,5.93,6.2252,5.840195,14.346885,22.575391,22.575393,104.59,105.411158,14617.023939,42080.0,137499.05
2025-01-10,6.070000171661377,6.96999979019165,6.010000228881836,6.699999809265137,173700,0.96,5.550000190734863,5.920000076293945,7.451000213623047,6.0414,6.2002,5.840195,14.346885,22.575391,22.575393,104.59,105.411158,14617.023939,42080.0,137499.05
2025-01-13,6.050000190734863,6.050000190734863,5.769999980926514,5.840000152587891,247900,0.28,6.699999809265137,6.079999923706055,7.409999847412109,6.0071,6.1478,5.840195,14.346885,22.575391,22.575393,104.59,105.411158,14617.023939,42080.0,137499.05
2025-01-14,5.914999961853027,6.150000095367432,5.9070000648498535,6.130000114440918,132700,0.243,5.840000152587891,6.25,6.800000190734863,5.99,6.1255,5.840195,14.346885,22.575391,22.575393,104.59,105.411158,14617.023939,42080.0,137499.05
2025-01-15,5.949999809265137,6.139999866485596,5.840000152587891,5.889999866485596,161000,0.3,6.130000114440918,6.260000228881836,6.650000095367432,5.9371,6.1002,5.840195,14.346885,22.575391,22.575393,104.59,105.411158,14617.023939,42080.0,137499.05
2025-01-16,5.800000190734863,5.800000190734863,5.71999979019165,5.730000019073486,102500,0.08,5.889999866485596,5.820000171661377,6.349999904632568,5.9243,6.0795,5.840195,14.346885,22.575391,22.575393,104.59,105.411158,14617.023939,42080.0,137499.05
2025-01-17,5.699999809265137,5.730000019073486,5.639999866485596,5.71999979019165,99700,0.09,5.730000019073486,5.630000114440918,6.349999904632568,5.9371,6.0585,5.840195,14.346885,22.575391,22.575393,104.59,105.411158,14617.023939,42080.0,137499.05
2025-01-21,5.53000020980835,5.619999885559082,5.458000183105469,5.610000133514404,329800,0.162,5.71999979019165,5.550000190734863,6.440000057220459,5.9457,6.0308,5.840195,14.346885,22.575391,22.575393,104.59,105.411158,14617.023939,42080.0,137499.05
2025-01-22,5.420000076293945,5.440000057220459,5.235000133514404,5.28000020980835,727000,0.205,5.610000133514404,6.699999809265137,6.619999885559082,5.7429,5.9862,5.840195,14.346885,22.575391,22.575393,104.59,105.411158,14617.023939,42080.0,137499.05
2025-01-23,5.179999828338623,5.249000072479248,5.099999904632568,5.139999866485596,420600,0.149,5.28000020980835,5.840000152587891,6.489999771118164,5.6429,5.9412,5.840195,14.346885,22.575391,22.575393,104.59,105.411158,14617.023939,42080.0,137499.05
2025-01-24,5.130000114440918,5.210000038146973,5.059999942779541,5.139999866485596,659200,0.15,5.139999866485596,6.130000114440918,6.199999809265137,5.5014,5.9058,5.840195,14.346885,22.575391,22.575393,104.59,105.411158,14617.023939,42080.0,137499.05
2025-01-27,5.28000020980835,5.349999904632568,5.150000095367432,5.320000171661377,351400,0.2,5.139999866485596,5.889999866485596,6.019999980926514,5.42,5.8825,5.840195,14.346885,22.575391,22.575393,104.59,105.411158,14617.023939,42080.0,137499.05
2025-01-28,5.320000171661377,5.329999923706055,5.260000228881836,5.28000020980835,354300,0.07,5.320000171661377,5.730000019073486,5.710000038146973,5.3557,5.8682,5.840195,14.346885,22.575391,22.575393,104.59,105.411158,14617.023939,42080.0,137499.05
2025-01-29,5.289999961853027,5.389999866485596,5.260000228881836,5.320000171661377,421400,0.13,5.28000020980835,5.71999979019165,5.900000095367432,5.2986,5.8488,5.840195,14.346885,22.575391,22.575393,104.59,105.411158,14617.023939,42080.0,137499.05
2025-01-30,5.449999809265137,5.539999961853027,5.409999847412109,5.489999771118164,490800,0.13,5.320000171661377,5.610000133514404,6.099999904632568,5.2814,5.8285,5.840195,14.346885,22.575391,22.575393,104.59,105.411158,14617.023939,42080.0,137499.05
2025-01-31,5.710000038146973,5.78000020980835,5.690000057220459,5.769999980926514,388200,0.09,5.489999771118164,5.28000020980835,6.070000171661377,5.3514,5.8185,5.840195,14.346885,22.575391,22.575393,104.59,105.411158,14617.023939,42080.0,137499.05
2025-02-03,5.659999847412109,5.659999847412109,5.440000057220459,5.46999979019165,265500,0.22,5.769999980926514,5.139999866485596,5.849999904632568,5.3986,5.8058,4.359653,11.432669,17.997171,17.997172,98.25,99.250278,13774.382283,41070.0,131540.24
2025-02-04,5.880000114440918,5.920000076293945,5.800000190734863,5.869999885559082,210300,0.12,5.46999979019165,5.139999866485596,6.059999942779541,5.5029,5.7995,4.359653,11.432669,17.997171,17.997172,98.25,99.250278,13774.382283,41070.0,131540.24
2025-02-05,6.0,6.0,5.869999885559082,5.989999771118164,177900,0.13,5.869999885559082,5.320000171661377,6.010000228881836,5.5986,5.7988,4.359653,11.432669,17.997171,17.997172,98.25,99.250278,13774.382283,41070.0,131540.24
2025-02-06,5.869999885559082,5.869999885559082,5.7210001945495605,5.800000190734863,198300,0.149,5.989999771118164,5.28000020980835,6.21999979019165,5.6729,5.7848,4.359653,11.432669,17.997171,17.997172,98.25,99.250278,13774.382283,41070.0,131540.24
2025-02-07,5.840000152587891,5.860000133514404,5.789999961853027,5.860000133514404,103200,0.07,5.800000190734863,5.320000171661377,6.25,5.75,5.7718,4.359653,11.432669,17.997171,17.997172,98.25,99.250278,13774.382283,41070.0,131540.24
2025-02-10,5.75,5.800000190734863,5.699999809265137,5.78000020980835,131500,0.1,5.860000133514404,5.489999771118164,6.130000114440918,5.7914,5.7602,4.359653,11.432669,17.997171,17.997172,98.25,99.250278,13774.382283,41070.0,131540.24
2025-02-11,5.699999809265137,5.699999809265137,5.550000190734863,5.679999828338623,194000,0.15,5.78000020980835,5.769999980926514,6.065000057220459,5.7786,5.7473,4.359653,11.432669,17.997171,17.997172,98.25,99.250278,13774.382283,41070.0,131540.24
2025-02-12,5.5,5.53000020980835,5.400000095367432,5.510000228881836,359700,0.13,5.679999828338623,5.46999979019165,6.099999904632568,5.7843,5.7277,4.359653,11.432669,17.997171,17.997172,98.25,99.250278,13774.382283,41070.0,131540.24
2025-02-13,5.599999904632568,5.619999885559082,5.5,5.5,237100,0.12,5.510000228881836,5.869999885559082,5.920000076293945,5.7314,5.7137,4.359653,11.432669,17.997171,17.997172,98.25,99.250278,13774.382283,41070.0,131540.24
2025-02-14,5.610000133514404,5.730000019073486,5.604000091552734,5.639999866485596,174000,0.126,5.5,5.989999771118164,6.079999923706055,5.6814,5.699,4.359653,11.432669,17.997171,17.997172,98.25,99.250278,13774.382283,41070.0,131540.24
2025-02-18,6.0,6.110000133514404,5.960000038146973,6.079999923706055,434800,0.15,5.639999866485596,5.800000190734863,6.25,5.7214,5.6933,4.359653,11.432669,17.997171,17.997172,98.25,99.250278,13774.382283,41070.0,131540.24
2025-02-19,6.050000190734863,6.15399980545044,5.909999847412109,5.989999771118164,313700,0.244,6.079999923706055,5.860000133514404,6.260000228881836,5.74,5.6843,4.359653,11.432669,17.997171,17.997172,98.25,99.250278,13774.382283,41070.0,131540.24
2025-02-20,6.260000228881836,6.480000019073486,6.21999979019165,6.449999809265137,504900,0.26,5.989999771118164,5.78000020980835,5.820000171661377,5.8357,5.7053,4.359653,11.432669,17.997171,17.997172,98.25,99.250278,13774.382283,41070.0,131540.24
2025-02-21,6.300000190734863,6.34499979019165,6.25,6.320000171661377,229100,0.095,6.449999809265137,5.679999828338623,5.630000114440918,5.9271,5.7283,4.359653,11.432669,17.997171,17.997172,98.25,99.250278,13774.382283,41070.0,131540.24
2025-02-24,6.21999979019165,6.21999979019165,6.050000190734863,6.090000152587891,304100,0.17,6.320000171661377,5.510000228881836,5.550000190734863,6.01,5.7463,4.359653,11.432669,17.997171,17.997172,98.25,99.250278,13774.382283,41070.0,131540.24
2025-02-25,6.309999942779541,6.340000152587891,6.210000038146973,6.260000228881836,166700,0.13,6.090000152587891,5.5,6.699999809265137,6.1186,5.7317,4.359653,11.432669,17.997171,17.997172,98.25,99.250278,13774.382283,41070.0,131540.24
2025-02-26,6.349999904632568,6.420000076293945,6.21999979019165,6.400000095367432,332500,0.2,6.260000228881836,5.639999866485596,5.840000152587891,6.2271,5.7503,4.359653,11.432669,17.997171,17.997172,98.25,99.250278,13774.382283,41070.0,131540.24
2025-02-27,6.28000020980835,6.28000020980835,6.139999866485596,6.170000076293945,117300,0.14,6.400000095367432,6.079999923706055,6.130000114440918,6.24,5.7517,4.359653,11.432669,17.997171,17.997172,98.25,99.250278,13774.382283,41070.0,131540.24
2025-02-28,6.440000057220459,6.440000057220459,6.340000152587891,6.400000095367432,110000,0.1,6.170000076293945,5.989999771118164,5.889999866485596,6.2986,5.7687,4.359653,11.432669,17.997171,17.997172,98.25,99.250278,13774.382283,41070.0,131540.24
2025-03-03,6.300000190734863,6.349999904632568,6.150000095367432,6.150000095367432,118100,0.2,6.400000095367432,6.449999809265137,5.730000019073486,6.2557,5.7827,4.411575,14.151347,20.784556,20.784505,118.52,119.611235,15291.137265,46820.0,148485.29
2025-03-04,5.96999979019165,6.079999923706055,5.877999782562256,6.0,168600,0.202,6.150000095367432,6.320000171661377,5.71999979019165,6.21,5.792,4.411575,14.151347,20.784556,20.784505,118.52,119.611235,15291.137265,46820.0,148485.29
2025-03-05,6.230000019073486,6.289999961853027,6.110000133514404,6.289999961853027,340500,0.18,6.0,6.090000152587891,5.610000133514404,6.2386,5.8147,4.411575,14.151347,20.784556,20.784505,118.52,119.611235,15291.137265,46820.0,148485.29
2025-03-06,6.409999847412109,6.5,6.400000095367432,6.5,172400,0.1,6.289999961853027,6.260000228881836,5.28000020980835,6.2729,5.8553,4.411575,14.151347,20.784556,20.784505,118.52,119.611235,15291.137265,46820.0,148485.29
2025-03-07,6.599999904632568,6.599999904632568,6.53000020980835,6.570000171661377,148800,0.07,6.5,6.400000095367432,5.139999866485596,6.2971,5.903,4.411575,14.151347,20.784556,20.784505,118.52,119.611235,15291.137265,46820.0,148485.29
2025-03-10,6.570000171661377,6.699999809265137,6.519999980926514,6.550000190734863,282000,0.18,6.570000171661377,6.170000076293945,5.139999866485596,6.3514,5.95,4.411575,14.151347,20.784556,20.784505,118.52,119.611235,15291.137265,46820.0,148485.29
2025-03-11,6.539999961853027,6.699999809265137,6.53000020980835,6.679999828338623,194300,0.17,6.550000190734863,6.400000095367432,5.320000171661377,6.3914,5.9953,4.411575,14.151347,20.784556,20.784505,118.52,119.611235,15291.137265,46820.0,148485.29
2025-03-12,7.050000190734863,7.199999809265137,7.010000228881836,7.139999866485596,435700,0.19,6.679999828338623,6.150000095367432,5.28000020980835,6.5329,6.0573,4.411575,14.151347,20.784556,20.784505,118.52,119.611235,15291.137265,46820.0,148485.29
2025-03-13,7.059999942779541,7.09499979019165,6.78000020980835,6.849999904632568,178300,0.315,7.139999866485596,6.0,5.320000171661377,6.6543,6.1083,4.411575,14.151347,20.784556,20.784505,118.52,119.611235,15291.137265,46820.0,148485.29
2025-03-14,6.980000019073486,6.995999813079834,6.896999835968018,6.949999809265137,117300,0.099,6.849999904632568,6.289999961853027,5.489999771118164,6.7486,6.157,4.411575,14.151347,20.784556,20.784505,118.52,119.611235,15291.137265,46820.0,148485.29
2025-03-17,6.960000038146973,6.960000038146973,6.659999847412109,6.860000133514404,200900,0.3,6.949999809265137,6.5,5.769999980926514,6.8,6.1933,4.411575,14.151347,20.784556,20.784505,118.52,119.611235,15291.137265,46820.0,148485.29
2025-03-18,6.650000095367432,6.760000228881836,6.539999961853027,6.730000019073486,385300,0.22,6.860000133514404,6.570000171661377,5.46999979019165,6.8229,6.2353,4.411575,14.151347,20.784556,20.784505,118.52,119.611235,15291.137265,46820.0,148485.29
2025-03-19,6.559999942779541,6.559999942779541,6.380000114440918,6.5,158600,0.18,6.730000019073486,6.550000190734863,5.869999885559082,6.8157,6.2563,4.411575,14.151347,20.784556,20.784505,118.52,119.611235,15291.137265,46820.0,148485.29
2025-03-20,6.670000076293945,6.849999904632568,6.622000217437744,6.775000095367432,111000,0.228,6.5,6.679999828338623,5.989999771118164,6.8293,6.2825,4.411575,14.151347,20.784556,20.784505,118.52,119.611235,15291.137265,46820.0,148485.29
2025-03-21,6.769999980926514,6.953999996185303,6.769999980926514,6.909999847412109,125300,0.184,6.775000095367432,7.139999866485596,5.800000190734863,6.7964,6.3195,4.411575,14.151347,20.784556,20.784505,118.52,119.611235,15291.137265,46820.0,148485.29
2025-03-24,6.829999923706055,6.829999923706055,6.670000076293945,6.75,91000,0.16,6.909999847412109,6.849999904632568,5.860000133514404,6.7821,6.3492,4.411575,14.151347,20.784556,20.784505,118.52,119.611235,15291.137265,46820.0,148485.29
2025-03-25,6.670000076293945,6.724999904632568,6.5,6.510000228881836,156500,0.225,6.75,6.949999809265137,5.78000020980835,6.7193,6.3735,4.411575,14.151347,20.784556,20.784505,118.52,119.611235,15291.137265,46820.0,148485.29
2025-03-26,6.489999771118164,6.507999897003174,6.369999885559082,6.400000095367432,112400,0.138,6.510000228881836,6.860000133514404,5.679999828338623,6.6536,6.3975,4.411575,14.151347,20.784556,20.784505,118.52,119.611235,15291.137265,46820.0,148485.29
2025-03-27,6.380000114440918,6.480000019073486,6.340000152587891,6.349999904632568,73900,0.14,6.400000095367432,6.730000019073486,5.510000228881836,6.5993,6.4255,4.411575,14.151347,20.784556,20.784505,118.52,119.611235,15291.137265,46820.0,148485.29
2025-03-28,6.429999828338623,6.442999839782715,6.159999847412109,6.360000133514404,158100,0.283,6.349999904632568,6.5,5.5,6.5793,6.4542,4.411575,14.151347,20.784556,20.784505,118.52,119.611235,15291.137265,46820.0,148485.29
2025-03-31,6.260000228881836,6.300000190734863,6.210000038146973,6.25,107000,0.09,6.360000133514404,6.775000095367432,5.639999866485596,6.5043,6.4745,4.411575,14.151347,20.784556,20.784505,118.52,119.611235,15291.137265,46820.0,148485.29
2025-04-01,6.400000095367432,6.550000190734863,6.369999885559082,6.5,69300,0.18,6.25,6.909999847412109,6.079999923706055,6.4457,6.4885,5.927031,16.137725,24.644898,24.644903,81.66,82.420556,14414.789942,39220.0,147485.53
2025-04-02,6.449999809265137,6.539999961853027,6.340000152587891,6.369999885559082,66900,0.2,6.5,6.75,5.989999771118164,6.3914,6.5012,5.927031,16.137725,24.644898,24.644903,81.66,82.420556,14414.789942,39220.0,147485.53
2025-04-03,6.190000057220459,6.190000057220459,5.929999828338623,6.019999980926514,419500,0.26,6.369999885559082,6.510000228881836,6.449999809265137,6.3214,6.4868,5.927031,16.137725,24.644898,24.644903,81.66,82.420556,14414.789942,39220.0,147485.53
2025-04-04,5.760000228881836,5.849999904632568,5.559999942779541,5.619999885559082,611800,0.29,6.019999980926514,6.400000095367432,6.320000171661377,6.21,6.4635,5.927031,16.137725,24.644898,24.644903,81.66,82.420556,14414.789942,39220.0,147485.53
2025-04-07,5.269999980926514,5.546999931335449,5.25,5.380000114440918,592500,0.297,5.619999885559082,6.349999904632568,6.090000152587891,6.0714,6.4398,5.927031,16.137725,24.644898,24.644903,81.66,82.420556,14414.789942,39220.0,147485.53
2025-04-08,5.449999809265137,5.449999809265137,5.315000057220459,5.360000133514404,245500,0.135,5.380000114440918,6.360000133514404,6.260000228881836,5.9286,6.4098,5.927031,16.137725,24.644898,24.644903,81.66,82.420556,14414.789942,39220.0,147485.53
2025-04-09,5.21999979019165,5.449999809265137,5.109000205993652,5.329999923706055,435900,0.341,5.360000133514404,6.25,6.400000095367432,5.7971,6.3742,5.927031,16.137725,24.644898,24.644903,81.66,82.420556,14414.789942,39220.0,147485.53
2025-04-10,5.570000171661377,5.639999866485596,5.449999809265137,5.599999904632568,284600,0.19,5.329999923706055,6.5,6.170000076293945,5.6686,6.3552,5.927031,16.137725,24.644898,24.644903,81.66,82.420556,14414.789942,39220.0,147485.53
2025-04-11,5.599999904632568,5.710000038146973,5.53000020980835,5.630000114440918,83200,0.18,5.599999904632568,6.369999885559082,6.400000095367432,5.5629,6.3295,5.927031,16.137725,24.644898,24.644903,81.66,82.420556,14414.789942,39220.0,147485.53
2025-04-14,5.820000171661377,5.869999885559082,5.710000038146973,5.75,220800,0.16,5.630000114440918,6.019999980926514,6.150000095367432,5.5243,6.3162,5.927031,16.137725,24.644898,24.644903,81.66,82.420556,14414.789942,39220.0,147485.53
2025-04-15,5.760000228881836,5.760000228881836,5.681000232696533,5.690000057220459,57700,0.079,5.75,5.619999885559082,6.0,5.5343,6.3058,5.927031,16.137725,24.644898,24.644903,81.66,82.420556,14414.789942,39220.0,147485.53
2025-04-16,5.71999979019165,5.75,5.690000057220459,5.71999979019165,182100,0.06,5.690000057220459,5.380000114440918,6.289999961853027,5.5829,6.2868,5.927031,16.137725,24.644898,24.644903,81.66,82.420556,14414.789942,39220.0,147485.53
2025-04-17,5.760000228881836,5.769999980926514,5.71999979019165,5.739999771118164,36700,0.05,5.71999979019165,5.360000133514404,6.5,5.6371,6.2615,5.927031,16.137725,24.644898,24.644903,81.66,82.420556,14414.789942,39220.0,147485.53
2025-04-21,5.75,5.769999980926514,5.699999809265137,5.730000019073486,76000,0.07,5.739999771118164,5.329999923706055,6.570000171661377,5.6943,6.2335,5.927031,16.137725,24.644898,24.644903,81.66,82.420556,14414.789942,39220.0,147485.53
2025-04-22,5.739999771118164,5.739999771118164,5.590000152587891,5.599999904632568,78600,0.15,5.730000019073486,5.599999904632568,6.550000190734863,5.6943,6.2018,5.927031,16.137725,24.644898,24.644903,81.66,82.420556,14414.789942,39220.0,147485.53
2025-04-23,5.908999919891357,6.03000020980835,5.880000114440918,5.880000114440918,174800,0.15,5.599999904632568,5.630000114440918,6.679999828338623,5.73,6.1752,5.927031,16.137725,24.644898,24.644903,81.66,82.420556,14414.789942,39220.0,147485.53
2025-04-24,5.949999809265137,5.96999979019165,5.809999942779541,5.829999923706055,43100,0.16,5.880000114440918,5.75,7.139999866485596,5.7414,6.1315,5.927031,16.137725,24.644898,24.644903,81.66,82.420556,14414.789942,39220.0,147485.53
2025-04-25,5.900000095367432,6.0,5.900000095367432,5.920000076293945,116000,0.1,5.829999923706055,5.690000057220459,6.849999904632568,5.7743,6.1005,5.927031,16.137725,24.644898,24.644903,81.66,82.420556,14414.789942,39220.0,147485.53
2025-04-28,5.929999828338623,5.929999828338623,5.78000020980835,5.78000020980835,73600,0.15,5.920000076293945,5.71999979019165,6.949999809265137,5.7829,6.0615,5.927031,16.137725,24.644898,24.644903,81.66,82.420556,14414.789942,39220.0,147485.53
2025-04-29,5.75,5.764999866485596,5.570000171661377,5.570000171661377,87600,0.195,5.78000020980835,5.739999771118164,6.860000133514404,5.7586,6.0185,5.927031,16.137725,24.644898,24.644903,81.66,82.420556,14414.789942,39220.0,147485.53
2025-04-30,5.650000095367432,5.800000190734863,5.650000095367432,5.764999866485596,35000,0.15,5.570000171661377,5.730000019073486,6.730000019073486,5.7636,5.9863,5.927031,16.137725,24.644898,24.644903,81.66,82.420556,14414.789942,39220.0,147485.53
2025-05-01,5.880000114440918,5.949999809265137,5.800000190734863,5.949999809265137,67300,0.15,5.764999866485596,5.599999904632568,6.5,5.8136,5.968,5.392098,17.33761,25.485017,25.509547,86.36,87.153915,14695.670494,39820.0,148673.14
2025-05-02,5.829999923706055,5.940000057220459,5.78000020980835,5.840000152587891,107100,0.16,5.949999809265137,5.880000114440918,6.775000095367432,5.8079,5.9368,5.392098,17.33761,25.485017,25.509547,86.36,87.153915,14695.670494,39820.0,148673.14
2025-05-05,5.840000152587891,5.914000034332275,5.840000152587891,5.914000034332275,25900,0.074,5.840000152587891,5.829999923706055,6.909999847412109,5.8199,5.9036,5.392098,17.33761,25.485017,25.509547,86.36,87.153915,14695.670494,39820.0,148673.14
2025-05-06,5.71999979019165,5.71999979019165,5.599999904632568,5.619999885559082,66000,0.12,5.914000034332275,5.920000076293945,6.75,5.777,5.866,5.392098,17.33761,25.485017,25.509547,86.36,87.153915,14695.670494,39820.0,148673.14
2025-05-07,5.668000221252441,5.668000221252441,5.570000171661377,5.619999885559082,20100,0.098,5.619999885559082,5.78000020980835,6.510000228881836,5.7541,5.8363,5.392098,17.33761,25.485017,25.509547,86.36,87.153915,14695.670494,39820.0,148673.14
2025-05-08,5.480000019073486,5.53000020980835,5.389999866485596,5.420000076293945,250500,0.14,5.619999885559082,5.570000171661377,6.400000095367432,5.7327,5.8036,5.392098,17.33761,25.485017,25.509547,86.36,87.153915,14695.670494,39820.0,148673.14
2025-05-09,5.429999828338623,5.46999979019165,5.389999866485596,5.429999828338623,137000,0.08,5.420000076293945,5.764999866485596,6.349999904632568,5.6849,5.773,5.392098,17.33761,25.485017,25.509547,86.36,87.153915,14695.670494,39820.0,148673.14
2025-05-12,5.590000152587891,5.590000152587891,5.525000095367432,5.539999961853027,237900,0.065,5.429999828338623,5.949999809265137,6.360000133514404,5.6263,5.7456,5.392098,17.33761,25.485017,25.509547,86.36,87.153915,14695.670494,39820.0,148673.14
2025-05-13,5.369999885559082,5.425000190734863,5.300000190734863,5.300000190734863,414300,0.125,5.539999961853027,5.840000152587891,6.25,5.5491,5.714,5.392098,17.33761,25.485017,25.509547,86.36,87.153915,14695.670494,39820.0,148673.14
2025-05-14,5.409999847412109,5.480000019073486,5.359000205993652,5.460000038146973,126400,0.121,5.300000190734863,5.914000034332275,6.5,5.4843,5.6793,5.392098,17.33761,25.485017,25.509547,86.36,87.153915,14695.670494,39820.0,148673.14
2025-05-15,5.53000020980835,5.550000190734863,5.480000019073486,5.550000190734863,107700,0.07,5.460000038146973,5.619999885559082,6.369999885559082,5.4743,5.652,5.392098,17.33761,25.485017,25.509547,86.36,87.153915,14695.670494,39820.0,148673.14
2025-05-16,5.599999904632568,5.605000019073486,5.46999979019165,5.504000186920166,86900,0.135,5.550000190734863,5.619999885559082,6.019999980926514,5.4577,5.6348,5.392098,17.33761,25.485017,25.509547,86.36,87.153915,14695.670494,39820.0,148673.14
2025-05-19,5.360000133514404,5.369999885559082,5.300000190734863,5.309999942779541,286600,0.07,5.504000186920166,5.420000076293945,5.619999885559082,5.442,5.6244,5.392098,17.33761,25.485017,25.509547,86.36,87.153915,14695.670494,39820.0,148673.14
2025-05-20,5.400000095367432,5.400000095367432,5.349999904632568,5.360000133514404,31200,0.05,5.309999942779541,5.429999828338623,5.380000114440918,5.432,5.6238,5.392098,17.33761,25.485017,25.509547,86.36,87.153915,14695.670494,39820.0,148673.14
2025-05-21,5.289999961853027,5.369999885559082,5.261000156402588,5.340000152587891,96100,0.109,5.360000133514404,5.539999961853027,5.360000133514404,5.4034,5.6231,5.392098,17.33761,25.485017,25.509547,86.36,87.153915,14695.670494,39820.0,148673.14
2025-05-22,5.25,5.271999835968018,5.199999809265137,5.210000038146973,145800,0.072,5.340000152587891,5.300000190734863,5.329999923706055,5.3906,5.6191,5.392098,17.33761,25.485017,25.509547,86.36,87.153915,14695.670494,39820.0,148673.14
2025-05-23,5.199999809265137,5.210000038146973,5.150000095367432,5.150000095367432,112100,0.06,5.210000038146973,5.460000038146973,5.599999904632568,5.3463,5.6041,5.392098,17.33761,25.485017,25.509547,86.36,87.153915,14695.670494,39820.0,148673.14
2025-05-27,5.039999961853027,5.150000095367432,5.03000020980835,5.150000095367432,217800,0.12,5.150000095367432,5.550000190734863,5.630000114440918,5.2891,5.5881,5.392098,17.33761,25.485017,25.509547,86.36,87.153915,14695.670494,39820.0,148673.14
2025-05-28,5.119999885559082,5.179999828338623,5.119999885559082,5.166999816894531,79400,0.06,5.150000095367432,5.504000186920166,5.75,5.241,5.5687,5.392098,17.33761,25.485017,25.509547,86.36,87.153915,14695.670494,39820.0,148673.14
2025-05-29,5.239999771118164,5.239999771118164,5.109000205993652,5.190000057220459,170700,0.131,5.166999816894531,5.309999942779541,5.690000057220459,5.2239,5.552,5.392098,17.33761,25.485017,25.509547,86.36,87.153915,14695.670494,39820.0,148673.14
2025-05-30,5.230000019073486,5.230000019073486,5.120999813079834,5.190000057220459,53500,0.109,5.190000057220459,5.360000133514404,5.71999979019165,5.1996,5.5343,5.392098,17.33761,25.485017,25.509547,86.36,87.153915,14695.670494,39820.0,148673.14
2025-06-02,5.210000038146973,5.239999771118164,5.099999904632568,5.099999904632568,45500,0.14,5.190000057220459,5.340000152587891,5.739999771118164,5.1653,5.513,5.507161,14.285898,21.913725,21.913725,79.0,79.715779,14560.847829,41440.0,150048.04
2025-06-03,5.21999979019165,5.230000019073486,5.159999847412109,5.199999809265137,92800,0.07,5.099999904632568,5.210000038146973,5.730000019073486,5.1639,5.4953,5.507161,14.285898,21.913725,21.913725,79.0,79.715779,14560.847829,41440.0,150048.04
2025-06-04,5.360000133514404,5.46999979019165,5.360000133514404,5.420000076293945,100000,0.11,5.199999809265137,5.150000095367432,5.599999904632568,5.2024,5.4893,5.507161,14.285898,21.913725,21.913725,79.0,79.715779,14560.847829,41440.0,150048.04
2025-06-05,5.449999809265137,5.53000020980835,5.420000076293945,5.489999771118164,100600,0.11,5.420000076293945,5.150000095367432,5.880000114440918,5.251,5.4763,5.507161,14.285898,21.913725,21.913725,79.0,79.715779,14560.847829,41440.0,150048.04
2025-06-06,5.380000114440918,5.480000019073486,5.334000110626221,5.409999847412109,167100,0.146,5.489999771118164,5.166999816894531,5.829999923706055,5.2857,5.4623,5.507161,14.285898,21.913725,21.913725,79.0,79.715779,14560.847829,41440.0,150048.04
2025-06-09,5.420000076293945,5.420000076293945,5.3470001220703125,5.372000217437744,34500,0.073,5.409999847412109,5.190000057220459,5.920000076293945,5.3117,5.4441,5.507161,14.285898,21.913725,21.913725,79.0,79.715779,14560.847829,41440.0,150048.04
2025-06-10,5.400000095367432,5.519999980926514,5.400000095367432,5.519999980926514,200100,0.12,5.372000217437744,5.190000057220459,5.78000020980835,5.3589,5.4354,5.507161,14.285898,21.913725,21.913725,79.0,79.715779,14560.847829,41440.0,150048.04
2025-06-11,5.650000095367432,5.710000038146973,5.650000095367432,5.650000095367432,149100,0.06,5.519999980926514,5.099999904632568,5.570000171661377,5.4374,5.4381,5.507161,14.285898,21.913725,21.913725,79.0,79.715779,14560.847829,41440.0,150048.04
2025-06-12,5.739999771118164,5.78000020980835,5.699999809265137,5.730000019073486,57400,0.08,5.650000095367432,5.199999809265137,5.764999866485596,5.5131,5.4369,5.507161,14.285898,21.913725,21.913725,79.0,79.715779,14560.847829,41440.0,150048.04
2025-06-13,5.820000171661377,5.889999866485596,5.760000228881836,5.869999885559082,225300,0.13,5.730000019073486,5.420000076293945,5.949999809265137,5.5774,5.4342,5.507161,14.285898,21.913725,21.913725,79.0,79.715779,14560.847829,41440.0,150048.04
2025-06-16,5.639999866485596,5.75,5.539999961853027,5.679999828338623,266200,0.21,5.869999885559082,5.489999771118164,5.840000152587891,5.6046,5.4289,5.507161,14.285898,21.913725,21.913725,79.0,79.715779,14560.847829,41440.0,150048.04
2025-06-17,5.519999980926514,5.630000114440918,5.519999980926514,5.630000114440918,108200,0.11,5.679999828338623,5.409999847412109,5.914000034332275,5.636,5.4194,5.507161,14.285898,21.913725,21.913725,79.0,79.715779,14560.847829,41440.0,150048.04
2025-06-18,5.599999904632568,5.690000057220459,5.599999904632568,5.619999885559082,45300,0.09,5.630000114440918,5.372000217437744,5.619999885559082,5.6714,5.4194,5.507161,14.285898,21.913725,21.913725,79.0,79.715779,14560.847829,41440.0,150048.04
2025-06-20,5.639999866485596,5.760000228881836,5.619999885559082,5.730000019073486,80700,0.14,5.619999885559082,5.519999980926514,5.619999885559082,5.7014,5.4231,5.507161,14.285898,21.913725,21.913725,79.0,79.715779,14560.847829,41440.0,150048.04
2025-06-23,5.659999847412109,5.864999771118164,5.659999847412109,5.78000020980835,181900,0.205,5.730000019073486,5.650000095367432,5.420000076293945,5.72,5.4351,5.507161,14.285898,21.913725,21.913725,79.0,79.715779,14560.847829,41440.0,150048.04
2025-06-24,5.739999771118164,5.739999771118164,5.679999828338623,5.735000133514404,97100,0.06,5.78000020980835,5.730000019073486,5.429999828338623,5.7207,5.4453,5.507161,14.285898,21.913725,21.913725,79.0,79.715779,14560.847829,41440.0,150048.04
2025-06-25,5.75,5.840000152587891,5.739999771118164,5.800000190734863,104100,0.1,5.735000133514404,5.869999885559082,5.539999961853027,5.7107,5.4539,5.507161,14.285898,21.913725,21.913725,79.0,79.715779,14560.847829,41440.0,150048.04
2025-06-26,5.699999809265137,5.699999809265137,5.610000133514404,5.659999847412109,42900,0.09,5.800000190734863,5.679999828338623,5.300000190734863,5.7079,5.4659,5.507161,14.285898,21.913725,21.913725,79.0,79.715779,14560.847829,41440.0,150048.04
2025-06-27,5.679999828338623,5.710000038146973,5.559000015258789,5.584000110626221,97300,0.151,5.659999847412109,5.630000114440918,5.460000038146973,5.7013,5.4701,5.507161,14.285898,21.913725,21.913725,79.0,79.715779,14560.847829,41440.0,150048.04
2025-06-30,5.599999904632568,5.630000114440918,5.550000190734863,5.550000190734863,138900,0.08,5.584000110626221,5.619999885559082,5.550000190734863,5.6913,5.4701,5.507161,14.285898,21.913725,21.913725,79.0,79.715779,14560.847829,41440.0,150048.04
2025-07-01,5.630000114440918,5.670000076293945,5.510000228881836,5.630000114440918,137800,0.16,5.550000190734863,5.730000019073486,5.504000186920166,5.677,5.4743,6.4403,12.595025,21.349538,21.349821,64.88,65.515702,15392.254264,37320.0,153630.3
2025-07-02,5.630000114440918,5.769999980926514,5.610000133514404,5.769999980926514,166200,0.16,5.630000114440918,5.78000020980835,5.309999942779541,5.6756,5.4896,6.4403,12.595025,21.349538,21.349821,64.88,65.515702,15392.254264,37320.0,153630.3
2025-07-03,5.920000076293945,5.98799991607666,5.869999885559082,5.929999828338623,96700,0.118,5.769999980926514,5.735000133514404,5.360000133514404,5.7034,5.5086,6.4403,12.595025,21.349538,21.349821,64.88,65.515702,15392.254264,37320.0,153630.3
2025-07-07,6.039999961853027,6.099999904632568,5.945000171661377,6.070000171661377,245000,0.155,5.929999828338623,5.800000190734863,5.340000152587891,5.742,5.5329,6.4403,12.595025,21.349538,21.349821,64.88,65.515702,15392.254264,37320.0,153630.3
2025-07-08,6.199999809265137,6.318999767303467,6.150000095367432,6.179999828338623,187200,0.169,6.070000171661377,5.659999847412109,5.210000038146973,5.8163,5.5653,6.4403,12.595025,21.349538,21.349821,64.88,65.515702,15392.254264,37320.0,153630.3
2025-07-09,6.210000038146973,6.360000133514404,6.139999866485596,6.25,70300,0.22,6.179999828338623,5.584000110626221,5.150000095367432,5.9114,5.6019,6.4403,12.595025,21.349538,21.349821,64.88,65.515702,15392.254264,37320.0,153630.3
2025-07-10,6.71999979019165,6.855000019073486,6.619999885559082,6.659999847412109,2067500,0.235,6.25,5.550000190734863,5.150000095367432,6.07,5.6523,6.4403,12.595025,21.349538,21.349821,64.88,65.515702,15392.254264,37320.0,153630.3
2025-07-11,7.0,7.090000152587891,6.96999979019165,7.090000152587891,1083700,0.12,6.659999847412109,5.630000114440918,5.166999816894531,6.2786,5.7164,6.4403,12.595025,21.349538,21.349821,64.88,65.515702,15392.254264,37320.0,153630.3
2025-07-14,7.230000019073486,7.300000190734863,7.210000038146973,7.260000228881836,203800,0.09,7.090000152587891,5.769999980926514,5.190000057220459,6.4914,5.7854,6.4403,12.595025,21.349538,21.349821,64.88,65.515702,15392.254264,37320.0,153630.3
2025-07-15,7.0,7.050000190734863,6.769999980926514,6.78000020980835,270300,0.28,7.260000228881836,5.929999828338623,5.190000057220459,6.6129,5.8384,6.4403,12.595025,21.349538,21.349821,64.88,65.515702,15392.254264,37320.0,153630.3
2025-07-16,7.139999866485596,7.364999771118164,7.139999866485596,7.25,370300,0.225,6.78000020980835,6.070000171661377,5.099999904632568,6.7814,5.91,6.4403,12.595025,21.349538,21.349821,64.88,65.515702,15392.254264,37320.0,153630.3
2025-07-17,7.420000076293945,7.650000095367432,7.309999942779541,7.610000133514404,418800,0.34,7.25,6.179999828338623,5.199999809265137,6.9857,5.9904,6.4403,12.595025,21.349538,21.349821,64.88,65.515702,15392.254264,37320.0,153630.3
2025-07-18,7.329999923706055,7.460000038146973,7.269999980926514,7.400000095367432,602300,0.19,7.610000133514404,6.25,5.420000076293945,7.15,6.0564,6.4403,12.595025,21.349538,21.349821,64.88,65.515702,15392.254264,37320.0,153630.3
2025-07-21,7.289999961853027,7.380000114440918,7.179999828338623,7.349999904632568,355000,0.2,7.400000095367432,6.659999847412109,5.489999771118164,7.2486,6.1184,6.4403,12.595025,21.349538,21.349821,64.88,65.515702,15392.254264,37320.0,153630.3
2025-07-22,7.650000095367432,7.739999771118164,7.53000020980835,7.670000076293945,655500,0.21,7.349999904632568,7.090000152587891,5.409999847412109,7.3314,6.1937,6.4403,12.595025,21.349538,21.349821,64.88,65.515702,15392.254264,37320.0,153630.3
2025-07-23,7.619999885559082,7.650000095367432,7.429999828338623,7.519999980926514,264900,0.22,7.670000076293945,7.260000228881836,5.372000217437744,7.3686,6.2653,6.4403,12.595025,21.349538,21.349821,64.88,65.515702,15392.254264,37320.0,153630.3
2025-07-24,7.519999980926514,7.519999980926514,7.300000190734863,7.420000076293945,129500,0.22,7.519999980926514,6.78000020980835,5.519999980926514,7.46,6.3286,6.4403,12.595025,21.349538,21.349821,64.88,65.515702,15392.254264,37320.0,153630.3
2025-07-25,7.179999828338623,7.195000171661377,7.090000152587891,7.150000095367432,135100,0.105,7.420000076293945,7.25,5.650000095367432,7.4457,6.3786,6.4403,12.595025,21.349538,21.349821,64.88,65.515702,15392.254264,37320.0,153630.3
2025-07-28,7.25,7.348999977111816,7.239999771118164,7.245999813079834,34500,0.109,7.150000095367432,7.610000133514404,5.730000019073486,7.3937,6.4292,6.4403,12.595025,21.349538,21.349821,64.88,65.515702,15392.254264,37320.0,153630.3
2025-07-29,7.090000152587891,7.090000152587891,6.860000133514404,6.940000057220459,160200,0.23,7.245999813079834,7.400000095367432,5.869999885559082,7.328,6.4648,6.4403,12.595025,21.349538,21.349821,64.88,65.515702,15392.254264,37320.0,153630.3
2025-07-30,6.980000019073486,7.199999809265137,6.945000171661377,7.019999980926514,73700,0.255,6.940000057220459,7.349999904632568,5.679999828338623,7.2809,6.5095,6.4403,12.595025,21.349538,21.349821,64.88,65.515702,15392.254264,37320.0,153630.3
2025-07-31,7.389999866485596,7.409999847412109,7.300000190734863,7.400000095367432,85200,0.11,7.019999980926514,7.670000076293945,5.630000114440918,7.2423,6.5685,6.4403,12.595025,21.349538,21.349821,64.88,65.515702,15392.254264,37320.0,153630.3
2025-08-01,7.510000228881836,7.510000228881836,7.380000114440918,7.460000038146973,148500,0.13,7.400000095367432,7.519999980926514,5.619999885559082,7.2337,6.6298,5.226404,11.19804,19.355184,19.355188,69.87,70.098796,15268.666821,36010.0,150470.5
2025-08-04,7.320000171661377,7.360000133514404,7.260000228881836,7.309999942779541,54500,0.1,7.460000038146973,7.420000076293945,5.730000019073486,7.218,6.6825,5.226404,11.19804,19.355184,19.355188,69.87,70.098796,15268.666821,36010.0,150470.5
2025-08-05,7.650000095367432,7.920000076293945,7.650000095367432,7.769999980926514,215900,0.27,7.309999942779541,7.150000095367432,5.78000020980835,7.3066,6.7488,5.226404,11.19804,19.355184,19.355188,69.87,70.098796,15268.666821,36010.0,150470.5
2025-08-06,7.820000171661377,7.900000095367432,7.630000114440918,7.730000019073486,98200,0.27,7.769999980926514,7.245999813079834,5.735000133514404,7.3757,6.8153,5.226404,11.19804,19.355184,19.355188,69.87,70.098796,15268.666821,36010.0,150470.5
2025-08-07,7.789999961853027,7.789999961853027,7.610000133514404,7.75,133400,0.18,7.730000019073486,6.940000057220459,5.800000190734863,7.4914,6.8803,5.226404,11.19804,19.355184,19.355188,69.87,70.098796,15268.666821,36010.0,150470.5
2025-08-08,7.900000095367432,7.929999828338623,7.800000190734863,7.800000190734863,81200,0.13,7.75,7.019999980926514,5.659999847412109,7.6029,6.9517,5.226404,11.19804,19.355184,19.355188,69.87,70.098796,15268.666821,36010.0,150470.5
2025-08-11,7.739999771118164,7.949999809265137,7.650000095367432,7.900000095367432,108500,0.3,7.800000190734863,7.400000095367432,5.584000110626221,7.6743,7.0289,5.226404,11.19804,19.355184,19.355188,69.87,70.098796,15268.666821,36010.0,150470.5
2025-08-12,7.849999904632568,8.09000015258789,7.829999923706055,8.020000457763672,106800,0.26,7.900000095367432,7.460000038146973,5.550000190734863,7.7543,7.1112,5.226404,11.19804,19.355184,19.355188,69.87,70.098796,15268.666821,36010.0,150470.5
2025-08-13,8.180000305175781,8.289999961853027,7.980000019073486,8.166999816894531,489200,0.31,8.020000457763672,7.309999942779541,5.630000114440918,7.8767,7.1958,5.226404,11.19804,19.355184,19.355188,69.87,70.098796,15268.666821,36010.0,150470.5
2025-08-14,8.170000076293945,8.220000267028809,8.010000228881836,8.130000114440918,334400,0.21,8.166999816894531,7.769999980926514,5.769999980926514,7.9281,7.2744,5.226404,11.19804,19.355184,19.355188,69.87,70.098796,15268.666821,36010.0,150470.5
2025-08-15,8.130000114440918,8.130000114440918,7.940000057220459,8.020000457763672,174700,0.19,8.130000114440918,7.730000019073486,5.929999828338623,7.9696,7.3441,5.226404,11.19804,19.355184,19.355188,69.87,70.098796,15268.666821,36010.0,150470.5
2025-08-18,7.96999979019165,8.199999809265137,7.949999809265137,8.079999923706055,214100,0.25,8.020000457763672,7.75,6.070000171661377,8.0167,7.4111,5.226404,11.19804,19.355184,19.355188,69.87,70.098796,15268.666821,36010.0,150470.5
2025-08-19,7.889999866485596,7.929999828338623,7.739999771118164,7.7729997634887695,350500,0.19,8.079999923706055,7.800000190734863,6.179999828338623,8.0129,7.4642,5.226404,11.19804,19.355184,19.355188,69.87,70.098796,15268.666821,36010.0,150470.5
2025-08-20,7.849999904632568,8.119999885559082,7.849999904632568,8.039999961853027,72400,0.27,7.7729997634887695,7.900000095367432,6.25,8.0329,7.5239,5.226404,11.19804,19.355184,19.355188,69.87,70.098796,15268.666821,36010.0,150470.5
2025-08-21,8.0600004196167,8.15999984741211,8.03499984741211,8.15999984741211,234700,0.125,8.039999961853027,8.020000457763672,6.659999847412109,8.0529,7.5739,5.226404,11.19804,19.355184,19.355188,69.87,70.098796,15268.666821,36010.0,150470.5
2025-08-22,8.4399995803833,8.4399995803833,8.319999694824219,8.40999984741211,159300,0.12,8.15999984741211,8.166999816894531,7.090000152587891,8.0876,7.6179,5.226404,11.19804,19.355184,19.355188,69.87,70.098796,15268.666821,36010.0,150470.5
2025-08-25,8.420000076293945,8.550000190734863,8.420000076293945,8.5,126300,0.13,8.40999984741211,8.130000114440918,7.260000228881836,8.1404,7.6592,5.226404,11.19804,19.355184,19.355188,69.87,70.098796,15268.666821,36010.0,150470.5
2025-08-26,8.619999885559082,8.65999984741211,8.550000190734863,8.600000381469727,115100,0.11,8.5,8.020000457763672,6.78000020980835,8.2233,7.7199,5.226404,11.19804,19.355184,19.355188,69.87,70.098796,15268.666821,36010.0,150470.5
2025-08-27,8.390000343322754,8.399999618530273,8.260000228881836,8.300000190734863,87000,0.14,8.600000381469727,8.079999923706055,7.25,8.2547,7.7549,5.226404,11.19804,19.355184,19.355188,69.87,70.098796,15268.666821,36010.0,150470.5
2025-08-28,8.274999618530273,8.369999885559082,8.119999885559082,8.350000381469727,92200,0.25,8.300000190734863,7.7729997634887695,7.610000133514404,8.3371,7.7795,5.226404,11.19804,19.355184,19.355188,69.87,70.098796,15268.666821,36010.0,150470.5
2025-08-29,8.210000038146973,8.579999923706055,8.130000114440918,8.369999885559082,687800,0.45,8.350000381469727,8.039999961853027,7.400000095367432,8.3843,7.8119,5.226404,11.19804,19.355184,19.355188,69.87,70.098796,15268.666821,36010.0,150470.5
2025-09-02,7.920000076293945,8.050000190734863,7.730000019073486,8.020000457763672,1075800,0.32,8.369999885559082,8.15999984741211,7.349999904632568,8.3643,7.8342,4.853122,10.917721,18.213914,18.213914,68.18,68.746407,14942.84538,36020.0,145913.8
2025-09-03,8.050000190734863,8.149999618530273,8.010000228881836,8.140000343322754,839900,0.14,8.020000457763672,8.40999984741211,7.670000076293945,8.3257,7.8499,4.853122,10.917721,18.213914,18.213914,68.18,68.746407,14942.84538,36020.0,145913.8
2025-09-04,8.34000015258789,8.369999885559082,8.039999961853027,8.062999725341797,523800,0.33,8.140000343322754,8.5,7.519999980926514,8.2633,7.868,4.853122,10.917721,18.213914,18.213914,68.18,68.746407,14942.84538,36020.0,145913.8
2025-09-05,8.050000190734863,8.100000381469727,8.029999732971191,8.039999961853027,74400,0.07,8.062999725341797,8.600000381469727,7.420000076293945,8.1833,7.8886,4.853122,10.917721,18.213914,18.213914,68.18,68.746407,14942.84538,36020.0,145913.8
2025-09-08,8.170000076293945,8.388999938964844,8.149999618530273,8.149999618530273,294200,0.239,8.039999961853027,8.300000190734863,7.150000095367432,8.1619,7.922,4.853122,10.917721,18.213914,18.213914,68.18,68.746407,14942.84538,36020.0,145913.8
2025-09-09,8.539999961853027,8.545000076293945,8.329999923706055,8.390000343322754,285800,0.215,8.149999618530273,8.350000381469727,7.245999813079834,8.1676,7.9601,4.853122,10.917721,18.213914,18.213914,68.18,68.746407,14942.84538,36020.0,145913.8
2025-09-10,8.319999694824219,8.40999984741211,8.15999984741211,8.220000267028809,187900,0.25,8.390000343322754,8.369999885559082,6.940000057220459,8.1461,8.0028,4.853122,10.917721,18.213914,18.213914,68.18,68.746407,14942.84538,36020.0,145913.8
2025-09-11,8.135000228881836,8.199000358581543,8.09000015258789,8.114999771118164,119300,0.109,8.220000267028809,8.020000457763672,7.019999980926514,8.1597,8.0393,4.853122,10.917721,18.213914,18.213914,68.18,68.746407,14942.84538,36020.0,145913.8
2025-09-12,8.170000076293945,8.28499984741211,8.09000015258789,8.100000381469727,1149300,0.195,8.114999771118164,8.140000343322754,7.400000095367432,8.154,8.0626,4.853122,10.917721,18.213914,18.213914,68.18,68.746407,14942.84538,36020.0,145913.8
2025-09-15,8.210000038146973,8.239999771118164,8.121000289916992,8.210000038146973,192600,0.119,8.100000381469727,8.062999725341797,7.460000038146973,8.175,8.0876,4.853122,10.917721,18.213914,18.213914,68.18,68.746407,14942.84538,36020.0,145913.8
2025-09-16,8.130000114440918,8.130000114440918,7.980000019073486,8.039999961853027,109300,0.15,8.210000038146973,8.039999961853027,7.309999942779541,8.175,8.1119,4.853122,10.917721,18.213914,18.213914,68.18,68.746407,14942.84538,36020.0,145913.8
2025-09-17,8.09000015258789,8.180000305175781,8.0600004196167,8.140000343322754,70500,0.12,8.039999961853027,8.149999618530273,7.769999980926514,8.1736,8.1243,4.853122,10.917721,18.213914,18.213914,68.18,68.746407,14942.84538,36020.0,145913.8
2025-09-18,8.199999809265137,8.260000228881836,8.1899995803833,8.199999809265137,106700,0.07,8.140000343322754,8.390000343322754,7.730000019073486,8.1464,8.1399,4.853122,10.917721,18.213914,18.213914,68.18,68.746407,14942.84538,36020.0,145913.8
2025-09-19,8.199999809265137,8.25,8.149999618530273,8.15999984741211,60300,0.1,8.199999809265137,8.220000267028809,7.75,8.1379,8.1536,4.853122,10.917721,18.213914,18.213914,68.18,68.746407,14942.84538,36020.0,145913.8
2025-09-22,8.152000427246094,8.152000427246094,8.024999618530273,8.0600004196167,70100,0.127,8.15999984741211,8.114999771118164,7.800000190734863,8.13,8.1623,4.853122,10.917721,18.213914,18.213914,68.18,68.746407,14942.84538,36020.0,145913.8
2025-09-23,8.199999809265137,8.3100004196167,8.199999809265137,8.25,227500,0.11,8.0600004196167,8.100000381469727,7.900000095367432,8.1514,8.1739,4.853122,10.917721,18.213914,18.213914,68.18,68.746407,14942.84538,36020.0,145913.8
2025-09-24,8.319999694824219,8.414999961853027,8.305000305175781,8.380000114440918,241900,0.11,8.25,8.210000038146973,8.020000457763672,8.1757,8.1859,4.853122,10.917721,18.213914,18.213914,68.18,68.746407,14942.84538,36020.0,145913.8
2025-09-25,8.289999961853027,8.289999961853027,8.09000015258789,8.199999809265137,62800,0.2,8.380000114440918,8.039999961853027,8.166999816894531,8.1986,8.187,4.853122,10.917721,18.213914,18.213914,68.18,68.746407,14942.84538,36020.0,145913.8
2025-09-26,8.079999923706055,8.100000381469727,8.029999732971191,8.050000190734863,75100,0.07,8.199999809265137,8.140000343322754,8.130000114440918,8.1857,8.1844,4.853122,10.917721,18.213914,18.213914,68.18,68.746407,14942.84538,36020.0,145913.8
2025-09-29,7.900000095367432,7.945000171661377,7.739999771118164,7.769999980926514,275700,0.205,8.050000190734863,8.199999809265137,8.020000457763672,8.1243,8.176,4.853122,10.917721,18.213914,18.213914,68.18,68.746407,14942.84538,36020.0,145913.8
2025-09-30,7.610000133514404,7.690000057220459,7.460000038146973,7.510000228881836,249400,0.23,7.769999980926514,8.15999984741211,8.079999923706055,8.0314,8.157,4.853122,10.917721,18.213914,18.213914,68.18,68.746407,14942.84538,36020.0,145913.8
2025-10-01,7.440000057220459,7.650000095367432,7.409999847412109,7.579999923706055,163200,0.24,7.510000228881836,8.0600004196167,7.7729997634887695,7.9629,8.1506,5.724173,13.915058,21.135618,21.135617,77.43,78.213126,14796.787493,37655.524875,131997.5
2025-10-02,7.71999979019165,7.789999961853027,7.671000003814697,7.78000020980835,53200,0.119,7.579999923706055,8.25,8.039999961853027,7.8957,8.1419,5.724173,13.915058,21.135618,21.135617,77.43,78.213126,14796.787493,37655.524875,131997.5
2025-10-03,7.789999961853027,7.820000171661377,7.699999809265137,7.71999979019165,45300,0.12,7.78000020980835,8.380000114440918,8.15999984741211,7.8014,8.1273,5.724173,13.915058,21.135618,21.135617,77.43,78.213126,14796.787493,37655.524875,131997.5
2025-10-06,7.75,7.900000095367432,7.75,7.866000175476074,45300,0.15,7.71999979019165,8.199999809265137,8.40999984741211,7.7537,8.1091,5.724173,13.915058,21.135618,21.135617,77.43,78.213126,14796.787493,37655.524875,131997.5
2025-10-07,7.940000057220459,8.010000228881836,7.889999866485596,8.0,40500,0.12,7.866000175476074,8.050000190734863,8.5,7.7466,8.0925,5.724173,13.915058,21.135618,21.135617,77.43,78.213126,14796.787493,37655.524875,131997.5
2025-10-08,7.800000190734863,7.800000190734863,7.599999904632568,7.599999904632568,83100,0.2,8.0,7.769999980926514,8.600000381469727,7.7223,8.0591,5.724173,13.915058,21.135618,21.135617,77.43,78.213126,14796.787493,37655.524875,131997.5
2025-10-09,7.679999828338623,7.699999809265137,7.650000095367432,7.699999809265137,71900,0.05,7.599999904632568,7.510000228881836,8.300000190734863,7.7494,8.0391,5.724173,13.915058,21.135618,21.135617,77.43,78.213126,14796.787493,37655.524875,131997.5
2025-10-10,8.149999618530273,8.199999809265137,8.01200008392334,8.180000305175781,354300,0.188,7.699999809265137,7.579999923706055,8.350000381469727,7.8351,8.0335,5.724173,13.915058,21.135618,21.135617,77.43,78.213126,14796.787493,37655.524875,131997.5
2025-10-13,8.850000381469727,8.880000114440918,8.579999923706055,8.640000343322754,303100,0.3,8.180000305175781,7.78000020980835,8.369999885559082,7.958,8.0425,5.724173,13.915058,21.135618,21.135617,77.43,78.213126,14796.787493,37655.524875,131997.5
2025-10-14,8.220000267028809,8.319999694824219,8.069999694824219,8.199999809265137,83800,0.25,8.640000343322754,7.71999979019165,8.020000457763672,8.0266,8.0485,5.724173,13.915058,21.135618,21.135617,77.43,78.213126,14796.787493,37655.524875,131997.5
2025-10-15,8.289999961853027,8.529999732971191,8.25,8.520000457763672,46000,0.28,8.199999809265137,7.866000175476074,8.140000343322754,8.12,8.0611,5.724173,13.915058,21.135618,21.135617,77.43,78.213126,14796.787493,37655.524875,131997.5
2025-10-16,8.59000015258789,8.59000015258789,8.329999923706055,8.329999923706055,37700,0.26,8.520000457763672,8.0,8.062999725341797,8.1671,8.07,5.724173,13.915058,21.135618,21.135617,77.43,78.213126,14796.787493,37655.524875,131997.5
2025-10-17,8.260000228881836,8.274999618530273,8.140000343322754,8.15999984741211,25800,0.135,8.329999923706055,7.599999904632568,8.039999961853027,8.2471,8.074,5.724173,13.915058,21.135618,21.135617,77.43,78.213126,14796.787493,37655.524875,131997.5
2025-10-20,8.1899995803833,8.369999885559082,8.100000381469727,8.239999771118164,14700,0.27,8.15999984741211,7.699999809265137,8.149999618530273,8.3243,8.077,5.724173,13.915058,21.135618,21.135617,77.43,78.213126,14796.787493,37655.524875,131997.5
2025-10-21,8.359999656677246,8.40999984741211,8.359999656677246,8.380000114440918,55400,0.05,8.239999771118164,8.180000305175781,8.390000343322754,8.3529,8.0767,5.724173,13.915058,21.135618,21.135617,77.43,78.213126,14796.787493,37655.524875,131997.5
2025-10-22,8.359999656677246,8.359999656677246,8.031000137329102,8.229999542236328,44500,0.329,8.380000114440918,8.640000343322754,8.220000267028809,8.2943,8.077,5.724173,13.915058,21.135618,21.135617,77.43,78.213126,14796.787493,37655.524875,131997.5
2025-10-23,7.900000095367432,7.925000190734863,7.570000171661377,7.820000171661377,69400,0.355,8.229999542236328,8.199999809265137,8.114999771118164,8.24,8.0672,5.724173,13.915058,21.135618,21.135617,77.43,78.213126,14796.787493,37655.524875,131997.5
2025-10-24,7.909999847412109,7.909999847412109,7.789999961853027,7.849999904632568,17300,0.12,7.820000171661377,8.520000457763672,8.100000381469727,8.1443,8.0589,5.724173,13.915058,21.135618,21.135617,77.43,78.213126,14796.787493,37655.524875,131997.5
2025-10-27,7.920000076293945,8.0,7.829999923706055,7.96999979019165,38400,0.17,7.849999904632568,8.329999923706055,8.210000038146973,8.0929,8.0509,5.724173,13.915058,21.135618,21.135617,77.43,78.213126,14796.787493,37655.524875,131997.5
2025-10-28,7.940000057220459,7.978000164031982,7.869999885559082,7.953000068664551,15300,0.108,7.96999979019165,8.15999984741211,8.039999961853027,8.0633,8.048,5.724173,13.915058,21.135618,21.135617,77.43,78.213126,14796.787493,37655.524875,131997.5
2025-10-29,8.109999656677246,8.199999809265137,8.109999656677246,8.199999809265137,29700,0.09,7.953000068664551,8.239999771118164,8.140000343322754,8.0576,8.05,5.724173,13.915058,21.135618,21.135617,77.43,78.213126,14796.787493,37655.524875,131997.5
2025-10-30,8.140000343322754,8.369999885559082,8.140000343322754,8.25,56900,0.23,8.199999809265137,8.380000114440918,8.199999809265137,8.039,8.0516,5.724173,13.915058,21.135618,21.135617,77.43,78.213126,14796.787493,37655.524875,131997.5
2025-10-31,8.079999923706055,8.12399959564209,8.050000190734863,8.100000381469727,16300,0.074,8.25,8.229999542236328,8.15999984741211,8.0204,8.0496,5.724173,13.915058,21.135618,21.135617,77.43,78.213126,14796.787493,37655.524875,131997.5
2025-11-03,8.0,8.0,7.920000076293945,7.920000076293945,43700,0.08,8.100000381469727,7.820000171661377,8.0600004196167,8.0347,8.045,5.339081,12.880305,20.702177,20.70218,92.68,93.615326,14751.846605,38830.220625,123400.05
2025-11-04,8.100000381469727,8.279999732971191,8.09000015258789,8.180000305175781,107200,0.19,7.920000076293945,7.849999904632568,8.25,8.0819,8.0426,5.339081,12.880305,20.702177,20.70218,92.68,93.615326,14751.846605,38830.220625,123400.05
2025-11-05,8.3100004196167,8.380000114440918,8.279999732971191,8.300000190734863,49400,0.1,8.180000305175781,7.96999979019165,8.380000114440918,8.129,8.04,5.339081,12.880305,20.702177,20.70218,92.68,93.615326,14751.846605,38830.220625,123400.05
2025-11-06,8.470000267028809,8.600000381469727,8.430000305175781,8.5,79600,0.17,8.300000190734863,7.953000068664551,8.199999809265137,8.2071,8.05,5.339081,12.880305,20.702177,20.70218,92.68,93.615326,14751.846605,38830.220625,123400.05
2025-11-07,8.369999885559082,8.420000076293945,8.300000190734863,8.350000381469727,40100,0.12,8.5,8.199999809265137,8.050000190734863,8.2286,8.06,5.339081,12.880305,20.702177,20.70218,92.68,93.615326,14751.846605,38830.220625,123400.05
2025-11-10,8.350000381469727,8.449000358581543,8.34000015258789,8.369999885559082,12200,0.109,8.350000381469727,8.25,7.769999980926514,8.2457,8.08,5.339081,12.880305,20.702177,20.70218,92.68,93.615326,14751.846605,38830.220625,123400.05
2025-11-11,8.437999725341797,8.519000053405762,8.390000343322754,8.420000076293945,23000,0.129,8.369999885559082,8.100000381469727,7.510000228881836,8.2914,8.1103,5.339081,12.880305,20.702177,20.70218,92.68,93.615326,14751.846605,38830.220625,123400.05
2025-11-12,8.369999885559082,8.479999542236328,8.3149995803833,8.479999542236328,27200,0.165,8.420000076293945,7.920000076293945,7.579999923706055,8.3714,8.1403,5.339081,12.880305,20.702177,20.70218,92.68,93.615326,14751.846605,38830.220625,123400.05
2025-11-13,8.649999618530273,8.720000267028809,8.630000114440918,8.699999809265137,60300,0.09,8.479999542236328,8.180000305175781,7.78000020980835,8.4457,8.171,5.339081,12.880305,20.702177,20.70218,92.68,93.615326,14751.846605,38830.220625,123400.05
2025-11-14,8.539999961853027,8.75,8.539999961853027,8.600000381469727,23300,0.21,8.699999809265137,8.300000190734863,7.71999979019165,8.4886,8.2003,5.339081,12.880305,20.702177,20.70218,92.68,93.615326,14751.846605,38830.220625,123400.05
2025-11-17,8.460000038146973,8.90999984741211,8.460000038146973,8.800000190734863,110900,0.45,8.600000381469727,8.5,7.866000175476074,8.5314,8.2314,5.339081,12.880305,20.702177,20.70218,92.68,93.615326,14751.846605,38830.220625,123400.05
2025-11-18,8.930000305175781,8.989999771118164,8.880000114440918,8.989999771118164,84400,0.11,8.800000190734863,8.350000381469727,8.0,8.6229,8.2644,5.339081,12.880305,20.702177,20.70218,92.68,93.615326,14751.846605,38830.220625,123400.05
2025-11-19,8.989999771118164,8.989999771118164,8.6899995803833,8.899999618530273,41300,0.3,8.989999771118164,8.369999885559082,7.599999904632568,8.6986,8.3078,5.339081,12.880305,20.702177,20.70218,92.68,93.615326,14751.846605,38830.220625,123400.05
2025-11-20,8.963000297546387,8.989999771118164,8.850000381469727,8.920000076293945,52300,0.14,8.899999618530273,8.420000076293945,7.699999809265137,8.77,8.3484,5.339081,12.880305,20.702177,20.70218,92.68,93.615326,14751.846605,38830.220625,123400.05
2025-11-21,8.90999984741211,8.979999542236328,8.819999694824219,8.949999809265137,34600,0.16,8.920000076293945,8.479999542236328,8.180000305175781,8.8371,8.3741,5.339081,12.880305,20.702177,20.70218,92.68,93.615326,14751.846605,38830.220625,123400.05
2025-11-24,9.039999961853027,9.19499969482422,9.039999961853027,9.1899995803833,47300,0.155,8.949999809265137,8.699999809265137,8.640000343322754,8.9071,8.3924,5.339081,12.880305,20.702177,20.70218,92.68,93.615326,14751.846605,38830.220625,123400.05
2025-11-25,9.199999809265137,9.300000190734863,9.09000015258789,9.229999542236328,61800,0.21,9.1899995803833,8.600000381469727,8.199999809265137,8.9971,8.4268,5.339081,12.880305,20.702177,20.70218,92.68,93.615326,14751.846605,38830.220625,123400.05
2025-11-26,9.229999542236328,9.260000228881836,9.100000381469728,9.199999809265137,74300,0.16,9.229999542236328,8.800000190734863,8.520000457763672,9.0543,8.4494,5.339081,12.880305,20.702177,20.70218,92.68,93.615326,14751.846605,38830.220625,123400.05
2025-11-28,9.199999809265137,9.229999542236328,8.770000457763672,8.770000457763672,155100,0.46,9.199999809265137,8.989999771118164,8.329999923706055,9.0229,8.4641,5.339081,12.880305,20.702177,20.70218,92.68,93.615326,14751.846605,38830.220625,123400.05
2025-12-01,9.210000038146973,9.4399995803833,9.18000030517578,9.34000015258789,199700,0.26,8.770000457763672,8.899999618530273,8.15999984741211,9.0857,8.5034,5.987006,11.032118,19.326774,19.326776,101.45,102.556116,15886.604036,46074.17775,138391.04
2025-12-02,9.270000457763672,9.329999923706056,9.029999732971191,9.25,124500,0.3,9.34000015258789,8.920000076293945,8.239999771118164,9.1329,8.5371,5.987006,11.032118,19.326774,19.326776,101.45,102.556116,15886.604036,46074.17775,138391.04
2025-12-03,9.399999618530272,9.489999771118164,9.300000190734863,9.300000190734863,78800,0.19,9.25,8.949999809265137,8.380000114440918,9.1829,8.5678,5.987006,11.032118,19.326774,19.326776,101.45,102.556116,15886.604036,46074.17775,138391.04
2025-12-04,9.100000381469728,9.336000442504885,9.086000442504885,9.270000457763672,29900,0.25,9.300000190734863,9.1899995803833,8.229999542236328,9.1943,8.6024,5.987006,11.032118,19.326774,19.326776,101.45,102.556116,15886.604036,46074.17775,138391.04
2025-12-05,9.029999732971191,9.100000381469728,8.880000114440918,9.0,67300,0.22,9.270000457763672,9.229999542236328,7.820000171661377,9.1614,8.6418,5.987006,11.032118,19.326774,19.326776,101.45,102.556116,15886.604036,46074.17775,138391.04
2025-12-08,9.229999542236328,9.31999969482422,9.210000038146973,9.25,46600,0.11,9.0,9.199999809265137,7.849999904632568,9.1686,8.6884,5.987006,11.032118,19.326774,19.326776,101.45,102.556116,15886.604036,46074.17775,138391.04
2025-12-09,8.970000267028809,8.970000267028809,8.710000038146973,8.829999923706055,144500,0.26,9.25,8.770000457763672,7.96999979019165,9.1771,8.7171,5.987006,11.032118,19.326774,19.326776,101.45,102.556116,15886.604036,46074.17775,138391.04
2025-12-10,9.0,9.072999954223633,8.880000114440918,9.012999534606934,106400,0.193,8.829999923706055,9.34000015258789,7.953000068664551,9.1304,8.7524,5.987006,11.032118,19.326774,19.326776,101.45,102.556116,15886.604036,46074.17775,138391.04
2025-12-11,8.859999656677246,8.890000343322754,8.609999656677246,8.84000015258789,87500,0.28,9.012999534606934,9.25,8.199999809265137,9.0719,8.7738,5.987006,11.032118,19.326774,19.326776,101.45,102.556116,15886.604036,46074.17775,138391.04
2025-12-12,8.710000038146973,8.734999656677246,8.64799976348877,8.680000305175781,70400,0.087,8.84000015258789,9.300000190734863,8.25,8.9833,8.7881,5.987006,11.032118,19.326774,19.326776,101.45,102.556116,15886.604036,46074.17775,138391.04
2025-12-15,8.8100004196167,8.920000076293945,8.8100004196167,8.920000076293945,43600,0.11,8.680000305175781,9.270000457763672,8.100000381469727,8.9333,8.8154,5.987006,11.032118,19.326774,19.326776,101.45,102.556116,15886.604036,46074.17775,138391.04
2025-12-16,8.800000190734863,8.869999885559082,8.748000144958496,8.770000457763672,16000,0.122,8.920000076293945,9.0,7.920000076293945,8.9004,8.8438,5.987006,11.032118,19.326774,19.326776,101.45,102.556116,15886.604036,46074.17775,138391.04
2025-12-17,8.520000457763672,8.520000457763672,8.270000457763672,8.420000076293945,129300,0.25,8.770000457763672,9.25,8.180000305175781,8.7819,8.8518,5.987006,11.032118,19.326774,19.326776,101.45,102.556116,15886.604036,46074.17775,138391.04
2025-12-18,8.489999771118164,8.668000221252441,8.489999771118164,8.656000137329102,25200,0.178,8.420000076293945,8.829999923706055,8.300000190734863,8.757,8.8636,5.987006,11.032118,19.326774,19.326776,101.45,102.556116,15886.604036,46074.17775,138391.04
2025-12-19,8.699999809265137,8.800000190734863,8.699999809265137,8.699999809265137,18000,0.1,8.656000137329102,9.012999534606934,8.5,8.7123,8.8703,5.987006,11.032118,19.326774,19.326776,101.45,102.556116,15886.604036,46074.17775,138391.04
2025-12-22,8.732000350952148,9.050000190734863,8.732000350952148,8.880000114440918,96300,0.318,8.699999809265137,8.84000015258789,8.350000381469727,8.718,8.888,5.987006,11.032118,19.326774,19.326776,101.45,102.556116,15886.604036,46074.17775,138391.04
2025-12-23,8.880000114440918,8.899999618530273,8.739999771118164,8.739999771118164,14000,0.16,8.880000114440918,8.680000305175781,8.369999885559082,8.7266,8.9003,5.987006,11.032118,19.326774,19.326776,101.45,102.556116,15886.604036,46074.17775,138391.04
2025-12-24,8.729999542236328,8.859000205993652,8.729999542236328,8.770000457763672,19100,0.129,8.739999771118164,8.920000076293945,8.420000076293945,8.7051,8.912,5.987006,11.032118,19.326774,19.326776,101.45,102.556116,15886.604036,46074.17775,138391.04
2025-12-26,8.75,8.800000190734863,8.699999809265137,8.75,33100,0.1,8.770000457763672,8.770000457763672,8.479999542236328,8.7023,8.921,5.987006,11.032118,19.326774,19.326776,101.45,102.556116,15886.604036,46074.17775,138391.04
2025-12-29,8.670000076293945,8.848999977111816,8.670000076293945,8.739999771118164,9700,0.179,8.75,8.420000076293945,8.699999809265137,8.748,8.9223,5.987006,11.032118,19.326774,19.326776,101.45,102.556116,15886.604036,46074.17775,138391.04
2025-12-30,8.649999618530273,8.722999572753906,8.649999618530273,8.680000305175781,12100,0.073,8.739999771118164,8.656000137329102,8.600000381469727,8.7514,8.925,5.987006,11.032118,19.326774,19.326776,101.45,102.556116,15886.604036,46074.17775,138391.04
2025-12-31,8.600000381469727,8.819999694824219,8.59000015258789,8.770000457763672,77900,0.23,8.680000305175781,8.699999809265137,8.800000190734863,8.7614,8.924,5.987006,11.032118,19.326774,19.326776,101.45,102.556116,15886.604036,46074.17775,138391.04
2026-01-02,8.5,8.576000213623047,8.449999809265137,8.460000038146973,30700,0.126,8.770000457763672,8.880000114440918,8.989999771118164,8.7014,8.9063,4.970127,12.132567,19.569315,19.569315,107.96,106.31275,16639.363916,46759.416937,142886.22
2026-01-05,8.65999984741211,8.720000267028809,8.609999656677246,8.720000267028809,22400,0.11,8.460000038146973,8.739999771118164,8.899999618530273,8.6986,8.9003,4.970127,12.132567,19.569315,19.569315,107.96,106.31275,16639.363916,46759.416937,142886.22
2026-01-06,8.800000190734863,8.899999618530273,8.760000228881836,8.8100004196167,21500,0.14,8.720000267028809,8.770000457763672,8.920000076293945,8.7043,8.8966,4.970127,12.132567,19.569315,19.569315,107.96,106.31275,16639.363916,46759.416937,142886.22
2026-01-07,8.619999885559082,8.789999961853027,8.609999656677246,8.789999961853027,18600,0.18,8.8100004196167,8.75,8.949999809265137,8.71,8.8913,4.970127,12.132567,19.569315,19.569315,107.96,106.31275,16639.363916,46759.416937,142886.22
2026-01-08,8.932000160217285,9.149999618530272,8.869999885559082,9.140000343322754,19200,0.28,8.789999961853027,8.739999771118164,9.1899995803833,8.7671,8.8896,4.970127,12.132567,19.569315,19.569315,107.96,106.31275,16639.363916,46759.416937,142886.22
2026-01-09,9.039999961853027,9.039999961853027,8.850000381469727,8.850000381469727,18400,0.19,9.140000343322754,8.680000305175781,9.229999542236328,8.7914,8.877,4.970127,12.132567,19.569315,19.569315,107.96,106.31275,16639.363916,46759.416937,142886.22
2026-01-12,8.84000015258789,8.84000015258789,8.520000457763672,8.729999542236328,39600,0.32,8.850000381469727,8.770000457763672,9.199999809265137,8.7857,8.8613,4.970127,12.132567,19.569315,19.569315,107.96,106.31275,16639.363916,46759.416937,142886.22
2026-01-13,8.609999656677246,8.789999961853027,8.609999656677246,8.720999717712402,8700,0.18,8.729999542236328,8.460000038146973,8.770000457763672,8.823,8.8597,4.970127,12.132567,19.569315,19.569315,107.96,106.31275,16639.363916,46759.416937,142886.22
2026-01-14,8.970000267028809,9.09000015258789,8.890000343322754,9.039999961853027,42200,0.2,8.720999717712402,8.720000267028809,9.34000015258789,8.8687,8.8497,4.970127,12.132567,19.569315,19.569315,107.96,106.31275,16639.363916,46759.416937,142886.22
2026-01-15,9.220000267028809,9.5,9.220000267028809,9.479999542236328,63600,0.28,9.039999961853027,8.8100004196167,9.25,8.9644,8.8573,4.970127,12.132567,19.569315,19.569315,107.96,106.31275,16639.363916,46759.416937,142886.22
2026-01-16,9.630000114440918,9.800000190734863,9.600000381469728,9.800000190734863,108200,0.2,9.479999542236328,8.789999961853027,9.300000190734863,9.1087,8.874,4.970127,12.132567,19.569315,19.569315,107.96,106.31275,16639.363916,46759.416937,142886.22
2026-01-20,10.0,10.239999771118164,9.979999542236328,10.239999771118164,119400,0.26,9.800000190734863,9.140000343322754,9.270000457763672,9.2659,8.9063,4.970127,12.132567,19.569315,19.569315,107.96,106.31275,16639.363916,46759.416937,142886.22
2026-01-21,10.399999618530272,10.399999618530272,10.029999732971191,10.06999969482422,68800,0.37,10.239999771118164,8.850000381469727,9.0,9.4401,8.942,4.970127,12.132567,19.569315,19.569315,107.96,106.31275,16639.363916,46759.416937,142886.22
2026-01-22,9.800000190734863,10.039999961853027,9.800000190734863,10.0,51200,0.24,10.06999969482422,8.729999542236328,9.25,9.6216,8.967,4.970127,12.132567,19.569315,19.569315,107.96,106.31275,16639.363916,46759.416937,142886.22
2026-01-23,10.390000343322754,10.470000267028809,10.149999618530272,10.359999656677246,26000,0.32,10.0,8.720999717712402,8.829999923706055,9.8557,9.018,4.970127,12.132567,19.569315,19.569315,107.96,106.31275,16639.363916,46759.416937,142886.22
2026-01-26,10.449999809265137,11.0,10.31999969482422,10.979999542236328,127700,0.68,10.359999656677246,9.039999961853027,9.012999534606934,10.1329,9.0836,4.970127,12.132567,19.569315,19.569315,107.96,106.31275,16639.363916,46759.416937,142886.22
2026-01-27,11.020000457763672,11.399999618530272,11.020000457763672,11.260000228881836,86400,0.38,10.979999542236328,9.479999542236328,8.84000015258789,10.3871,9.1642,4.970127,12.132567,19.569315,19.569315,107.96,106.31275,16639.363916,46759.416937,142886.22
2026-01-28,11.09000015258789,11.170000076293944,10.850000381469728,11.010000228881836,59500,0.32,11.260000228881836,9.800000190734863,8.680000305175781,10.56,9.2419,4.970127,12.132567,19.569315,19.569315,107.96,106.31275,16639.363916,46759.416937,142886.22
2026-01-29,11.289999961853027,11.479999542236328,10.93000030517578,11.479999542236328,82800,0.55,11.010000228881836,10.239999771118164,8.920000076293945,10.7371,9.3272,4.970127,12.132567,19.569315,19.569315,107.96,106.31275,16639.363916,46759.416937,142886.22
2026-01-30,11.5,11.550000190734863,11.413999557495115,11.529999732971191,84100,0.136,11.479999542236328,10.06999969482422,8.770000457763672,10.9457,9.4192,4.970127,12.132567,19.569315,19.569315,107.96,106.31275,16639.363916,46759.416937,142886.22
2026-02-02,11.149999618530272,11.460000038146973,10.899999618530272,11.199999809265137,184000,0.56,11.529999732971191,10.0,8.420000076293945,11.1171,9.5119,4.450134,11.729093,19.09801,19.098009,100.51,100.602666,15133.844156,44899.482,133048.78
2026-02-03,10.970000267028809,10.970000267028809,10.5,10.550000190734863,125600,0.47,11.199999809265137,10.359999656677246,8.656000137329102,11.1443,9.575,4.450134,11.729093,19.09801,19.098009,100.51,100.602666,15133.844156,44899.482,133048.78
2026-02-04,10.5,10.850000381469728,10.5,10.850000381469728,30100,0.35,10.550000190734863,10.979999542236328,8.699999809265137,11.1257,9.6467,4.450134,11.729093,19.09801,19.098009,100.51,100.602666,15133.844156,44899.482,133048.78
2026-02-05,10.725000381469728,10.850000381469728,10.649999618530272,10.710000038146973,32200,0.2,10.850000381469728,11.260000228881836,8.880000114440918,11.0471,9.7077,4.450134,11.729093,19.09801,19.098009,100.51,100.602666,15133.844156,44899.482,133048.78
2026-02-06,10.710000038146973,10.87399959564209,10.609999656677246,10.649999618530272,22900,0.264,10.710000038146973,11.010000228881836,8.739999771118164,10.9957,9.7714,4.450134,11.729093,19.09801,19.098009,100.51,100.602666,15133.844156,44899.482,133048.78
2026-02-09,10.699999809265137,11.0,10.699999809265137,10.949999809265137,128900,0.3,10.649999618530272,11.479999542236328,8.770000457763672,10.92,9.844,4.450134,11.729093,19.09801,19.098009,100.51,100.602666,15133.844156,44899.482,133048.78
2026-02-10,11.100000381469728,11.18000030517578,11.029999732971191,11.18000030517578,135500,0.15,10.949999809265137,11.529999732971191,8.75,10.87,9.925,4.450134,11.729093,19.09801,19.098009,100.51,100.602666,15133.844156,44899.482,133048.78
2026-02-11,11.43000030517578,11.529999732971191,11.173999786376951,11.4399995803833,64400,0.356,11.18000030517578,11.199999809265137,8.739999771118164,10.9043,10.015,4.450134,11.729093,19.09801,19.098009,100.51,100.602666,15133.844156,44899.482,133048.78
2026-02-12,11.449999809265137,11.449999809265137,11.1899995803833,11.300000190734863,44000,0.26,11.4399995803833,10.550000190734863,8.680000305175781,11.0114,10.1024,4.450134,11.729093,19.09801,19.098009,100.51,100.602666,15133.844156,44899.482,133048.78
2026-02-13,11.399999618530272,11.56999969482422,11.399999618530272,11.489999771118164,29500,0.17,11.300000190734863,10.850000381469728,8.770000457763672,11.1029,10.193,4.450134,11.729093,19.09801,19.098009,100.51,100.602666,15133.844156,44899.482,133048.78
2026-02-17,11.5,11.800000190734863,11.420000076293944,11.68000030517578,110900,0.38,11.489999771118164,10.710000038146973,8.460000038146973,11.2414,10.3004,4.450134,11.729093,19.09801,19.098009,100.51,100.602666,15133.844156,44899.482,133048.78
2026-02-18,11.460000038146973,11.819000244140623,11.460000038146973,11.760000228881836,85800,0.359,11.68000030517578,10.649999618530272,8.720000267028809,11.4,10.4017,4.450134,11.729093,19.09801,19.098009,100.51,100.602666,15133.844156,44899.482,133048.78
2026-02-19,11.84000015258789,11.869999885559082,11.600000381469728,11.65999984741211,55900,0.27,11.760000228881836,10.949999809265137,8.8100004196167,11.5014,10.4967,4.450134,11.729093,19.09801,19.098009,100.51,100.602666,15133.844156,44899.482,133048.78
2026-02-20,11.770000457763672,12.100000381469728,11.65999984741211,11.729999542236328,89300,0.44,11.65999984741211,11.18000030517578,8.789999961853027,11.58,10.5947,4.450134,11.729093,19.09801,19.098009,100.51,100.602666,15133.844156,44899.482,133048.78
2026-02-23,11.850000381469728,11.979999542236328,11.609999656677246,11.770000457763672,90500,0.37,11.729999542236328,11.4399995803833,9.140000343322754,11.6271,10.6824,4.450134,11.729093,19.09801,19.098009,100.51,100.602666,15133.844156,44899.482,133048.78
2026-02-24,11.720000267028809,11.989999771118164,11.699999809265137,11.869999885559082,79200,0.29,11.770000457763672,11.300000190734863,8.850000381469727,11.7086,10.783,4.450134,11.729093,19.09801,19.098009,100.51,100.602666,15133.844156,44899.482,133048.78
2026-02-25,11.960000038146973,11.960000038146973,11.25,11.68000030517578,74800,0.71,11.869999885559082,11.489999771118164,8.729999542236328,11.7357,10.8814,4.450134,11.729093,19.09801,19.098009,100.51,100.602666,15133.844156,44899.482,133048.78
2026-02-26,11.670000076293944,11.90999984741211,11.670000076293944,11.90999984741211,52200,0.24,11.68000030517578,11.68000030517578,8.720999717712402,11.7686,10.9877,4.450134,11.729093,19.09801,19.098009,100.51,100.602666,15133.844156,44899.482,133048.78
2026-02-27,11.989999771118164,12.06999969482422,11.845999717712402,12.06999969482422,61500,0.224,11.90999984741211,11.760000228881836,9.039999961853027,11.8129,11.0887,4.450134,11.729093,19.09801,19.098009,100.51,100.602666,15133.844156,44899.482,133048.78
2026-03-02,12.59000015258789,12.649999618530272,11.989999771118164,12.220000267028809,306200,0.66,12.06999969482422,11.65999984741211,9.479999542236328,11.8929,11.18,6.262402,11.904232,20.174912,20.174914,113.67,114.877876,16762.951359,49304.591062,149567.49
2026-03-03,12.479999542236328,12.619999885559082,12.3100004196167,12.5,207500,0.31,12.220000267028809,11.729999542236328,9.800000190734863,12.0029,11.27,6.262402,11.904232,20.174912,20.174914,113.67,114.877876,16762.951359,49304.591062,149567.49
2026-03-04,11.800000190734863,12.18000030517578,11.520000457763672,11.90999984741211,1277700,0.66,12.5,11.770000457763672,10.239999771118164,12.0229,11.3257,6.262402,11.904232,20.174912,20.174914,113.67,114.877876,16762.951359,49304.591062,149567.49
2026-03-05,11.300000190734863,11.640000343322754,11.0,11.520000457763672,631100,0.64,11.90999984741211,11.869999885559082,10.06999969482422,11.9729,11.374,6.262402,11.904232,20.174912,20.174914,113.67,114.877876,16762.951359,49304.591062,149567.49
2026-03-06,10.15999984741211,10.640000343322754,9.729999542236328,10.460000038146973,1109400,0.91,11.520000457763672,11.68000030517578,10.0,11.7986,11.3893,6.262402,11.904232,20.174912,20.174914,113.67,114.877876,16762.951359,49304.591062,149567.49
2026-03-09,10.199999809265137,10.390000343322754,9.579999923706056,10.260000228881836,1267400,0.81,10.460000038146973,11.90999984741211,10.359999656677246,11.5629,11.386,6.262402,11.904232,20.174912,20.174914,113.67,114.877876,16762.951359,49304.591062,149567.49
2026-03-10,9.850000381469728,10.229999542236328,9.850000381469728,10.229999542236328,203900,0.38,10.260000228881836,12.06999969482422,10.979999542236328,11.3,11.361,6.262402,11.904232,20.174912,20.174914,113.67,114.877876,16762.951359,49304.591062,149567.49
2026-03-11,10.350000381469728,10.800000190734863,10.350000381469728,10.699999809265137,245800,0.45,10.229999542236328,12.220000267028809,11.260000228881836,11.0829,11.3423,6.262402,11.904232,20.174912,20.174914,113.67,114.877876,16762.951359,49304.591062,149567.49
2026-03-12,10.739999771118164,10.739999771118164,10.270000457763672,10.399999618530272,76300,0.47,10.699999809265137,12.5,11.010000228881836,10.7829,11.322,6.262402,11.904232,20.174912,20.174914,113.67,114.877876,16762.951359,49304.591062,149567.49
2026-03-13,10.630000114440918,10.640000343322754,10.220000267028809,10.489999771118164,217400,0.42,10.399999618530272,11.90999984741211,11.479999542236328,10.58,11.289,6.262402,11.904232,20.174912,20.174914,113.67,114.877876,16762.951359,49304.591062,149567.49
2026-03-16,10.75,10.81999969482422,10.56999969482422,10.670000076293944,140400,0.25,10.489999771118164,11.520000457763672,11.529999732971191,10.4586,11.2603,6.262402,11.904232,20.174912,20.174914,113.67,114.877876,16762.951359,49304.591062,149567.49
2026-03-17,10.630000114440918,10.65999984741211,10.149999618530272,10.43000030517578,86900,0.51,10.670000076293944,10.460000038146973,11.199999809265137,10.4543,11.2347,6.262402,11.904232,20.174912,20.174914,113.67,114.877876,16762.951359,49304.591062,149567.49
2026-03-18,10.550000190734863,10.699999809265137,10.550000190734863,10.699999809265137,56800,0.15,10.43000030517578,10.260000228881836,10.550000190734863,10.5171,11.2397,6.262402,11.904232,20.174912,20.174914,113.67,114.877876,16762.951359,49304.591062,149567.49
2026-03-19,10.260000228881836,10.260000228881836,9.93000030517578,10.020000457763672,104800,0.33,10.699999809265137,10.229999542236328,10.850000381469728,10.4871,11.212,6.262402,11.904232,20.174912,20.174914,113.67,114.877876,16762.951359,49304.591062,149567.49
2026-03-20,10.107999801635742,10.369000434875488,9.970999717712402,10.010000228881836,164200,0.398,10.020000457763672,10.699999809265137,10.710000038146973,10.3886,11.1887,6.262402,11.904232,20.174912,20.174914,113.67,114.877876,16762.951359,49304.591062,149567.49
2026-03-23,9.850000381469728,10.06999969482422,9.770000457763672,9.989999771118164,79200,0.3,10.010000228881836,10.399999618530272,10.649999618530272,10.33,11.1667,6.262402,11.904232,20.174912,20.174914,113.67,114.877876,16762.951359,49304.591062,149567.49
2026-03-24,9.899999618530272,9.90999984741211,9.630999565124512,9.800000190734863,266400,0.279,9.989999771118164,10.489999771118164,10.949999809265137,10.2314,11.1283,6.262402,11.904232,20.174912,20.174914,113.67,114.877876,16762.951359,49304.591062,149567.49
2026-03-25,9.979999542236328,10.18000030517578,9.949999809265137,10.0,50700,0.23,9.800000190734863,10.670000076293944,11.18000030517578,10.1357,11.089,6.262402,11.904232,20.174912,20.174914,113.67,114.877876,16762.951359,49304.591062,149567.49
2026-03-26,10.130000114440918,10.149999618530272,9.9399995803833,10.0,34200,0.21,10.0,10.43000030517578,11.4399995803833,10.0743,11.041,6.262402,11.904232,20.174912,20.174914,113.67,114.877876,16762.951359,49304.591062,149567.49
2026-03-27,9.890000343322754,10.100000381469728,9.850000381469728,9.93000030517578,71800,0.25,10.0,10.699999809265137,11.300000190734863,9.9643,10.9953,6.262402,11.904232,20.174912,20.174914,113.67,114.877876,16762.951359,49304.591062,149567.49
2026-03-30,9.789999961853027,10.020000457763672,9.5,9.9399995803833,167900,0.52,9.93000030517578,10.020000457763672,11.489999771118164,9.9529,10.9437,6.262402,11.904232,20.174912,20.174914,113.67,114.877876,16762.951359,49304.591062,149567.49
2026-03-31,9.93000030517578,10.199999809265137,9.93000030517578,9.970000267028809,60200,0.27,9.9399995803833,10.010000228881836,11.68000030517578,9.9471,10.8867,6.262402,11.904232,20.174912,20.174914,113.67,114.877876,16762.951359,49304.591062,149567.49
2026-04-01,10.225000381469728,10.350000381469728,10.225000381469728,10.324999809265137,29400,0.125,9.970000267028809,9.989999771118164,11.760000228881836,9.995,10.8388,5.765049,13.288959,21.744818,21.744821,74.314,74.98242,15088.903267,42256.416562,153995.87
2026-04-02,10.550000190734863,10.550000190734863,10.31999969482422,10.449999809265137,29300,0.23,10.324999809265137,9.800000190734863,11.65999984741211,10.0879,10.7985,5.765049,13.288959,21.744818,21.744821,74.314,74.98242,15088.903267,42256.416562,153995.87
2026-04-06,10.40999984741211,10.699999809265137,9.8100004196167,9.9399995803833,192300,0.89,10.449999809265137,10.0,11.729999542236328,10.0793,10.7388,5.765049,13.288959,21.744818,21.744821,74.314,74.98242,15088.903267,42256.416562,153995.87
2026-04-07,10.404999732971191,10.449999809265137,10.25,10.4399995803833,35900,0.2,9.9399995803833,10.0,11.770000457763672,10.1421,10.6945,5.765049,13.288959,21.744818,21.744821,74.314,74.98242,15088.903267,42256.416562,153995.87
2026-04-08,10.59000015258789,10.65999984741211,10.520000457763672,10.600000381469728,43900,0.14,10.4399995803833,9.93000030517578,11.869999885559082,10.2379,10.6522,5.765049,13.288959,21.744818,21.744821,74.314,74.98242,15088.903267,42256.416562,153995.87
2026-04-09,10.300000190734863,10.44499969482422,10.180999755859377,10.300000190734863,17000,0.264,10.600000381469728,9.9399995803833,11.68000030517578,10.2893,10.6062,5.765049,13.288959,21.744818,21.744821,74.314,74.98242,15088.903267,42256.416562,153995.87
2026-04-10,10.56999969482422,10.75,10.56999969482422,10.699999809265137,22900,0.18,10.300000190734863,9.970000267028809,11.90999984741211,10.3936,10.5658,5.765049,13.288959,21.744818,21.744821,74.314,74.98242,15088.903267,42256.416562,153995.87
2026-04-13,11.039999961853027,11.0600004196167,10.791000366210938,11.0600004196167,94300,0.269,10.699999809265137,10.324999809265137,12.06999969482422,10.4986,10.5322,5.765049,13.288959,21.744818,21.744821,74.314,74.98242,15088.903267,42256.416562,153995.87
2026-04-14,11.279999732971191,11.470000267028809,11.279999732971191,11.420000076293944,53800,0.19,11.0600004196167,10.449999809265137,12.220000267028809,10.6371,10.5055,5.765049,13.288959,21.744818,21.744821,74.314,74.98242,15088.903267,42256.416562,153995.87
2026-04-15,11.470000267028809,11.470000267028809,11.300000190734863,11.399999618530272,95700,0.17,11.420000076293944,9.9399995803833,12.5,10.8457,10.4688,5.765049,13.288959,21.744818,21.744821,74.314,74.98242,15088.903267,42256.416562,153995.87
2026-04-16,11.399999618530272,11.399999618530272,11.100000381469728,11.130000114440918,23100,0.3,11.399999618530272,10.4399995803833,11.90999984741211,10.9443,10.4428,5.765049,13.288959,21.744818,21.744821,74.314,74.98242,15088.903267,42256.416562,153995.87
2026-04-17,11.449999809265137,11.68000030517578,11.34000015258789,11.4399995803833,604500,0.34,11.130000114440918,10.600000381469728,11.520000457763672,11.0643,10.4402,5.765049,13.288959,21.744818,21.744821,74.314,74.98242,15088.903267,42256.416562,153995.87
2026-04-20,11.579999923706056,11.579999923706056,11.300000190734863,11.303999900817873,20600,0.28,11.4399995803833,10.300000190734863,10.460000038146973,11.2077,10.4683,5.765049,13.288959,21.744818,21.744821,74.314,74.98242,15088.903267,42256.416562,153995.87
2026-04-21,11.312999725341797,11.350000381469728,11.199999809265137,11.350000381469728,27400,0.15,11.303999900817873,10.699999809265137,10.260000228881836,11.3006,10.5046,5.765049,13.288959,21.744818,21.744821,74.314,74.98242,15088.903267,42256.416562,153995.87
2026-04-22,11.385000228881836,11.470000267028809,11.3149995803833,11.399999618530272,34600,0.155,11.350000381469728,11.0600004196167,10.229999542236328,11.3491,10.5436,5.765049,13.288959,21.744818,21.744821,74.314,74.98242,15088.903267,42256.416562,153995.87
2026-04-23,11.350000381469728,11.454999923706056,11.239999771118164,11.34000015258789,20900,0.215,11.399999618530272,11.420000076293944,10.699999809265137,11.3377,10.565,5.765049,13.288959,21.744818,21.744821,74.314,74.98242,15088.903267,42256.416562,153995.87
2026-04-24,10.920000076293944,11.100000381469728,10.5,10.899999618530272,54900,0.6,11.34000015258789,11.399999618530272,10.399999618530272,11.2663,10.5816,5.765049,13.288959,21.744818,21.744821,74.314,74.98242,15088.903267,42256.416562,153995.87
2026-04-27,11.050000190734863,11.279999732971191,11.050000190734863,11.270000457763672,28200,0.23,10.899999618530272,11.130000114440918,10.489999771118164,11.2863,10.6076,5.765049,13.288959,21.744818,21.744821,74.314,74.98242,15088.903267,42256.416562,153995.87
2026-04-28,11.239999771118164,11.449999809265137,11.199999809265137,11.449999809265137,26400,0.25,11.270000457763672,11.4399995803833,10.670000076293944,11.2877,10.6336,5.765049,13.288959,21.744818,21.744821,74.314,74.98242,15088.903267,42256.416562,153995.87
2026-04-29,11.449999809265137,11.899999618530272,11.289999961853027,11.850000381469728,514900,0.61,11.449999809265137,11.303999900817873,10.43000030517578,11.3657,10.681,5.765049,13.288959,21.744818,21.744821,74.314,74.98242,15088.903267,42256.416562,153995.87
2026-04-30,11.779999732971191,11.779999732971191,11.604999542236328,11.720000267028809,126300,0.175,11.850000381469728,11.350000381469728,10.699999809265137,11.4186,10.715,5.765049,13.288959,21.744818,21.744821,74.314,74.98242,15088.903267,42256.416562,153995.87
2026-05-01,11.699999809265137,11.8100004196167,11.59000015258789,11.729999542236328,24600,0.22,11.720000267028809,11.399999618530272,10.020000457763672,11.4657,10.772,5.974089,13.275264,21.9032,21.903202,78.13,78.88932,15448.430374,43235.329688,164981.35
2026-05-04,11.829999923706056,11.829999923706056,11.56999969482422,11.789999961853027,81000,0.26,11.729999542236328,11.34000015258789,10.010000228881836,11.53,10.8313,5.974089,13.275264,21.9032,21.903202,78.13,78.88932,15448.430374,43235.329688,164981.35
2026-05-05,12.0,12.18000030517578,11.94200038909912,12.18000030517578,104500,0.238,11.789999961853027,10.899999618530272,9.989999771118164,11.7129,10.9043,5.974089,13.275264,21.9032,21.903202,78.13,78.88932,15448.430374,43235.329688,164981.35
2026-05-06,12.1899995803833,12.300000190734863,12.020000457763672,12.109999656677246,129400,0.28,12.18000030517578,11.270000457763672,9.800000190734863,11.8329,10.9813,5.974089,13.275264,21.9032,21.903202,78.13,78.88932,15448.430374,43235.329688,164981.35
2026-05-07,12.050000190734863,12.15999984741211,11.979999542236328,12.100000381469728,217500,0.18,12.109999656677246,11.449999809265137,10.0,11.9257,11.0513,5.974089,13.275264,21.9032,21.903202,78.13,78.88932,15448.430374,43235.329688,164981.35
2026-05-08,11.890000343322754,12.15999984741211,11.890000343322754,12.105999946594238,36900,0.27,12.100000381469728,11.850000381469728,10.0,11.9623,11.1215,5.974089,13.275264,21.9032,21.903202,78.13,78.88932,15448.430374,43235.329688,164981.35
2026-05-11,12.5,12.6850004196167,12.5,12.649999618530272,72900,0.185,12.105999946594238,11.720000267028809,9.93000030517578,12.0951,11.2122,5.974089,13.275264,21.9032,21.903202,78.13,78.88932,15448.430374,43235.329688,164981.35
2026-05-12,13.010000228881836,13.34000015258789,12.949999809265137,13.289999961853027,123500,0.39,12.649999618530272,11.729999542236328,9.9399995803833,12.318,11.3238,5.974089,13.275264,21.9032,21.903202,78.13,78.88932,15448.430374,43235.329688,164981.35
2026-05-13,13.260000228881836,13.329999923706056,12.581000328063965,13.329999923706056,182100,0.749,13.289999961853027,11.789999961853027,9.970000267028809,12.538,11.4358,5.974089,13.275264,21.9032,21.903202,78.13,78.88932,15448.430374,43235.329688,164981.35
2026-05-14,13.119999885559082,13.14799976348877,12.949999809265137,12.949999809265137,20900,0.198,13.329999923706056,12.18000030517578,10.324999809265137,12.648,11.5233,5.974089,13.275264,21.9032,21.903202,78.13,78.88932,15448.430374,43235.329688,164981.35
2026-05-15,12.710000038146973,13.199999809265137,12.710000038146973,13.18000030517578,95600,0.49,12.949999809265137,12.109999656677246,10.449999809265137,12.8009,11.6143,5.974089,13.275264,21.9032,21.903202,78.13,78.88932,15448.430374,43235.329688,164981.35
2026-05-18,12.8100004196167,12.899999618530272,12.628999710083008,12.850000381469728,71400,0.271,13.18000030517578,12.100000381469728,9.9399995803833,12.908,11.7113,5.974089,13.275264,21.9032,21.903202,78.13,78.88932,15448.430374,43235.329688,164981.35
2026-05-19,12.8100004196167,12.8100004196167,12.5600004196167,12.649999618530272,50800,0.25,12.850000381469728,12.105999946594238,10.4399995803833,12.9857,11.785,5.974089,13.275264,21.9032,21.903202,78.13,78.88932,15448.430374,43235.329688,164981.35
2026-05-20,12.220000267028809,12.380000114440918,12.039999961853027,12.109999656677246,109800,0.34,12.649999618530272,12.649999618530272,10.600000381469728,12.9086,11.8353,5.974089,13.275264,21.9032,21.903202,78.13,78.88932,15448.430374,43235.329688,164981.35
2026-05-21,12.300000190734863,12.579999923706056,12.300000190734863,12.5,53400,0.28,12.109999656677246,13.289999961853027,10.300000190734863,12.7957,11.9087,5.974089,13.275264,21.9032,21.903202,78.13,78.88932,15448.430374,43235.329688,164981.35
2026-05-22,12.529999732971191,12.755000114440918,12.529999732971191,12.675000190734863,44300,0.225,12.5,13.329999923706056,10.699999809265137,12.7021,11.9745,5.974089,13.275264,21.9032,21.903202,78.13,78.88932,15448.430374,43235.329688,164981.35
2026-05-26,13.039999961853027,13.039999961853027,12.729999542236328,12.880000114440918,112000,0.31,12.675000190734863,12.949999809265137,11.0600004196167,12.6921,12.0352,5.974089,13.275264,21.9032,21.903202,78.13,78.88932,15448.430374,43235.329688,164981.35
2026-05-27,12.8100004196167,12.89799976348877,12.75,12.875,39500,0.148,12.880000114440918,13.18000030517578,11.420000076293944,12.6486,12.0837,5.974089,13.275264,21.9032,21.903202,78.13,78.88932,15448.430374,43235.329688,164981.35
2026-05-28,12.899999618530272,13.149999618530272,12.899999618530272,13.149999618530272,86000,0.25,12.875,12.850000381469728,11.399999618530272,12.6914,12.142,5.974089,13.275264,21.9032,21.903202,78.13,78.88932,15448.430374,43235.329688,164981.35
2026-05-29,13.0,13.149999618530272,12.869999885559082,12.9399995803833,67600,0.28,13.149999618530272,12.649999618530272,11.130000114440918,12.7329,12.2023,5.974089,13.275264,21.9032,21.903202,78.13,78.88932,15448.430374,43235.329688,164981.35
2026-06-01,13.0,13.199999809265137,12.93000030517578,13.03499984741211,59500,0.27,12.9399995803833,12.109999656677246,11.4399995803833,12.865,12.2555,4.895721,12.123824,19.688639,19.68864,80.09,80.84277,15369.78382,45160.5255,166464.25
2026-06-02,12.949999809265137,13.0,12.579999923706056,12.9399995803833,194800,0.42,13.03499984741211,12.5,11.303999900817873,12.9279,12.31,4.895721,12.123824,19.688639,19.68864,80.09,80.84277,15369.78382,45160.5255,166464.25
2026-06-03,12.34000015258789,12.789999961853027,12.34000015258789,12.619999885559082,52200,0.45,12.9399995803833,12.675000190734863,11.350000381469728,12.92,12.3524,4.895721,12.123824,19.688639,19.68864,80.09,80.84277,15369.78382,45160.5255,166464.25
2026-06-04,12.449999809265137,12.760000228881836,12.3100004196167,12.65999984741211,57200,0.45,12.619999885559082,12.880000114440918,11.399999618530272,12.8886,12.3944,4.895721,12.123824,19.688639,19.68864,80.09,80.84277,15369.78382,45160.5255,166464.25
2026-06-05,12.630000114440918,12.800000190734863,12.630000114440918,12.699999809265137,22800,0.17,12.65999984741211,12.875,11.34000015258789,12.8636,12.4397,4.895721,12.123824,19.688639,19.68864,80.09,80.84277,15369.78382,45160.5255,166464.25
2026-06-08,12.5,12.586000442504885,12.119999885559082,12.369999885559082,194900,0.466,12.699999809265137,13.149999618530272,10.899999618530272,12.7521,12.4887,4.895721,12.123824,19.688639,19.68864,80.09,80.84277,15369.78382,45160.5255,166464.25
2026-06-09,12.369999885559082,12.53600025177002,12.369999885559082,12.369999885559082,25800,0.166,12.369999885559082,12.9399995803833,11.270000457763672,12.6707,12.5254,4.895721,12.123824,19.688639,19.68864,80.09,80.84277,15369.78382,45160.5255,166464.25
2026-06-10,12.489999771118164,12.770000457763672,12.399999618530272,12.5,103100,0.37,12.369999885559082,13.03499984741211,11.449999809265137,12.5943,12.5604,4.895721,12.123824,19.688639,19.68864,80.09,80.84277,15369.78382,45160.5255,166464.25
2026-06-11,12.5,12.630000114440918,12.399999618530272,12.520000457763672,26900,0.23,12.5,12.9399995803833,11.850000381469728,12.5343,12.5827,4.895721,12.123824,19.688639,19.68864,80.09,80.84277,15369.78382,45160.5255,166464.25
2026-06-12,12.520000457763672,12.579999923706056,12.31999969482422,12.31999969482422,46900,0.26,12.520000457763672,12.619999885559082,11.720000267028809,12.4914,12.6027,4.895721,12.123824,19.688639,19.68864,80.09,80.84277,15369.78382,45160.5255,166464.25
2026-06-15,12.09000015258789,12.310999870300291,11.850000381469728,11.989999771118164,201100,0.461,12.31999969482422,12.65999984741211,11.729999542236328,12.3957,12.6114,4.895721,12.123824,19.688639,19.68864,80.09,80.84277,15369.78382,45160.5255,166464.25
2026-06-16,11.90999984741211,12.329999923706056,11.399999618530272,12.130000114440918,56600,0.93,11.989999771118164,12.699999809265137,11.789999961853027,12.3143,12.6227,4.895721,12.123824,19.688639,19.68864,80.09,80.84277,15369.78382,45160.5255,166464.25
2026-06-17,11.989999771118164,12.21500015258789,11.880000114440918,11.880000114440918,20100,0.335,12.130000114440918,12.369999885559082,12.18000030517578,12.2443,12.6127,4.895721,12.123824,19.688639,19.68864,80.09,80.84277,15369.78382,45160.5255,166464.25
2026-06-18,11.739999771118164,11.800000190734863,11.1850004196167,11.56999969482422,101000,0.615,11.880000114440918,12.369999885559082,12.109999656677246,12.13,12.5947,4.895721,12.123824,19.688639,19.68864,80.09,80.84277,15369.78382,45160.5255,166464.25
2026-06-22,11.550000190734863,11.6899995803833,11.550000190734863,11.579999923706056,42400,0.14,11.56999969482422,12.5,12.100000381469728,11.9986,12.5774,4.895721,12.123824,19.688639,19.68864,80.09,80.84277,15369.78382,45160.5255,166464.25
2026-06-23,11.699999809265137,11.899999618530272,11.699999809265137,11.770000457763672,42400,0.2,11.579999923706056,12.520000457763672,12.105999946594238,11.8914,12.5662,4.895721,12.123824,19.688639,19.68864,80.09,80.84277,15369.78382,45160.5255,166464.25
2026-06-24,11.699999809265137,11.859999656677246,11.574999809265137,11.699999809265137,33100,0.285,11.770000457763672,12.31999969482422,12.649999618530272,11.8029,12.5345,4.895721,12.123824,19.688639,19.68864,80.09,80.84277,15369.78382,45160.5255,166464.25
2026-06-25,11.43000030517578,11.5649995803833,11.31999969482422,11.399999618530272,71700,0.245,11.699999809265137,11.989999771118164,13.289999961853027,11.7186,12.4715,4.895721,12.123824,19.688639,19.68864,80.09,80.84277,15369.78382,45160.5255,166464.25
2026-06-26,11.295000076293944,11.295000076293944,11.220000267028809,11.270000457763672,29000,0.075,11.399999618530272,12.130000114440918,13.329999923706056,11.5957,12.4028,4.895721,12.123824,19.688639,19.68864,80.09,80.84277,15369.78382,45160.5255,166464.25
2026-06-29,11.579999923706056,11.654999732971191,11.550000190734863,11.630000114440918,28400,0.105,11.270000457763672,11.880000114440918,12.949999809265137,11.56,12.3588,4.895721,12.123824,19.688639,19.68864,80.09,80.84277,15369.78382,45160.5255,166464.25
2026-06-30,11.949999809265137,11.98799991607666,11.800000190734863,11.869999885559082,120000,0.188,11.630000114440918,11.56999969482422,13.18000030517578,11.6029,12.3152,4.895721,12.123824,19.688639,19.68864,80.09,80.84277,15369.78382,45160.5255,166464.25
2026-07-01,11.920000076293944,12.119999885559082,11.920000076293944,12.052000045776367,6600,0.2,11.869999885559082,11.579999923706056,12.850000381469728,11.6703,12.2886,4.895721,12.123824,19.688639,19.68864,69.815,70.474459,15841.663147,42158.52525,170701.91
2026-07-02,12.149999618530272,12.43000030517578,12.149999618530272,12.270000457763672,46200,0.28,12.052000045776367,11.770000457763672,12.649999618530272,11.7417,12.2759,4.895721,12.123824,19.688639,19.68864,69.815,70.474459,15841.663147,42158.52525,170701.91
2026-07-06,12.779999732971191,13.0,12.777999877929688,12.960000038146973,97700,0.222,12.270000457763672,11.699999809265137,12.109999656677246,11.9217,12.3042,4.895721,12.123824,19.688639,19.68864,69.815,70.474459,15841.663147,42158.52525,170701.91
2026-07-07,12.869999885559082,12.979999542236328,12.739999771118164,12.760000228881836,24800,0.24,12.960000038146973,11.399999618530272,12.5,12.116,12.3129,4.895721,12.123824,19.688639,19.68864,69.815,70.474459,15841.663147,42158.52525,170701.91
2026-07-08,12.678000450134276,12.920000076293944,12.260000228881836,12.835000038146973,14300,0.66,12.760000228881836,11.270000457763672,12.675000190734863,12.3396,12.3182,4.895721,12.123824,19.688639,19.68864,69.815,70.474459,15841.663147,42158.52525,170701.91
2026-07-09,13.0,13.0,12.859999656677246,12.949999809265137,33400,0.14,12.835000038146973,11.630000114440918,12.880000114440918,12.5281,12.3206,4.895721,12.123824,19.688639,19.68864,69.815,70.474459,15841.663147,42158.52525,170701.91
2026-07-10,12.979999542236328,12.979999542236328,12.880000114440918,12.890000343322754,7500,0.1,12.949999809265137,11.869999885559082,12.875,12.6739,12.3211,4.895721,12.123824,19.688639,19.68864,69.815,70.474459,15841.663147,42158.52525,170701.91
2026-07-13,13.029999732971191,13.949999809265137,13.029999732971191,13.329999923706056,138300,0.92,12.890000343322754,12.052000045776367,13.149999618530272,12.8564,12.3271,4.895721,12.123824,19.688639,19.68864,69.815,70.474459,15841.663147,42158.52525,170701.91
2026-07-14,13.520000457763672,13.520000457763672,13.06999969482422,13.100000381469728,18000,0.45,13.329999923706056,12.270000457763672,12.9399995803833,12.975,12.3324,4.895721,12.123824,19.688639,19.68864,69.815,70.474459,15841.663147,42158.52525,170701.91
2026-07-15,12.880000114440918,12.989999771118164,12.84000015258789,12.84000015258789,30900,0.15,13.100000381469728,12.960000038146973,13.03499984741211,12.9579,12.3259,4.895721,12.123824,19.688639,19.68864,69.815,70.474459,15841.663147,42158.52525,170701.91
2026-07-16,12.649999618530272,12.812000274658203,12.300000190734863,12.649999618530272,21000,0.512,12.84000015258789,12.760000228881836,12.9399995803833,12.9421,12.3162,4.895721,12.123824,19.688639,19.68864,69.815,70.474459,15841.663147,42158.52525,170701.91
2026-07-17,12.449999809265137,12.920000076293944,12.449999809265137,12.65999984741211,13000,0.47,12.649999618530272,12.835000038146973,12.619999885559082,12.9171,12.3176,4.895721,12.123824,19.688639,19.68864,69.815,70.474459,15841.663147,42158.52525,170701.91
2026-07-20,12.300000190734863,12.520000457763672,11.317999839782717,12.1899995803833,169500,1.202,12.65999984741211,12.949999809265137,12.65999984741211,12.8086,12.3019,4.895721,12.123824,19.688639,19.68864,69.815,70.474459,15841.663147,42158.52525,170701.91
2026-07-21,12.6899995803833,12.6899995803833,12.510000228881836,12.619999885559082,23700,0.18,12.1899995803833,12.890000343322754,12.699999809265137,12.77,12.2992,4.895721,12.123824,19.688639,19.68864,69.815,70.474459,15841.663147,42158.52525,170701.91
2026-07-22,12.510000228881836,12.75,12.510000228881836,12.510000228881836,8700,0.24,12.619999885559082,13.329999923706056,12.369999885559082,12.6529,12.3039,4.895721,12.123824,19.688639,19.68864,69.815,70.474459,15841.663147,42158.52525,170701.91
2026-07-23,12.729999542236328,12.899999618530272,12.670000076293944,12.68000030517578,26900,0.23,12.510000228881836,13.100000381469728,12.369999885559082,12.5929,12.3142,4.895721,12.123824,19.688639,19.68864,69.815,70.474459,15841.663147,42158.52525,170701.91
2026-07-24,12.880000114440918,12.880000114440918,12.550000190734863,12.56999969482422,6700,0.33,12.68000030517578,12.84000015258789,12.5,12.5543,12.3166,4.895721,12.123824,19.688639,19.68864,69.815,70.474459,15841.663147,42158.52525,170701.91
2026-07-27,12.399999618530272,12.710000038146973,12.380000114440918,12.380000114440918,6300,0.33,12.56999969482422,12.649999618530272,12.520000457763672,12.5157,12.3119,4.895721,12.123824,19.688639,19.68864,69.815,70.474459,15841.663147,42158.52525,170701.91
2026-07-28,12.529999732971191,12.829999923706056,12.529999732971191,12.609999656677246,19400,0.3,12.380000114440918,12.65999984741211,12.31999969482422,12.5086,12.3216,4.895721,12.123824,19.688639,19.68864,69.815,70.474459,15841.663147,42158.52525,170701.91
2026-07-29,12.75,12.989999771118164,12.734000205993652,12.779999732971191,8500,0.256,12.609999656677246,12.1899995803833,11.989999771118164,12.5929,12.3479,4.895721,12.123824,19.688639,19.68864,69.815,70.474459,15841.663147,42158.52525,170701.91
2026-07-30,13.130000114440918,13.489999771118164,13.130000114440918,13.359999656677246,36700,0.36,12.779999732971191,12.619999885559082,12.130000114440918,12.6986,12.3889,4.895721,12.123824,19.688639,19.68864,69.815,70.474459,15841.663147,42158.52525,170701.91
2026-07-31,13.5600004196167,13.5600004196167,13.289999961853027,13.420000076293944,11400,0.27,13.359999656677246,12.510000228881836,11.880000114440918,12.8286,12.4402,4.895721,12.123824,19.688639,19.68864,69.815,70.474459,15841.663147,42158.52525,170701.91
2026-08-03,13.789999961853027,14.0,13.789999961853027,13.949999809265137,39500,0.21,13.420000076293944,12.68000030517578,11.56999969482422,13.01,12.5196,4.895721,12.123824,19.688639,19.68864,69.815,70.474459,15841.663147,42158.52525,169098.76
2026-08-04,14.0,14.100000381469728,13.729999542236328,13.90999984741211,53700,0.37,13.949999809265137,12.56999969482422,11.579999923706056,13.2014,12.5972,4.895721,12.123824,19.688639,19.68864,69.815,70.474459,15841.663147,42158.52525,169098.76
2026-08-05,14.0600004196167,14.15999984741211,13.93299961090088,13.970000267028809,66600,0.227,13.90999984741211,12.380000114440918,11.770000457763672,13.4286,12.6706,4.895721,12.123824,19.688639,19.68864,69.815,70.474459,15841.663147,42158.52525,169098.76
2026-08-06,13.949999809265137,14.0,13.640000343322754,13.9399995803833,10300,0.36,13.970000267028809,12.609999656677246,11.699999809265137,13.6186,12.7452,4.895721,12.123824,19.688639,19.68864,69.815,70.474459,15841.663147,42158.52525,169098.76
2026-08-07,14.119999885559082,14.119999885559082,13.729999542236328,13.760000228881836,15100,0.39,13.9399995803833,12.779999732971191,11.399999618530272,13.7586,12.8239,4.895721,12.123824,19.688639,19.68864,69.815,70.474459,15841.663147,42158.52525,169098.76
2026-08-10,13.899999618530272,14.119999885559082,13.748000144958496,13.800000190734863,106200,0.372,13.760000228881836,13.359999656677246,11.270000457763672,13.8214,12.9082,4.895721,12.123824,19.688639,19.68864,69.815,70.474459,15841.663147,42158.52525,169098.76
2026-08-11,13.960000038146973,14.0,13.75,13.789999961853027,16300,0.25,13.800000190734863,13.420000076293944,11.630000114440918,13.8743,12.9802,4.895721,12.123824,19.688639,19.68864,69.815,70.474459,15841.663147,42158.52525,169098.76
2026-08-12,13.729999542236328,13.9399995803833,13.630000114440918,13.670000076293944,17300,0.31,13.789999961853027,13.949999809265137,11.869999885559082,13.8343,13.0402,4.895721,12.123824,19.688639,19.68864,69.815,70.474459,15841.663147,42158.52525,169098.76
2026-08-13,13.770000457763672,14.164999961853027,13.770000457763672,13.890000343322754,19300,0.395,13.670000076293944,13.90999984741211,12.052000045776367,13.8314,13.1015,4.895721,12.123824,19.688639,19.68864,69.815,70.474459,15841.663147,42158.52525,169098.76
2026-08-14,13.93000030517578,14.3100004196167,13.93000030517578,14.286999702453612,20800,0.38,13.890000343322754,13.970000267028809,12.270000457763672,13.8767,13.1687,4.895721,12.123824,19.688639,19.68864,69.815,70.474459,15841.663147,42158.52525,169098.76
2026-08-17,14.1899995803833,14.345999717712402,14.0,14.0,28200,0.346,14.286999702453612,13.9399995803833,12.960000038146973,13.8853,13.2034,4.895721,12.123824,19.688639,19.68864,69.815,70.474459,15841.663147,42158.52525,169098.76
2026-08-18,13.609999656677246,13.81999969482422,12.65999984741211,13.81999969482422,17100,1.16,14.0,13.760000228881836,12.760000228881836,13.8939,13.2387,4.895721,12.123824,19.688639,19.68864,69.815,70.474459,15841.663147,42158.52525,169098.76
2026-08-19,13.670000076293944,14.005000114440918,13.670000076293944,14.005000114440918,21100,0.335,13.81999969482422,13.800000190734863,12.835000038146973,13.9231,13.2777,4.895721,12.123824,19.688639,19.68864,69.815,70.474459,15841.663147,42158.52525,169098.76
2026-08-20,14.109999656677246,14.289999961853027,14.109999656677246,14.1899995803833,21000,0.18,14.005000114440918,13.789999961853027,12.949999809265137,13.9803,13.3191,4.895721,12.123824,19.688639,19.68864,69.815,70.474459,15841.663147,42158.52525,169098.76
2026-08-21,14.402000427246094,14.800000190734863,14.402000427246094,14.75,45900,0.398,14.1899995803833,13.670000076293944,12.890000343322754,14.1346,13.3811,4.895721,12.123824,19.688639,19.68864,69.815,70.474459,15841.663147,42158.52525,169098.76
2026-08-24,14.800000190734863,14.800000190734863,14.526000022888184,14.6899995803833,27500,0.274,14.75,13.890000343322754,13.329999923706056,14.2489,13.4264,4.895721,12.123824,19.688639,19.68864,69.815,70.474459,15841.663147,42158.52525,169098.76
2026-08-25,14.729999542236328,15.149999618530272,14.699999809265137,15.0649995803833,75100,0.45,14.6899995803833,14.286999702453612,13.100000381469728,14.36,13.4919,4.895721,12.123824,19.688639,19.68864,69.815,70.474459,15841.663147,42158.52525,169098.76
2026-08-26,15.369999885559082,15.369999885559082,14.90999984741211,15.0600004196167,34400,0.46,15.0649995803833,14.0,12.84000015258789,14.5114,13.5659,4.895721,12.123824,19.688639,19.68864,69.815,70.474459,15841.663147,42158.52525,169098.76
2026-08-27,15.140000343322754,15.140000343322754,14.779999732971191,14.81999969482422,20900,0.36,15.0600004196167,13.81999969482422,12.649999618530272,14.6543,13.6382,4.895721,12.123824,19.688639,19.68864,69.815,70.474459,15841.663147,42158.52525,169098.76
2026-08-28,15.029999732971191,15.550000190734863,15.029999732971191,15.520000457763672,59800,0.52,14.81999969482422,14.005000114440918,12.65999984741211,14.8707,13.7336,4.895721,12.123824,19.688639,19.68864,69.815,70.474459,15841.663147,42158.52525,169098.76
2026-08-31,15.550000190734863,15.550000190734863,15.295000076293944,15.470000267028809,119000,0.255,15.520000457763672,14.1899995803833,12.1899995803833,15.0536,13.8429,4.895721,12.123824,19.688639,19.68864,69.815,70.474459,15841.663147,42158.52525,169098.76
2026-09-01,15.550000190734863,15.800000190734863,15.31999969482422,15.795000076293944,86000,0.48,15.470000267028809,14.75,12.619999885559082,15.2029,13.9487,4.895721,12.123824,19.688639,19.68864,69.815,70.474459,15841.663147,42158.52525,169098.76
2026-09-02,16.25,16.600000381469727,16.15999984741211,16.579999923706055,163300,0.44,15.795000076293944,14.6899995803833,12.510000228881836,15.4729,14.0844,4.895721,12.123824,19.688639,19.68864,69.815,70.474459,15841.663147,42158.52525,169098.76
2026-09-03,16.15999984741211,16.18000030517578,15.920000076293944,16.139999389648438,87300,0.26,16.579999923706055,15.0649995803833,12.68000030517578,15.6264,14.1997,4.895721,12.123824,19.688639,19.68864,69.815,70.474459,15841.663147,42158.52525,169098.76
